sample_id,attack_probability,anomaly_score,ERS,risk_score,threat_level
0,0.9999762773513794,0.005388850955705404,0.6628896594047546,0.9306811528941102,High
1,0.999961256980896,0.1074584490893184,0.6628896594047546,0.8949500284201637,High
2,0.9999579191207886,0.10069886884330598,0.6628896594047546,0.8973143913901487,High
3,0.9999592304229736,0.10791485217308977,0.6628896594047546,0.8947893634688496,High
4,0.9999696016311646,0.026039317128246142,0.6628896594047546,0.9234504796991598,High
5,0.9999338388442993,0.02200552752803453,0.6628896594047546,0.9248462128051446,High
6,0.9999550580978394,0.10184140520330953,0.6628896594047546,0.8969131923619623,High
7,0.999971866607666,0.027122924076686483,0.6628896594047546,0.9230722305461668,High
8,0.9999762773513794,0.026878414106785375,0.6628896594047546,0.9231598057912322,High
9,0.9999755620956421,0.034314786023171284,0.6628896594047546,0.9205567477949509,High
10,0.9999421834945679,0.07469459094716246,0.6628896594047546,0.9064087957010706,High
11,0.9999681711196899,0.02169643109103858,0.6628896594047546,0.92496983416109,High
12,0.9999457597732544,0.006255942677865334,0.6628896594047546,0.9303639319207335,High
13,0.9998898506164551,0.03781070546945908,0.6628896594047546,0.9192946117835805,High
14,0.9999487400054932,0.0765226964066894,0.6628896594047546,0.9057719092201525,High
15,0.9999701976776123,0.08456388022922445,0.6628896594047546,0.9029671508347189,High
16,0.999951958656311,0.10184140520330953,0.6628896594047546,0.8969118214551325,High
17,0.9999455213546753,0.1037248917047433,0.6628896594047546,0.8962496805520367,High
18,0.9999250173568726,0.0243645943837838,0.6628896594047546,0.9240165756967548,High
19,0.9999294281005859,0.023540678920781488,0.6628896594047546,0.9243069130620831,High
20,0.998687207698822,0.15531165328942598,0.6628896594047546,0.877628099674354,High
21,0.9998977184295654,0.10415474005860814,0.6628896594047546,0.8960777461537425,High
22,0.9999604225158691,0.11286285289342585,0.6628896594047546,0.893058099658535,High
23,0.9999039173126221,0.08178333088420431,0.6628896594047546,0.9039105109807658,High
24,0.9999362230300903,0.018523895578789973,0.6628896594047546,0.9260658568709861,High
25,0.9999592304229736,0.07513548367270384,0.6628896594047546,0.9062621424439848,High
26,0.9999337196350098,0.0005433841464437261,0.6628896594047546,0.9323579033840566,High
27,0.9999250173568726,0.012547735477845823,0.6628896594047546,0.928152476313833,High
28,0.9999592304229736,0.10487307168345145,0.6628896594047546,0.8958539866402232,High
29,0.9999527931213379,0.06488665842314534,0.6628896594047546,0.9098463404560586,High
30,0.9999185800552368,0.03204787520074426,0.6628896594047546,0.921324536585547,High
31,0.9999362230300903,0.01877729011342122,0.6628896594047546,0.9259771687838652,High
32,0.9999542236328125,0.07513548367270384,0.6628896594047546,0.9062599072698058,High
33,0.9999755620956421,0.025898674589835524,0.6628896594047546,0.9235023867966184,High
34,0.9999362230300903,0.02011022859387024,0.6628896594047546,0.925510640315708,High
35,0.9970646500587463,0.13929178139287068,0.6628896594047546,0.8825048979396498,High
36,0.9999592304229736,0.07608790951159572,0.6628896594047546,0.9059287934003727,High
37,0.9999762773513794,0.03790669862256191,0.6628896594047546,0.9192999062107104,High
38,0.999961256980896,0.10124389922183141,0.6628896594047546,0.8971251208737842,High
39,0.9999725818634033,0.025542719469796582,0.6628896594047546,0.9236256299841247,High
40,0.9999592304229736,0.07737483949042057,0.6628896594047546,0.9054783679077839,High
41,0.998903751373291,0.06560631787871751,0.6628896594047546,0.9091223908599874,High
42,0.9998666048049927,-0.011641696450037764,0.6628896594047546,0.9325178980827331,High
43,0.9999762773513794,0.026878414106785375,0.6628896594047546,0.9231598057912322,High
44,0.9999762773513794,0.026878414106785375,0.6628896594047546,0.9231598057912322,High
45,0.9999592304229736,0.07513548367270384,0.6628896594047546,0.9062621424439848,High
46,0.9999762773513794,0.037297543410623524,0.6628896594047546,0.9195131105348889,High
47,0.9846007227897644,0.07624038381404541,0.6628896594047546,0.8989641198211967,High
48,0.9999362230300903,0.01877729011342122,0.6628896594047546,0.9259771687838652,High
49,0.9999501705169678,0.09869018097839477,0.6628896594047546,0.8980139452711482,High
50,0.9999527931213379,0.07534463753445275,0.6628896594047546,0.906186047767101,High
51,0.9999362230300903,0.019983846263373684,0.6628896594047546,0.9255548741313818,High
52,0.9999349117279053,0.023619928870598605,0.6628896594047546,0.9242816491724053,High
53,0.9000654220581055,0.1640521296135905,0.6628896594047546,0.8301891026004838,High
54,0.9999655485153198,0.037788806334021485,0.6628896594047546,0.9193363405354728,High
55,0.9999462366104126,0.08453586283030401,0.6628896594047546,0.9029661684836366,High
56,0.9998867511749268,0.10415474005860814,0.6628896594047546,0.8960727989682261,High
57,0.9994526505470276,-0.004113891846914131,0.6628896594047546,0.9323316037654876,High
58,0.9999504089355469,0.0765226964066894,0.6628896594047546,0.9057726542782122,High
59,0.9999362230300903,0.018903944526362015,0.6628896594047546,0.9259328397393359,High
60,0.9999592304229736,0.10487307168345145,0.6628896594047546,0.8958539866402232,High
61,0.9999051094055176,0.06225303941547933,0.6628896594047546,0.9107466494366226,High
62,0.9924368262290955,0.1828412102851506,0.6628896594047546,0.8651800711435443,High
63,0.9999251365661621,0.04525411196241269,0.6628896594047546,0.9167053041488794,High
64,0.9999274015426636,0.009497946441059946,0.6628896594047546,0.9292209753603141,High
65,0.9999498128890991,0.0920755862813808,0.6628896594047546,0.9003288746011687,High
66,0.9999241828918457,0.09935819204547014,0.6628896594047546,0.8977684290849735,High
67,0.999908447265625,0.05219132238834123,0.6628896594047546,0.9142697703145627,High
68,0.9929989576339722,0.16075949400701978,0.6628896594047546,0.8731616339533169,High
69,0.9998935461044312,0.041415397466311066,0.6628896594047546,0.9180346385147361,High
70,0.9999592304229736,0.1037248917047433,0.6628896594047546,0.8962558496327709,High
71,0.9999438524246216,0.07513548367270384,0.6628896594047546,0.9062552283051909,High
72,0.9998793601989746,0.07122930885003187,0.6628896594047546,0.9075933620311204,High
73,0.9999667406082153,0.01980253352711714,0.6628896594047546,0.9256320724596924,High
74,0.9999291896820068,0.030814782749314373,0.6628896594047546,0.9217608873151294,High
75,0.9993975162506104,0.003908733470866621,0.6628896594047546,0.9309387515184577,High
76,0.9999527931213379,0.10482026617578627,0.6628896594047546,0.8958695777426343,High
77,0.9999250173568726,0.015248543819723182,0.6628896594047546,0.927207193394176,High
78,0.9999487400054932,0.0765226964066894,0.6628896594047546,0.9057719092201525,High
79,0.9999474287033081,0.1037248917047433,0.6628896594047546,0.8962505448193859,High
80,0.9999762773513794,0.026878414106785375,0.6628896594047546,0.9231598057912322,High
81,0.9999507665634155,0.07568415186623045,0.6628896594047546,0.9060663236813072,High
82,0.9990684390068054,0.13114038356579133,0.6628896594047546,0.8862595862452897,High
83,0.99992835521698,0.03007055596127839,0.6628896594047546,0.922020979260751,High
84,0.9998756647109985,0.023171741153222625,0.6628896594047546,0.9244118715972723,High
85,0.999863862991333,0.0806291463522969,0.6628896594047546,0.9042964451618889,High
86,0.9999423027038574,0.09750849760533659,0.6628896594047546,0.8984239879753545,High
87,0.9999593496322632,0.10176421785760131,0.6628896594047546,0.8969421450839155,High
88,0.9999250173568726,0.018650607133045116,0.6628896594047546,0.9260164712345132,High
89,0.9999498128890991,0.10220037357877204,0.6628896594047546,0.8967851990470819,High
90,0.9999510049819946,0.11473144789683787,0.6628896594047546,0.8923998594775618,High
91,0.9999375343322754,0.08621315508668165,0.6628896594047546,0.9023752120896718,High
92,0.9999592304229736,0.1037248917047433,0.6628896594047546,0.8962558496327709,High
93,0.9999592304229736,0.07411658574484414,0.6628896594047546,0.9066187567187357,High
94,0.9999630451202393,0.10273355979963872,0.6628896594047546,0.8966045443342561,High
95,0.9999438524246216,0.10195276387375535,0.6628896594047546,0.8968691802348228,High
96,0.9999592304229736,0.07513548367270384,0.6628896594047546,0.9062621424439848,High
97,0.9999203681945801,0.03204568004086694,0.6628896594047546,0.9213261095542086,High
98,0.9998676776885986,0.08178333088420431,0.6628896594047546,0.9038942091104197,High
99,0.9998111128807068,0.09926336221430904,0.6628896594047546,0.8977507469615641,High
100,0.9998794794082642,0.0320391913375766,0.6628896594047546,0.9213099627651246,High
101,0.9993295669555664,0.06343719996423913,0.6628896594047546,0.9100732110630075,High
102,0.9999592304229736,0.1037248917047433,0.6628896594047546,0.8962558496327709,High
103,0.9999407529830933,0.04703142751049394,0.6628896594047546,0.9160902472528121,High
104,0.9999755620956421,0.025898674589835524,0.6628896594047546,0.9235023867966184,High
105,0.9999442100524902,0.10915224765826748,0.6628896594047546,0.8943495397241779,High
106,0.999961256980896,0.10124389922183141,0.6628896594047546,0.8971251208737842,High
107,0.9999611377716064,0.10487307168345145,0.6628896594047546,0.8958548509075724,High
108,0.9999611377716064,0.07507093209931914,0.6628896594047546,0.9062855997620186,High
109,0.999961256980896,0.10124389922183141,0.6628896594047546,0.8971251208737842,High
110,0.9999536275863647,0.1058744867988024,0.6628896594047546,0.8955009879547696,High
111,0.9999583959579468,0.09485151454656293,0.6628896594047546,0.8993611740102655,High
112,0.6192551255226135,0.15385430998984811,0.6628896594047546,0.7073937209289834,High
113,0.9999203681945801,0.025288893562192882,0.6628896594047546,0.9236909848217444,High
114,0.9999494552612305,0.07534463753445275,0.6628896594047546,0.9061845576509816,High
115,0.9999438524246216,0.07513548367270384,0.6628896594047546,0.9062552283051909,High
116,0.9999547004699707,0.11357376150090803,0.6628896594047546,0.8928067186461909,High
117,0.9999362230300903,0.025363020946094106,0.6628896594047546,0.9236721629924297,High
118,0.9998927116394043,0.08163502073020579,0.6628896594047546,0.9039573829421819,High
119,0.9999393224716187,0.07429117483144776,0.6628896594047546,0.9065487098417081,High
120,0.999971866607666,0.027172924563458545,0.6628896594047546,0.9230547303757967,High
121,0.999908447265625,0.0823247805803799,0.6628896594047546,0.9037230599473491,High
122,0.9999644756317139,0.06605136088649399,0.6628896594047546,0.9094439696049492,High
123,0.8230719566345215,0.17390886303453978,0.6628896594047546,0.7920921983834677,High
124,0.999948263168335,0.09781790516021432,0.6628896594047546,0.8983183775401621,High
125,0.9999525547027588,0.07431497617233185,0.6628896594047546,0.9065463398368762,High
126,0.9999103546142578,0.075557536902085,0.6628896594047546,0.9060924296997793,High
127,0.990504801273346,0.14705590847668004,0.6628896594047546,0.8768355036254929,High
128,0.999940037727356,0.027191091003153867,0.6628896594047546,0.9230340670071572,High
129,0.9999512434005737,0.11956372560114825,0.6628896594047546,0.8907086814903428,High
130,0.9999548196792603,0.10290222867913579,0.6628896594047546,0.896541814738456,High
131,0.9999362230300903,0.020741712880298357,0.6628896594047546,0.9252896208154582,High
132,0.9999294281005859,0.02168875870040632,0.6628896594047546,0.9249550851392144,High
133,0.9999362230300903,0.02023658242472892,0.6628896594047546,0.9254664164749075,High
134,0.9999527931213379,0.10431917760217235,0.6628896594047546,0.8960449587433992,High
135,0.9998557567596436,0.07639806575903318,0.6628896594047546,0.9057736874861999,High
136,0.9999510049819946,0.10588015462806716,0.6628896594047546,0.8954978121216315,High
137,0.9999362230300903,0.01947803181642238,0.6628896594047546,0.9257319091878148,High
138,0.9999092817306519,0.10415474005860814,0.6628896594047546,0.8960829317578379,High
139,0.9999498128890991,0.1037431992627923,0.6628896594047546,0.8962452100576748,High
140,0.9999362230300903,0.018523895578789973,0.6628896594047546,0.9260658568709861,High
141,0.9999526739120483,0.06340837660401533,0.6628896594047546,0.9103636794881094,High
142,0.9999755620956421,0.025898674589835524,0.6628896594047546,0.9235023867966184,High
143,0.9999092817306519,0.10415474005860814,0.6628896594047546,0.8960829317578379,High
144,0.9681345224380493,0.11901923024480371,0.6628896594047546,0.8765817125505339,High
145,0.9998534917831421,0.040948029605601066,0.6628896594047546,0.9181801868609399,High
146,0.9999592304229736,0.07513548367270384,0.6628896594047546,0.9062621424439848,High
147,0.736933708190918,0.17904671999994531,0.6628896594047546,0.7515317366459542,High
148,0.9999573230743408,0.045944717713052974,0.6628896594047546,0.9164780760648358,High
149,0.9999290704727173,-0.002576377851214895,0.6628896594047546,0.9325460016727447,High
150,0.9999592304229736,0.07513548367270384,0.6628896594047546,0.9062621424439848,High
151,0.9999533891677856,0.09898091246683882,0.6628896594047546,0.8979136197616674,High
152,0.9998592138290405,0.05336281407702692,0.6628896594047546,0.9138375752956663,High
153,0.9999755620956421,0.025898674589835524,0.6628896594047546,0.9235023867966184,High
154,0.9999362230300903,0.025005926079157414,0.6628896594047546,0.9237971461958575,High
155,0.9999539852142334,0.11306422514846892,0.6628896594047546,0.8929847285439984,High
156,0.9999611377716064,0.11015162666542017,0.6628896594047546,0.8940073566638833,High
157,0.9999762773513794,0.026878414106785375,0.6628896594047546,0.9231598057912322,High
158,0.9999362230300903,0.018903944526362015,0.6628896594047546,0.9259328397393359,High
159,0.9999349117279053,0.024133270482662672,0.6628896594047546,0.924101979608183,High
160,0.9999592304229736,0.1037248917047433,0.6628896594047546,0.8962558496327709,High
161,0.9999327659606934,0.023289433433239304,0.6628896594047546,0.9243963689011646,High
162,0.9998382329940796,0.07835277226988435,0.6628896594047546,0.9050816425919693,High
163,0.9999362230300903,0.02480101066338003,0.6628896594047546,0.9238688665913796,High
164,0.9999592304229736,0.07513548367270384,0.6628896594047546,0.9062621424439848,High
165,0.9999535083770752,0.10260453591701246,0.6628896594047546,0.8966454111587514,High
166,0.9999592304229736,0.07608790951159572,0.6628896594047546,0.9059287934003727,High
167,0.9999592304229736,0.07513548367270384,0.6628896594047546,0.9062621424439848,High
168,0.9999512434005737,0.10315920376693888,0.6628896594047546,0.896450264132316,High
169,0.9999510049819946,0.0765226964066894,0.6628896594047546,0.9057729224991137,High
170,0.999947190284729,0.07571791056567134,0.6628896594047546,0.906052898811094,High
171,0.999962568283081,0.08447457775307377,0.6628896594047546,0.9029949794342971,High
172,0.9995173215866089,0.01479482219905226,0.6628896594047546,0.9271825328647921,High
173,0.9999349117279053,0.029260389937752596,0.6628896594047546,0.9223074877989014,High
174,0.9999728202819824,0.026039317128246142,0.6628896594047546,0.9234519400129568,High
175,0.9999592304229736,0.07513548367270384,0.6628896594047546,0.9062621424439848,High
176,0.999919056892395,0.027528835053167167,0.6628896594047546,0.9229064092534557,High
177,0.9999041557312012,0.039664713919484895,0.6628896594047546,0.9186521461277072,High
178,0.9999755620956421,0.025898674589835524,0.6628896594047546,0.9235023867966184,High
179,0.9998676776885986,0.08178333088420431,0.6628896594047546,0.9038942091104197,High
180,0.9999542236328125,0.04889676649358354,0.6628896594047546,0.9154434582824978,High
181,0.9999438524246216,0.0654907645249756,0.6628896594047546,0.9096308800068956,High
182,0.9998500347137451,0.07053792168372008,0.6628896594047546,0.9078221749128342,High
183,0.999940037727356,0.1041007411837146,0.6628896594047546,0.8961156894439609,High
184,0.9999604225158691,0.08655320355459928,0.6628896594047546,0.9022664769271244,High
185,0.9999362230300903,0.019983846263373684,0.6628896594047546,0.9255548741313818,High
186,0.9999438524246216,0.07513548367270384,0.6628896594047546,0.9062552283051909,High
187,0.9999349117279053,0.022131453962649483,0.6628896594047546,0.9248026153901875,High
188,0.9998867511749268,0.10415474005860814,0.6628896594047546,0.8960727989682261,High
189,0.9999762773513794,0.02686845484525291,0.6628896594047546,0.9231632915327687,High
190,0.9998995065689087,0.04788507140302267,0.6628896594047546,0.9157729348459019,High
191,0.9841319918632507,0.12580836469107987,0.6628896594047546,0.8814043856763746,High
192,0.9999517202377319,0.09483230508856183,0.6628896594047546,0.8993648872860046,High
193,0.9999172687530518,0.10910870766509179,0.6628896594047546,0.8943526491765775,High
194,0.9999349117279053,0.02869631408262774,0.6628896594047546,0.922504914348195,High
195,0.995830237865448,0.0827641675219623,0.6628896594047546,0.9017340773074835,High
196,0.9999524354934692,0.07543072576175469,0.6628896594047546,0.9061557678759334,High
197,0.9999558925628662,0.09978558301519819,0.6628896594047546,0.8976331175579924,High
198,0.9999438524246216,0.07513548367270384,0.6628896594047546,0.9062552283051909,High
199,0.9999438524246216,0.1037248917047433,0.6628896594047546,0.896248935493977,High
200,0.9998923540115356,0.08178333088420431,0.6628896594047546,0.9039053253766703,High
201,0.9998867511749268,0.11117193934006547,0.6628896594047546,0.893616779219716,High
202,0.9998186230659485,0.05122064409862448,0.6628896594047546,0.9145690659644835,High
203,0.9999592304229736,0.0660499053387964,0.6628896594047546,0.9094420948608524,High
204,0.9999750852584839,0.02650080607224803,0.6628896594047546,0.9232914321615173,High
205,0.9999039173126221,0.08178333088420431,0.6628896594047546,0.9039105109807658,High
206,0.9999593496322632,0.10176421785760131,0.6628896594047546,0.8969421450839155,High
207,0.9999592304229736,0.07513548367270384,0.6628896594047546,0.9062621424439848,High
208,0.99992835521698,0.023289433433239304,0.6628896594047546,0.9243943721455646,High
209,0.999961256980896,0.10124389922183141,0.6628896594047546,0.8971251208737842,High
210,0.9999362230300903,0.03115645047654969,0.6628896594047546,0.9216444626567702,High
211,0.9999592304229736,0.07513548367270384,0.6628896594047546,0.9062621424439848,High
212,0.9999102354049683,0.05201921813530341,0.6628896594047546,0.9143308114658304,High
213,0.9999494552612305,0.10482026617578627,0.6628896594047546,0.8958680876265149,High
214,0.9999562501907349,0.050290921617647255,0.6628896594047546,0.9149563980587471,High
215,0.9999592304229736,0.07608790951159572,0.6628896594047546,0.9059287934003727,High
216,0.9999469518661499,0.09689720496638726,0.6628896594047546,0.8986400265615538,High
217,0.9999487400054932,0.04948582319144412,0.6628896594047546,0.9152348148454884,High
218,0.9993467926979065,0.04488683295552598,0.6628896594047546,0.916573588119878,High
219,0.7520310282707214,0.15683845885109948,0.6628896594047546,0.766098425064194,High
220,0.9999592304229736,0.1037248917047433,0.6628896594047546,0.8962558496327709,High
221,0.9999592304229736,0.07513548367270384,0.6628896594047546,0.9062621424439848,High
222,0.9999589920043945,0.04969277710913911,0.6628896594047546,0.9151670003342652,High
223,0.9999122619628906,0.039664713919484895,0.6628896594047546,0.9186557820110385,High
224,0.9999662637710571,0.023379373859819585,0.6628896594047546,0.9243799697269898,High
225,0.9999611377716064,0.07608790951159572,0.6628896594047546,0.9059296576677219,High
226,0.9999512434005737,0.10315920376693888,0.6628896594047546,0.896450264132316,High
227,0.9999250173568726,0.018650607133045116,0.6628896594047546,0.9260164712345132,High
228,0.9996763467788696,0.0797534742883449,0.6628896594047546,0.9045185600095925,High
229,0.9999598264694214,0.04787182370807741,0.6628896594047546,0.9158046916525054,High
230,0.9999343156814575,0.08867161071602625,0.6628896594047546,0.9015132923056042,High
231,0.9999300241470337,0.08569551075604542,0.6628896594047546,0.9025529901406423,High
232,0.999947190284729,0.07571791056567134,0.6628896594047546,0.906052898811094,High
233,0.9998880624771118,0.09206302248876619,0.6628896594047546,0.9003054961641185,High
234,0.9999071359634399,0.03274199118779064,0.6628896594047546,0.9210764401883077,High
235,0.9999762773513794,0.010288511464873085,0.6628896594047546,0.9289662717159016,High
236,0.9999419450759888,0.07867092329057923,0.6628896594047546,0.9050169601715852,High
237,0.9999438524246216,0.07513548367270384,0.6628896594047546,0.9062552283051909,High
238,0.9999643564224243,0.08387982922341308,0.6628896594047546,0.9032039460823827,High
239,0.9999312162399292,0.003749785916523418,0.6628896594047546,0.9312345302762779,High
240,0.999908447265625,0.08356053306487687,0.6628896594047546,0.9032905465777753,High
241,0.9999362230300903,0.02525639750432984,0.6628896594047546,0.9237094811970471,High
242,0.971662163734436,0.022673559981409408,0.6628896594047546,0.9118901476470248,High
243,0.9999098777770996,0.049894334664283835,0.6628896594047546,0.915074341866753,High
244,0.9999362230300903,0.018903944526362015,0.6628896594047546,0.9259328397393359,High
245,0.9999362230300903,0.018903944526362015,0.6628896594047546,0.9259328397393359,High
246,0.9999691247940063,0.030132859043165205,0.6628896594047546,0.9220175314126814,High
247,0.99994957447052,0.0909117741261185,0.6628896594047546,0.9007361194485434,High
248,0.9998676776885986,0.08178333088420431,0.6628896594047546,0.9038942091104197,High
249,0.9999592304229736,0.0756496183449964,0.6628896594047546,0.9060821953086824,High
250,0.9999592304229736,0.10487307168345145,0.6628896594047546,0.8958539866402232,High
251,0.8849747180938721,0.15264391655205733,0.6628896594047546,0.8273911603881153,High
252,0.9999762773513794,0.02743818366445039,0.6628896594047546,0.9229638864460495,High
253,0.9999438524246216,0.1037248917047433,0.6628896594047546,0.896248935493977,High
254,0.9998880624771118,0.08326156435956417,0.6628896594047546,0.9033860065093392,High
255,0.9998986721038818,0.05438263270780008,0.6628896594047546,0.9134984009590387,High
256,0.9999583959579468,0.10097592492682439,0.6628896594047546,0.897217630377174,High
257,0.9999572038650513,0.08502295333961846,0.6628896594047546,0.902800633990893,High
258,0.9999533891677856,0.10315920376693888,0.6628896594047546,0.8964512178066324,High
259,0.9998819828033447,0.08200295383831474,0.6628896594047546,0.9038237783781169,High
260,0.9999362230300903,0.019730996077752527,0.6628896594047546,0.9256433716963491,High
261,0.9999762773513794,0.026878414106785375,0.6628896594047546,0.9231598057912322,High
262,0.9999611377716064,0.07693350224557005,0.6628896594047546,0.9056337002108309,High
263,0.9999727010726929,0.027339324437905765,0.6628896594047546,0.9229968778499312,High
264,0.9999507665634155,0.07431497617233185,0.6628896594047546,0.9065455351741717,High
265,0.9999494552612305,0.07534463753445275,0.6628896594047546,0.9061845576509816,High
266,0.9999300241470337,0.09547869888400418,0.6628896594047546,0.8991288742958566,High
267,0.999951958656311,0.06373521247770864,0.6628896594047546,0.9102489889090929,High
268,0.9999362230300903,0.019983846263373684,0.6628896594047546,0.9255548741313818,High
269,0.9999488592147827,0.10842703708976337,0.6628896594047546,0.8946054495857215,High
270,0.9999350309371948,0.03191994737728354,0.6628896594047546,0.9213767022997104,High
271,0.9998887777328491,0.03472249756841683,0.6628896594047546,0.920375007711787,High
272,0.9999039173126221,0.08750569255693358,0.6628896594047546,0.9019076843953107,High
273,0.9999641180038452,0.10319404891278083,0.6628896594047546,0.8964438499818145,High
274,0.99994957447052,0.0660499053387964,0.6628896594047546,0.9094377735241062,High
275,0.99992835521698,0.024042830045105545,0.6628896594047546,0.9241306833314115,High
276,0.9999195337295532,0.032039802442750065,0.6628896594047546,0.9213277792833584,High
277,0.9999063014984131,0.1050941446193488,0.6628896594047546,0.8957527990570713,High
278,0.99994957447052,0.07513548367270384,0.6628896594047546,0.9062578211072386,High
279,0.9999762773513794,0.026878414106785375,0.6628896594047546,0.9231598057912322,High
280,0.9999762773513794,0.026878414106785375,0.6628896594047546,0.9231598057912322,High
281,0.9999151229858398,0.025664366952761863,0.6628896594047546,0.9235571849492542,High
282,0.999961256980896,0.1079720197192558,0.6628896594047546,0.8947702786996856,High
283,0.9999203681945801,0.029975567229586275,0.6628896594047546,0.9220506490381567,High
284,0.9999592304229736,0.07411658574484414,0.6628896594047546,0.9066187567187357,High
285,0.9999701976776123,0.08718521761339809,0.6628896594047546,0.9020496827502581,High
286,0.38909798860549927,0.0327819945131308,0.6628896594047546,0.6461983167529008,Medium
287,0.9999336004257202,0.09608493651603217,0.6628896594047546,0.8989183004500558,High
288,0.9999592304229736,0.07513548367270384,0.6628896594047546,0.9062621424439848,High
289,0.9999560117721558,0.08444796093757856,0.6628896594047546,0.903001344889804,High
290,0.9999592304229736,0.07513548367270384,0.6628896594047546,0.9062621424439848,High
291,0.9998551607131958,0.07835277226988435,0.6628896594047546,0.9050892719865006,High
292,0.9999525547027588,0.07431497617233185,0.6628896594047546,0.9065463398368762,High
293,0.9999294281005859,0.024293735784051473,0.6628896594047546,0.9240433431599386,High
294,0.999962568283081,0.05667978307066701,0.6628896594047546,0.9127231575731395,High
295,0.9998844861984253,0.04304236025764774,0.6628896594047546,0.917461118619601,High
296,0.9999592304229736,0.1037248917047433,0.6628896594047546,0.8962558496327709,High
297,0.9997945427894592,0.11401193360455808,0.6628896594047546,0.89258129639438,High
298,0.9999338388442993,0.02200552752803453,0.6628896594047546,0.9248462128051446,High
299,0.9999611377716064,0.07507093209931914,0.6628896594047546,0.9062855997620186,High
300,0.9999715089797974,0.027172924563458545,0.6628896594047546,0.9230545813641847,High
301,0.9999701976776123,0.08684874822161481,0.6628896594047546,0.9021674470373823,High
302,0.9999039173126221,0.08178333088420431,0.6628896594047546,0.9039105109807658,High
303,0.9998923540115356,0.08178333088420431,0.6628896594047546,0.9039053253766703,High
304,0.9999548196792603,0.06488050098364084,0.6628896594047546,0.9098494194318792,High
305,0.9999673366546631,0.03460738250114559,0.6628896594047546,0.9204506435396839,High
306,0.9999300241470337,0.0854696653865945,0.6628896594047546,0.9026320360199501,High
307,0.9999592304229736,0.07608790951159572,0.6628896594047546,0.9059287934003727,High
308,0.999954342842102,0.08576636559384998,0.6628896594047546,0.9025391582020493,High
309,0.9989439845085144,0.057364276994179786,0.6628896594047546,0.9120252249815872,High
310,0.999950647354126,0.04302892218963039,0.6628896594047546,0.9174955944634725,High
311,0.9998766183853149,0.0691730807721469,0.6628896594047546,0.9083118199631622,High
312,0.9999507665634155,0.09606379137305071,0.6628896594047546,0.8989334498539202,High
313,0.9999488592147827,0.10557864695710895,0.6628896594047546,0.8956023861321505,High
314,0.9999290704727173,0.0021657101963691305,0.6628896594047546,0.9317880031040154,High
315,0.9999350309371948,0.08422551259959754,0.6628896594047546,0.9030697544719005,High
316,0.9998809099197388,0.0823247805803799,0.6628896594047546,0.9037106621812359,High
317,0.9999611377716064,0.0466941153139655,0.6628896594047546,0.9162174856368924,High
318,0.9999349117279053,0.028304421254744194,0.6628896594047546,0.9226420768379543,High
319,0.9999681711196899,0.02169643109103858,0.6628896594047546,0.92496983416109,High
320,0.8894690275192261,0.1836927301289369,0.6628896594047546,0.8185465208380812,High
321,0.9999592304229736,0.1037248917047433,0.6628896594047546,0.8962558496327709,High
322,0.9999593496322632,0.06353531798265732,0.6628896594047546,0.9103222600401458,High
323,0.9999762773513794,0.027339324437905765,0.6628896594047546,0.9229984871753402,High
324,0.9999592304229736,0.07513548367270384,0.6628896594047546,0.9062621424439848,High
325,0.9999535083770752,0.11064531484044371,0.6628896594047546,0.8938311385355505,High
326,0.9999755620956421,0.025898674589835524,0.6628896594047546,0.9235023867966184,High
327,0.9999039173126221,0.08178333088420431,0.6628896594047546,0.9039105109807658,High
328,0.9999513626098633,0.1009739031148299,0.6628896594047546,0.8972151789651989,High
329,0.9999592304229736,0.08100483896069738,0.6628896594047546,0.904207868093187,High
330,0.9999452829360962,0.09949417277536071,0.6628896594047546,0.8977303427703535,High
331,0.9999644756317139,0.10230451547863201,0.6628896594047546,0.896755365497701,High
332,0.9999762773513794,-0.0012224009482044718,0.6628896594047546,0.9325672507286071,High
333,0.9999592304229736,0.1037248917047433,0.6628896594047546,0.8962558496327709,High
334,0.9999510049819946,0.10588015462806716,0.6628896594047546,0.8954978121216315,High
335,0.9999494552612305,0.07557030446782831,0.6628896594047546,0.9061055742243002,High
336,0.9992899894714355,0.013447571240906786,0.6628896594047546,0.9275517593273861,High
337,0.9997637867927551,0.11313163095273066,0.6628896594047546,0.8928755442426093,High
338,0.9999550580978394,0.11384744331671548,0.6628896594047546,0.8927110790222702,High
339,0.9998676776885986,0.08261937451771745,0.6628896594047546,0.9036015938386902,High
340,0.9999583959579468,0.06340962870841549,0.6628896594047546,0.910365834053617,High
341,0.9999244213104248,0.0862984392119816,0.6628896594047546,0.902339461785984,High
342,0.9999362230300903,0.01981998053634637,0.6628896594047546,0.9256122271358413,High
343,0.9999545812606812,0.10176421785760131,0.6628896594047546,0.8969399993167035,High
344,0.9999592304229736,0.1037248917047433,0.6628896594047546,0.8962558496327709,High
345,0.9999498128890991,0.10220037357877204,0.6628896594047546,0.8967851990470819,High
346,0.9999362230300903,0.023770078817463625,0.6628896594047546,0.9242296927374504,High
347,0.9999067783355713,0.09388832863207125,0.6628896594047546,0.899675043268875,High
348,0.999958872795105,0.11178915083516328,0.6628896594047546,0.893433209925512,High
349,0.9997428059577942,0.07351914432369344,0.6628896594047546,0.9067304970288977,High
350,0.9998867511749268,0.10834092240480997,0.6628896594047546,0.8946076351470554,High
351,0.9999580383300781,0.08009388638824766,0.6628896594047546,0.9045261650517414,High
352,0.9999039173126221,0.0877279793479005,0.6628896594047546,0.9018298840184723,High
353,0.9999041557312012,0.03942074294004627,0.6628896594047546,0.9187375359705107,High
354,0.9999592304229736,0.10487307168345145,0.6628896594047546,0.8958539866402232,High
355,0.9999423027038574,0.1002996922105926,0.6628896594047546,0.8974470698635149,High
356,0.9999427795410156,0.09312907179446295,0.6628896594047546,0.8999569956254169,High
357,0.999961256980896,0.06297344376166225,0.6628896594047546,0.9105197802848434,High
358,0.9999300241470337,0.09365724792588448,0.6628896594047546,0.8997663821311986,High
359,0.9999604225158691,0.11142296297657761,0.6628896594047546,0.8935620611294319,High
360,0.9999592304229736,0.07608790951159572,0.6628896594047546,0.9059287934003727,High
361,0.9272398352622986,0.13588076613580524,0.6628896594047546,0.8522775687398277,High
362,0.9999592304229736,0.07411658574484414,0.6628896594047546,0.9066187567187357,High
363,0.9993677735328674,0.062475506034863626,0.6628896594047546,0.9104269998783067,High
364,0.9997249245643616,-0.009691563069077924,0.6628896594047546,0.9324541509151458,High
365,0.9999512434005737,0.06488665842314534,0.6628896594047546,0.9098456550026437,High
366,0.999944806098938,0.10192165598077929,0.6628896594047546,0.8968805150322002,High
367,0.9999392032623291,0.11132777951935896,0.6628896594047546,0.8935858385962944,High
368,0.9999579191207886,0.10124389922183141,0.6628896594047546,0.8971236307576648,High
369,0.9999728202819824,0.025914272128601645,0.6628896594047546,0.9234957057628325,High
370,0.9999254941940308,0.08441576122692995,0.6628896594047546,0.9029988759179103,High
371,0.999970555305481,0.02650080607224803,0.6628896594047546,0.9232893758012726,High
372,0.9999725818634033,0.025898674589835524,0.6628896594047546,0.923501045692111,High
373,0.9177182912826538,0.1954619515696675,0.6628896594047546,0.827139473948297,High
374,0.8360797762870789,0.12225294839912254,0.6628896594047546,0.8160253022506757,High
375,0.9999537467956543,0.08502295333961846,0.6628896594047546,0.9027990842701289,High
376,0.99992835521698,0.023289433433239304,0.6628896594047546,0.9243943721455646,High
377,0.9993523955345154,0.004737069943563377,0.6628896594047546,0.9306285383714679,High
378,0.9999039173126221,0.08178333088420431,0.6628896594047546,0.9039105109807658,High
379,0.9999291896820068,0.024419146220057586,0.6628896594047546,0.9239993601003693,High
380,0.9999375343322754,0.08702578461083138,0.6628896594047546,0.9020907917562194,High
381,0.9999524354934692,0.1058744867988024,0.6628896594047546,0.8955004515129666,High
382,0.9997941851615906,0.051774471835000724,0.6628896594047546,0.9143642291997908,High
383,0.9999603033065796,0.07829872590738907,0.6628896594047546,0.9051555143013256,High
384,0.9999548196792603,0.10517418213678842,0.6628896594047546,0.8957466310282776,High
385,0.9999291896820068,0.024131130203095652,0.6628896594047546,0.924100165706306,High
386,0.9999101161956787,0.11281573080361901,0.6628896594047546,0.8930519724272751,High
387,0.9999151229858398,0.025664366952761863,0.6628896594047546,0.9235571849492542,High
388,0.9025002717971802,0.19547959804808046,0.6628896594047546,0.8202851710309959,High
389,0.99992835521698,0.023289433433239304,0.6628896594047546,0.9243943721455646,High
390,0.9999545812606812,0.09834194387682715,0.6628896594047546,0.8981377952099744,High
391,0.9997254014015198,0.05613822544016944,0.6628896594047546,0.9128059806273433,High
392,0.999908447265625,0.08295051224345162,0.6628896594047546,0.903504053865274,High
393,0.9999579191207886,0.09537957697406169,0.6628896594047546,0.8991761435443841,High
394,0.999919056892395,0.028746262677452505,0.6628896594047546,0.9224803095849557,High
395,0.9999532699584961,0.10035561417158251,0.6628896594047546,0.8974324145603624,High
396,0.9999039173126221,0.0823247805803799,0.6628896594047546,0.9037210035871044,High
397,0.9999138116836548,0.025664366952761863,0.6628896594047546,0.9235566187051288,High
398,0.9999573230743408,0.007877707205187101,0.6628896594047546,0.9298015297425888,High
399,0.999950647354126,0.0714500989233986,0.6628896594047546,0.9075481826066536,High
400,0.999932050704956,0.08933504491553051,0.6628896594047546,0.9012800770568165,High
401,0.9998501539230347,0.0823960210887788,0.6628896594047546,0.903671869923386,High
402,0.9999494552612305,0.10424251638003301,0.6628896594047546,0.8960703000550286,High
403,0.9999337196350098,0.029617561359837175,0.6628896594047546,0.9221819413593688,High
404,0.9998977184295654,0.10415474005860814,0.6628896594047546,0.8960777461537425,High
405,0.9998676776885986,0.08261937451771745,0.6628896594047546,0.9036015938386902,High
406,0.9998971223831177,0.028320478216368294,0.6628896594047546,0.922619469577625,High
407,0.9999762773513794,0.02686845484525291,0.6628896594047546,0.9231632915327687,High
408,0.9999725818634033,0.025898674589835524,0.6628896594047546,0.923501045692111,High
409,0.9999592304229736,0.07513548367270384,0.6628896594047546,0.9062621424439848,High
410,0.9757778644561768,0.18411909598053222,0.6628896594047546,0.8572362753721152,High
411,0.9999592304229736,0.1037248917047433,0.6628896594047546,0.8962558496327709,High
412,0.9999494552612305,0.07557030446782831,0.6628896594047546,0.9061055742243002,High
413,0.9999563694000244,0.05445669610426185,0.6628896594047546,0.9134984365930768,High
414,0.999919056892395,0.025288893562192882,0.6628896594047546,0.9236903887752966,High
415,0.9997488856315613,0.0008511582046033528,0.6628896594047546,0.9321670041819167,High
416,0.9999552965164185,0.08201072070911614,0.6628896594047546,0.9038540511442196,High
417,0.9999203681945801,0.024293735784051473,0.6628896594047546,0.9240392900440939,High
418,0.9999498128890991,0.07431497617233185,0.6628896594047546,0.9065450881393359,High
419,0.9999611377716064,0.06638061205913681,0.6628896594047546,0.9093272117760824,High
420,0.9999362230300903,0.018523895578789973,0.6628896594047546,0.9260658568709861,High
421,0.9999611377716064,0.07590414490383646,0.6628896594047546,0.9059939752804376,High
422,0.9999303817749023,0.06511292540811608,0.6628896594047546,0.9097570738263518,High
423,0.9998923540115356,0.08178333088420431,0.6628896594047546,0.9039053253766703,High
424,0.9999505281448364,0.10407322706164829,0.6628896594047546,0.8961300281536214,High
425,0.9999762773513794,0.026878414106785375,0.6628896594047546,0.9231598057912322,High
426,0.9999362230300903,0.020741712880298357,0.6628896594047546,0.9252896208154582,High
427,0.9999592304229736,0.0756496183449964,0.6628896594047546,0.9060821953086824,High
428,0.9999611377716064,0.07619601888556404,0.6628896594047546,0.9058918193868329,High
429,0.9999116659164429,0.04467306248872238,0.6628896594047546,0.9169025917909038,High
430,0.9999592304229736,0.048656960640384495,0.6628896594047546,0.9155296255052966,High
431,0.9999771118164062,0.016781398774303513,0.6628896594047546,0.9266941187854695,High
432,0.9999723434448242,0.015025072895865299,0.6628896594047546,0.9273066870757111,High
433,0.99992835521698,0.024042830045105545,0.6628896594047546,0.9241306833314115,High
434,0.9999592304229736,0.11501979345484975,0.6628896594047546,0.8923026340202337,High
435,0.9999762773513794,0.032658526155023515,0.6628896594047546,0.921136766574349,High
436,0.9995380640029907,0.0427622016310254,0.6628896594047546,0.9174032781905089,High
437,0.48410794138908386,0.13603587175069137,0.6628896594047546,0.6528139459229483,Medium
438,0.8473557233810425,0.06416963838755141,0.6628896594047546,0.841428633966777,High
439,0.9999369382858276,0.09346564053390721,0.6628896594047546,0.8998365739622413,High
440,0.9999762773513794,0.026523087884881114,0.6628896594047546,0.9232841699688987,High
441,0.9095667004585266,0.05735220566977406,0.6628896594047546,0.8718096661621703,High
442,0.9998496770858765,0.009906595539094454,0.6628896594047546,0.9290429602495188,High
443,0.9999641180038452,0.10922742515604389,0.6628896594047546,0.8943321682966724,High
444,0.9999290704727173,-0.024007124235171817,0.6628896594047546,0.9325460016727447,High
445,0.9999592304229736,0.07513548367270384,0.6628896594047546,0.9062621424439848,High
446,0.999961256980896,0.10124389922183141,0.6628896594047546,0.8971251208737842,High
447,0.9999604225158691,0.0833737836965947,0.6628896594047546,0.9033792738774259,High
448,0.999948263168335,0.09993104328497371,0.6628896594047546,0.8975787791964963,High
449,0.9616714119911194,0.18335723340572063,0.6628896594047546,0.8511550326047201,High
450,0.9999762773513794,0.026878414106785375,0.6628896594047546,0.9231598057912322,High
451,0.9999542236328125,0.11041689029708579,0.6628896594047546,0.893911414951272,High
452,0.9936686158180237,0.13163772106089616,0.6628896594047546,0.8836555857661222,High
453,0.999919056892395,0.039164133822886305,0.6628896594047546,0.918834054684054,High
454,0.9999706745147705,0.027172924563458545,0.6628896594047546,0.9230541939339937,High
455,0.9999630451202393,0.09931821624599296,0.6628896594047546,0.8977999145780321,High
456,0.9999275207519531,0.01724036061470391,0.6628896594047546,0.9265111900041835,High
457,0.9999301433563232,0.06883157638640836,0.6628896594047546,0.90845542677466,High
458,0.9998500347137451,0.08290519591921652,0.6628896594047546,0.9034936289304104,High
459,0.9999630451202393,0.10189454144534565,0.6628896594047546,0.8968982007582587,High
460,0.9999487400054932,0.10612986240401545,0.6628896594047546,0.8954094011210885,High
461,0.999506950378418,0.00048307889357157574,0.6628896594047546,0.9321869640570956,High
462,0.9999281167984009,0.024293735784051473,0.6628896594047546,0.9240427769158133,High
463,0.9999039173126221,0.08178333088420431,0.6628896594047546,0.9039105109807658,High
464,0.9999730587005615,0.038473483574601675,0.6628896594047546,0.9191000711636995,High
465,0.9999314546585083,0.019286855568087735,0.6628896594047546,0.92579667510752,High
466,0.999961256980896,0.10124389922183141,0.6628896594047546,0.8971251208737842,High
467,0.9999548196792603,0.10290222867913579,0.6628896594047546,0.896541814738456,High
468,0.9999630451202393,0.10189454144534565,0.6628896594047546,0.8968982007582587,High
469,0.9999533891677856,0.10176421785760131,0.6628896594047546,0.8969394628749006,High
470,0.9999630451202393,0.06488050098364084,0.6628896594047546,0.9098531149198553,High
471,0.9999507665634155,0.1037431992627923,0.6628896594047546,0.8962456570925106,High
472,0.9999485015869141,0.052776542488188305,0.6628896594047546,0.9140829438823385,High
473,0.9999592304229736,0.07513548367270384,0.6628896594047546,0.9062621424439848,High
474,0.9891272187232971,0.06210721782054185,0.6628896594047546,0.9059476570494772,High
475,0.9999573230743408,0.09197464336545147,0.6628896594047546,0.9003676020864962,High
476,0.9998500347137451,0.08250832926527146,0.6628896594047546,0.9036325322592912,High
477,0.9999496936798096,0.06867168587125128,0.6628896594047546,0.9085201801400694,High
478,0.9999479055404663,0.015242484648308352,0.6628896594047546,0.9272195959053949,High
479,0.999894380569458,0.10415474005860814,0.6628896594047546,0.8960762262353007,High
480,0.9999663829803467,0.025898674589835524,0.6628896594047546,0.9234982442738066,High
481,0.9874899983406067,0.14316539363279812,0.6628896594047546,0.8768405225011189,High
482,0.9999524354934692,0.07625137950618222,0.6628896594047546,0.9058685390653838,High
483,0.9998445510864258,0.039822832338678005,0.6628896594047546,0.9185699825908408,High
484,0.9999725818634033,0.025898674589835524,0.6628896594047546,0.923501045692111,High
485,0.9987926483154297,0.06465001456613517,0.6628896594047546,0.9094071185247469,High
486,0.9999203681945801,0.024293735784051473,0.6628896594047546,0.9240392900440939,High
487,0.9999592304229736,0.07513548367270384,0.6628896594047546,0.9062621424439848,High
488,0.9998867511749268,0.10415474005860814,0.6628896594047546,0.8960727989682261,High
489,0.9999592304229736,0.07513548367270384,0.6628896594047546,0.9062621424439848,High
490,0.9999487400054932,0.08009557801645573,0.6628896594047546,0.9045214006567344,High
491,0.9999536275863647,0.09861396326640415,0.6628896594047546,0.8980421711911091,High
492,0.9999250173568726,0.018650607133045116,0.6628896594047546,0.9260164712345132,High
493,0.7901297807693481,0.1915348455881662,0.6628896594047546,0.771099131310835,High
494,0.9999294281005859,0.024168297061194166,0.6628896594047546,0.9240872467129387,High
495,0.9999250173568726,0.018903944526362015,0.6628896594047546,0.9259278031468524,High
496,0.9998712539672852,0.04119131184621039,0.6628896594047546,0.9181030250991266,High
497,0.9999507665634155,0.07568415186623045,0.6628896594047546,0.9060663236813072,High
498,0.8607292771339417,0.1291390518632023,0.6628896594047546,0.824707441419336,High
499,0.9999220371246338,-0.023025426357266898,0.6628896594047546,0.9325428426265716,High
500,0.9999592304229736,0.1037248917047433,0.6628896594047546,0.8962558496327709,High
501,0.9999688863754272,0.05952077941875733,0.6628896594047546,0.9117316400719346,High
502,0.9999270439147949,-0.008038561538964428,0.6628896594047546,0.9325450778007507,High
503,0.9999762773513794,0.02743818366445039,0.6628896594047546,0.9229638864460495,High
504,0.9999542236328125,0.07513548367270384,0.6628896594047546,0.9062599072698058,High
505,0.9999524354934692,0.0765226964066894,0.6628896594047546,0.9057735781502062,High
506,0.9999254941940308,0.08422551259959754,0.6628896594047546,0.9030654629374767,High
507,0.9998500347137451,0.023875224679737128,0.6628896594047546,0.9241541188642283,High
508,0.9999592304229736,0.10456712859841605,0.6628896594047546,0.8959610667199854,High
509,0.9999579191207886,0.09781790516021432,0.6628896594047546,0.8983227286792307,High
510,0.9996744394302368,0.05986299802239725,0.6628896594047546,0.9114793624353249,High
511,0.999953031539917,0.08500551008731039,0.6628896594047546,0.9028048615828904,High
512,0.9999434947967529,0.02285333379631105,0.6628896594047546,0.9245538317503164,High
513,0.9999592304229736,0.07513548367270384,0.6628896594047546,0.9062621424439848,High
514,0.9999123811721802,0.041929101391600665,0.6628896594047546,0.9178633060004427,High
515,0.999947190284729,0.10517700023479493,0.6628896594047546,0.8957422174269006,High
516,0.9999611377716064,0.10568466307366553,0.6628896594047546,0.8955707939209975,High
517,0.999961256980896,0.10124389922183141,0.6628896594047546,0.8971251208737842,High
518,0.9999569654464722,0.057997005614796815,0.6628896594047546,0.912259596485291,High
519,0.999961256980896,0.09523760937639064,0.6628896594047546,0.8992273223196884,High
520,0.9999392032623291,0.10402973067718163,0.6628896594047546,0.8961401556910565,High
521,0.9999349117279053,0.02200552752803453,0.6628896594047546,0.9248466896423028,High
522,0.9999592304229736,0.10524105790150684,0.6628896594047546,0.8957251914639037,High
523,0.9999364614486694,0.10656442606255279,0.6628896594047546,0.8952517904109586,High
524,0.9999592304229736,0.0660499053387964,0.6628896594047546,0.9094420948608524,High
525,0.9999524354934692,0.04645331571423483,0.6628896594047546,0.9162978613925653,High
526,0.9999362230300903,0.020393625392139625,0.6628896594047546,0.9254114514363138,High
527,0.999961256980896,0.10124389922183141,0.6628896594047546,0.8971251208737842,High
528,0.9999592304229736,0.07608790951159572,0.6628896594047546,0.9059287934003727,High
529,0.9999611377716064,0.07590414490383646,0.6628896594047546,0.9059939752804376,High
530,0.9999592304229736,0.1037248917047433,0.6628896594047546,0.8962558496327709,High
531,0.9999592304229736,0.07411658574484414,0.6628896594047546,0.9066187567187357,High
532,0.9999511241912842,0.10557864695710895,0.6628896594047546,0.8956033994111117,High
533,0.9999203681945801,0.030595933197420266,0.6628896594047546,0.9218335209494148,High
534,0.9999550580978394,0.10002457780974267,0.6628896594047546,0.8975490819497108,High
535,0.9998527765274048,0.043565067468531615,0.6628896594047546,0.917263895783368,High
536,0.9999363422393799,0.14504261130163665,0.6628896594047546,0.8817843659726345,High
537,0.9999281167984009,0.024293735784051473,0.6628896594047546,0.9240427769158133,High
538,0.9999592304229736,0.1037248917047433,0.6628896594047546,0.8962558496327709,High
539,0.9998977184295654,0.10415474005860814,0.6628896594047546,0.8960777461537425,High
540,0.999970555305481,0.035856401844401864,0.6628896594047546,0.9200149172810187,High
541,0.9999362230300903,0.019730996077752527,0.6628896594047546,0.9256433716963491,High
542,0.9999592304229736,0.1037248917047433,0.6628896594047546,0.8962558496327709,High
543,0.9999474287033081,0.10757384789956193,0.6628896594047546,0.8949034101511995,High
544,0.999947190284729,0.07571791056567134,0.6628896594047546,0.906052898811094,High
545,0.999894380569458,0.10701167149165408,0.6628896594047546,0.8950763002337346,High
546,0.9999501705169678,0.09706763475670505,0.6628896594047546,0.8985818364487396,High
547,0.9999611377716064,0.1058744867988024,0.6628896594047546,0.8955043556171994,High
548,0.9999223947525024,-0.01193510195933789,0.6628896594047546,0.9325429916381835,High
549,0.9999488592147827,0.0765226964066894,0.6628896594047546,0.9057719688247973,High
550,0.9999393224716187,0.07440531067785772,0.6628896594047546,0.9065087622954646,High
551,0.9999110698699951,0.09390965386722938,0.6628896594047546,0.8996695165875249,High
552,0.9998596906661987,0.03978665814855176,0.6628896594047546,0.9185894384868892,High
553,0.9999203681945801,0.025288893562192882,0.6628896594047546,0.9236909848217444,High
554,0.9999715089797974,0.027172924563458545,0.6628896594047546,0.9230545813641847,High
555,0.9999611377716064,0.07608790951159572,0.6628896594047546,0.9059296576677219,High
556,0.9999536275863647,0.1058744867988024,0.6628896594047546,0.8955009879547696,High
557,0.9999630451202393,0.10189454144534565,0.6628896594047546,0.8968982007582587,High
558,0.999961256980896,0.06297344376166225,0.6628896594047546,0.9105197802848434,High
559,0.9999592304229736,0.1037248917047433,0.6628896594047546,0.8962558496327709,High
560,0.999931812286377,0.08569551075604542,0.6628896594047546,0.9025537948033467,High
561,0.9999510049819946,0.10612986240401545,0.6628896594047546,0.8954104144000496,High
562,0.9998109936714172,0.1015588046443946,0.6628896594047546,0.8969472825063893,High
563,0.9999247789382935,0.0662909532348025,0.6628896594047546,0.9093422308896086,High
564,0.9999039173126221,0.08162280538891775,0.6628896594047546,0.9039666949041162,High
565,0.9999203681945801,0.025288893562192882,0.6628896594047546,0.9236909848217444,High
566,0.9999611377716064,0.10547047760729167,0.6628896594047546,0.8956457588342283,High
567,0.9999579191207886,0.09302884209541673,0.6628896594047546,0.8999989007519099,High
568,0.9999438524246216,0.07513548367270384,0.6628896594047546,0.9062552283051909,High
569,0.9999591112136841,0.10865211404035696,0.6628896594047546,0.8945312920129839,High
570,0.9999730587005615,0.039992754303124545,0.6628896594047546,0.9185683264087166,High
571,0.999919056892395,0.032292976847932975,0.6628896594047546,0.9212389596252876,High
572,0.9999802112579346,0.09641795949897491,0.6628896594047546,0.8988227232409868,High
573,0.9998761415481567,0.08178333088420431,0.6628896594047546,0.9038980238076854,High
574,0.9999755620956421,0.025542719469796582,0.6628896594047546,0.9236269710886321,High
575,0.9999681711196899,0.02169643109103858,0.6628896594047546,0.92496983416109,High
576,0.9999663829803467,0.025898674589835524,0.6628896594047546,0.9234982442738066,High
577,0.9999715089797974,0.03784218235582271,0.6628896594047546,0.9193203411368572,High
578,0.9999494552612305,0.11008008594195856,0.6628896594047546,0.8940271507083546,High
579,0.9999510049819946,0.0765226964066894,0.6628896594047546,0.9057729224991137,High
580,0.9780936241149902,0.18718113177365564,0.6628896594047546,0.8572066606514526,High
581,0.999961256980896,0.06379257954078665,0.6628896594047546,0.9102330827621498,High
582,0.9999611377716064,0.07590414490383646,0.6628896594047546,0.9059939752804376,High
583,0.9999592304229736,0.07513548367270384,0.6628896594047546,0.9062621424439848,High
584,0.999947190284729,0.07534463753445275,0.6628896594047546,0.9061835443720204,High
585,0.9999306201934814,0.013304148821549289,0.6628896594047546,0.9278902350386175,High
586,0.9999634027481079,0.07745128440951499,0.6628896594047546,0.9054534897324112,High
587,0.999929666519165,0.08885363013225117,0.6628896594047546,0.9014474993473583,High
588,0.9999579191207886,0.09706763475670505,0.6628896594047546,0.8985853233204589,High
589,0.9999592304229736,0.10904183401620998,0.6628896594047546,0.8943949198237576,High
590,0.9999527931213379,0.11599158339663257,0.6628896594047546,0.8919596167153382,High
591,0.9999029636383057,0.09796084737337446,0.6628896594047546,0.8982479629770429,High
592,0.9999556541442871,0.08222933687850692,0.6628896594047546,0.9037776844965447,High
593,0.9999535083770752,0.10290793200746173,0.6628896594047546,0.8965392225270942,High
594,0.9980242252349854,0.05818252651336153,0.6628896594047546,0.9113249429965532,High
595,0.999945878982544,-0.01062721567857594,0.6628896594047546,0.9325535714626312,High
596,0.9999250173568726,0.015248543819723182,0.6628896594047546,0.927207193394176,High
597,0.9999362230300903,0.02582399023050508,0.6628896594047546,0.9235108237428858,High
598,0.9999290704727173,-0.02346727817007932,0.6628896594047546,0.9325460016727447,High
599,0.999961256980896,0.10124389922183141,0.6628896594047546,0.8971251208737842,High
600,0.9998921155929565,0.03978665814855176,0.6628896594047546,0.9186040416248592,High
601,0.9999611377716064,0.07608790951159572,0.6628896594047546,0.9059296576677219,High
602,0.9998478889465332,0.040130290265461444,0.6628896594047546,0.9184638624325859,High
603,0.9999518394470215,0.07650921339518557,0.6628896594047546,0.9057780289833312,High
604,0.9999290704727173,-0.0049031989475056825,0.6628896594047546,0.9325460016727447,High
605,0.999951958656311,0.06373521247770864,0.6628896594047546,0.9102489889090929,High
606,0.9998592138290405,0.039664713919484895,0.6628896594047546,0.9186319103508059,High
607,0.999961256980896,0.1074584490893184,0.6628896594047546,0.8949500284201637,High
608,0.9999494552612305,0.11196431849768523,0.6628896594047546,0.8933676693138503,High
609,0.999947190284729,0.10517700023479493,0.6628896594047546,0.8957422174269006,High
610,0.99993896484375,0.10095135547915673,0.6628896594047546,0.8972174678010756,High
611,0.9999592304229736,0.07513548367270384,0.6628896594047546,0.9062621424439848,High
612,0.7199427485466003,0.17063928084887986,0.6628896594047546,0.7468284055286519,High
613,0.9999592304229736,0.0756496183449964,0.6628896594047546,0.9060821953086824,High
614,0.9999630451202393,0.10300991263728532,0.6628896594047546,0.8965078208410797,High
615,0.9999536275863647,0.1058744867988024,0.6628896594047546,0.8955009879547696,High
616,0.9999338388442993,0.02200552752803453,0.6628896594047546,0.9248462128051446,High
617,0.999961256980896,0.06297344376166225,0.6628896594047546,0.9105197802848434,High
618,0.999961256980896,0.09869018097839477,0.6628896594047546,0.8980189222589869,High
619,0.9999527931213379,0.07481249425286507,0.6628896594047546,0.9063722979156567,High
620,0.9998551607131958,0.07893500886206939,0.6628896594047546,0.9048854891792358,High
621,0.9999630451202393,0.10189454144534565,0.6628896594047546,0.8968982007582587,High
622,0.9999059438705444,0.07265395574174827,0.6628896594047546,0.9071067161526195,High
623,0.9999294281005859,0.023289433433239304,0.6628896594047546,0.9243948489827228,High
624,0.9999592304229736,0.07513548367270384,0.6628896594047546,0.9062621424439848,High
625,0.9999309778213501,0.08422551259959754,0.6628896594047546,0.9030679365302349,High
626,0.9967212080955505,0.145542298598842,0.6628896594047546,0.8801626620736572,High
627,0.9999630451202393,0.10290222867913579,0.6628896594047546,0.896545510226432,High
628,0.9999039173126221,0.08178333088420431,0.6628896594047546,0.9039105109807658,High
629,0.999894380569458,0.10415474005860814,0.6628896594047546,0.8960762262353007,High
630,0.9999443292617798,0.08963695093007595,0.6628896594047546,0.9011799233813673,High
631,0.9999663829803467,0.025898674589835524,0.6628896594047546,0.9234982442738066,High
632,0.9999611377716064,0.07608790951159572,0.6628896594047546,0.9059296576677219,High
633,0.9400951266288757,0.08974249153982955,0.6628896594047546,0.8742108638447724,High
634,0.9999592304229736,0.07513548367270384,0.6628896594047546,0.9062621424439848,High
635,0.9998923540115356,0.08178333088420431,0.6628896594047546,0.9039053253766703,High
636,0.9999349117279053,0.02671992042467275,0.6628896594047546,0.9231966521284793,High
637,0.9999558925628662,0.11158652249143486,0.6628896594047546,0.8935027887413095,High
638,0.999961256980896,0.10124389922183141,0.6628896594047546,0.8971251208737842,High
639,0.9998950958251953,0.10415474005860814,0.6628896594047546,0.896076554060847,High
640,0.9998979568481445,0.07210362392642544,0.6628896594047546,0.9072957262069735,High
641,0.9999290704727173,-0.013577056561912881,0.6628896594047546,0.9325460016727447,High
642,0.9999527931213379,0.056292785909347165,0.6628896594047546,0.912854195835888,High
643,0.9966292977333069,0.16964958365573657,0.6628896594047546,0.8716837466802699,High
644,0.9999755620956421,0.025898674589835524,0.6628896594047546,0.9235023867966184,High
645,0.9947847723960876,0.1495671470293316,0.6628896594047546,0.877882575018692,High
646,0.999962329864502,0.10952068317862423,0.6628896594047546,0.8942287233260648,High
647,0.9999591112136841,0.10789914595945194,0.6628896594047546,0.8947948308413006,High
648,0.9998756647109985,0.08327795291922468,0.6628896594047546,0.9033746974791715,High
649,0.9999524354934692,0.1058744867988024,0.6628896594047546,0.8955004515129666,High
650,0.999806821346283,-8.947555857041767e-05,0.6628896594047546,0.932490986585617,High
651,0.9999512434005737,0.10315920376693888,0.6628896594047546,0.896450264132316,High
652,0.9999039173126221,0.08178333088420431,0.6628896594047546,0.9039105109807658,High
653,0.9999630451202393,0.08565499196697762,0.6628896594047546,0.9025820430756875,High
654,0.9999397993087769,0.03078365462588384,0.6628896594047546,0.9217765505299121,High
655,0.9999592304229736,0.07513548367270384,0.6628896594047546,0.9062621424439848,High
656,0.9999151229858398,0.025664366952761863,0.6628896594047546,0.9235571849492542,High
657,0.9999755620956421,0.025898674589835524,0.6628896594047546,0.9235023867966184,High
658,0.9999630451202393,0.1091795178734018,0.6628896594047546,0.894348459008439,High
659,0.9999250173568726,0.014993557258436652,0.6628896594047546,0.9272964386906263,High
660,0.9999510049819946,0.0765226964066894,0.6628896594047546,0.9057729224991137,High
661,0.9999290704727173,0.00548175147967056,0.6628896594047546,0.93062738865486,High
662,0.9998950958251953,0.10415474005860814,0.6628896594047546,0.896076554060847,High
663,0.9997605681419373,0.09369139109094382,0.6628896594047546,0.89967819768276,High
664,0.9999545812606812,0.10176421785760131,0.6628896594047546,0.8969399993167035,High
665,0.9999343156814575,0.08536066735915077,0.6628896594047546,0.9026721224805107,High
666,0.9999452829360962,0.061731932307858006,0.6628896594047546,0.9109471269339794,High
667,0.9999250173568726,0.013690533848996322,0.6628896594047546,0.9277524968839304,High
668,0.9993971586227417,-0.010144798785929554,0.6628896594047546,0.9323066294193267,High
669,0.9998977184295654,0.10415474005860814,0.6628896594047546,0.8960777461537425,High
670,0.9997641444206238,0.08091336615772443,0.6628896594047546,0.9041521157347958,High
671,0.9999362230300903,0.020741712880298357,0.6628896594047546,0.9252896208154582,High
672,0.9999328851699829,0.026849944392617564,0.6628896594047546,0.9231502496700271,High
673,0.9995773434638977,0.06298737505595131,0.6628896594047546,0.9103421402689608,High
674,0.9999327659606934,0.023289433433239304,0.6628896594047546,0.9243963689011646,High
675,0.999947190284729,0.07571791056567134,0.6628896594047546,0.906052898811094,High
676,0.9999611377716064,0.07590414490383646,0.6628896594047546,0.9059939752804376,High
677,0.9944392442703247,0.13561619938716551,0.6628896594047546,0.8826098981752312,High
678,0.999908447265625,0.0823247805803799,0.6628896594047546,0.9037230599473491,High
679,0.9999611377716064,0.07608790951159572,0.6628896594047546,0.9059296576677219,High
680,0.9999312162399292,0.015447243880761352,0.6628896594047546,0.9271404199887946,High
681,0.9999592304229736,0.1037248917047433,0.6628896594047546,0.8962558496327709,High
682,0.9999592304229736,0.07513548367270384,0.6628896594047546,0.9062621424439848,High
683,0.9999661445617676,0.019151643932898366,0.6628896594047546,0.9258596155967674,High
684,0.9999579191207886,0.06553193059328888,0.6628896594047546,0.9096228197776547,High
685,0.9999438524246216,0.07513548367270384,0.6628896594047546,0.9062552283051909,High
686,0.999961256980896,0.10165625292775587,0.6628896594047546,0.8969807970767106,High
687,0.9998644590377808,0.027180811328361365,0.6628896594047546,0.9230036306411679,High
688,0.9997310042381287,0.09406101418057555,0.6628896594047546,0.8995355079632817,High
689,0.999961256980896,0.1074584490893184,0.6628896594047546,0.8949500284201637,High
690,0.9999611377716064,0.07567652368017419,0.6628896594047546,0.9060736427087194,High
691,0.9999550580978394,0.1009739031148299,0.6628896594047546,0.8972168180929302,High
692,0.9999542236328125,0.07513548367270384,0.6628896594047546,0.9062599072698058,High
693,0.9999316930770874,0.02411465880752417,0.6628896594047546,0.9241070631830067,High
694,0.9998975992202759,0.10415474005860814,0.6628896594047546,0.8960776865490977,High
695,0.751516580581665,0.180635107597777,0.6628896594047546,0.7575380935625492,High
696,0.9998867511749268,0.10415474005860814,0.6628896594047546,0.8960727989682261,High
697,0.9999611377716064,0.10487307168345145,0.6628896594047546,0.8958548509075724,High
698,0.99994957447052,0.07535943046013283,0.6628896594047546,0.9061794397316384,High
699,0.9999592304229736,0.07608790951159572,0.6628896594047546,0.9059287934003727,High
700,0.9999558925628662,0.10290222867913579,0.6628896594047546,0.8965422915756142,High
701,0.9999524354934692,0.1058744867988024,0.6628896594047546,0.8955004515129666,High
702,0.9999281167984009,0.024293735784051473,0.6628896594047546,0.9240427769158133,High
703,0.9999203681945801,0.025288893562192882,0.6628896594047546,0.9236909848217444,High
704,0.9999349117279053,0.025796658122420824,0.6628896594047546,0.9235197939342675,High
705,0.9999474287033081,0.1037248917047433,0.6628896594047546,0.8962505448193859,High
706,0.9999485015869141,0.0830578712923371,0.6628896594047546,0.9034844788008863,High
707,0.9999039173126221,0.08178333088420431,0.6628896594047546,0.9039105109807658,High
708,0.9999755620956421,0.025898674589835524,0.6628896594047546,0.9235023867966184,High
709,0.9999494552612305,0.07534463753445275,0.6628896594047546,0.9061845576509816,High
710,0.9999598264694214,0.08536066735915077,0.6628896594047546,0.9026835963746299,High
711,0.9999294281005859,0.024042830045105545,0.6628896594047546,0.9241311601685697,High
712,0.9999611377716064,0.07590414490383646,0.6628896594047546,0.9059939752804376,High
713,0.9999525547027588,0.11857564106937235,0.6628896594047546,0.891055107122912,High
714,0.9999088048934937,0.11102012259096677,0.6628896594047546,0.8936798392552557,High
715,0.9999178647994995,0.02821103643440237,0.6628896594047546,0.9226671023282204,High
716,0.999894380569458,0.10657033981904779,0.6628896594047546,0.8952307663191469,High
717,0.9999386072158813,0.07321131254794788,0.6628896594047546,0.9069263338153868,High
718,0.9999604225158691,0.11374246045051639,0.6628896594047546,0.8927502370135533,High
719,0.9997734427452087,0.008398697396492683,0.6628896594047546,0.9295364221263612,High
720,0.9999362230300903,0.018903944526362015,0.6628896594047546,0.9259328397393359,High
721,0.9999247789382935,0.03301103623724899,0.6628896594047546,0.9209902018387524,High
722,0.9998847246170044,0.08434926236680806,0.6628896594047546,0.9030037922883621,High
723,0.9999393224716187,0.07429117483144776,0.6628896594047546,0.9065487098417081,High
724,0.9999611377716064,0.1058522899525644,0.6628896594047546,0.8955121245133828,High
725,0.9999604225158691,0.11403462251515534,0.6628896594047546,0.8926479802909296,High
726,0.9999524354934692,0.1058744867988024,0.6628896594047546,0.8955004515129666,High
727,0.9993385672569275,-0.013793861948298014,0.6628896594047546,0.932280284166336,High
728,0.9999419450759888,0.0854696653865945,0.6628896594047546,0.9026374004379799,High
729,0.9999592304229736,0.06638061205913681,0.6628896594047546,0.9093263475087332,High
730,0.9999644756317139,0.11363101563841549,0.6628896594047546,0.8927910904417767,High
731,0.9999290704727173,-0.017719397177532792,0.6628896594047546,0.9325460016727447,High
732,0.9999332427978516,0.09608493651603217,0.6628896594047546,0.8989181514384439,High
733,0.9999362230300903,0.019983846263373684,0.6628896594047546,0.9255548741313818,High
734,0.9995524287223816,0.09624816510955253,0.6628896594047546,0.8986896580769824,High
735,0.9999592304229736,0.08128791084923892,0.6628896594047546,0.9041087929321975,High
736,0.9999337196350098,0.013434844377045119,0.6628896594047546,0.927845892303346,High
737,0.99950110912323,0.0001056899204300299,0.6628896594047546,0.9323164275933249,High
738,0.9999300241470337,0.08535802515191715,0.6628896594047546,0.9026711101020871,High
739,0.9999611377716064,0.07619601888556404,0.6628896594047546,0.9058918193868329,High
740,0.999919056892395,0.025539237381528523,0.6628896594047546,0.9236027684385292,High
741,0.9996170997619629,0.012997640958174683,0.6628896594047546,0.9278564285966152,High
742,0.9999592304229736,0.0654907645249756,0.6628896594047546,0.9096377941456896,High
743,0.9999160766601562,0.08700074431346677,0.6628896594047546,0.9020898999078434,High
744,0.9999592304229736,0.08254629709508199,0.6628896594047546,0.9036683577461524,High
745,0.999961256980896,0.10991657791124804,0.6628896594047546,0.8940896833324883,High
746,0.9999728202819824,0.026039317128246142,0.6628896594047546,0.9234519400129568,High
747,0.9999504089355469,0.10588015462806716,0.6628896594047546,0.89549754390073,High
748,0.9998676776885986,0.08178333088420431,0.6628896594047546,0.9038942091104197,High
749,0.9999039173126221,0.08261937451771745,0.6628896594047546,0.9036178957090363,High
750,0.999947190284729,0.10517700023479493,0.6628896594047546,0.8957422174269006,High
751,0.9999438524246216,0.07513548367270384,0.6628896594047546,0.9062552283051909,High
752,0.999947190284729,0.07534463753445275,0.6628896594047546,0.9061835443720204,High
753,0.9998950958251953,0.049766979575462056,0.6628896594047546,0.9151122702299481,High
754,0.9999611377716064,0.1058744867988024,0.6628896594047546,0.8955043556171994,High
755,0.999961256980896,0.11101406022634802,0.6628896594047546,0.8937055645222033,High
756,0.999970555305481,0.027172924563458545,0.6628896594047546,0.9230541343293489,High
757,0.9998867511749268,0.1086010441022417,0.6628896594047546,0.8945165925529545,High
758,0.9999504089355469,0.0765226964066894,0.6628896594047546,0.9057726542782122,High
759,0.9999362230300903,0.018523895578789973,0.6628896594047546,0.9260658568709861,High
760,0.999961256980896,0.06297344376166225,0.6628896594047546,0.9105197802848434,High
761,0.9999661445617676,0.10273511205852343,0.6628896594047546,0.8966054017527986,High
762,0.9999375343322754,0.08346145709575808,0.6628896594047546,0.9033383063864949,High
763,0.9999383687973022,0.08460663839507937,0.6628896594047546,0.9029378505596012,High
764,0.9999560117721558,0.11299730294283,0.6628896594047546,0.893009075187966,High
765,0.9998501539230347,0.08187130695008593,0.6628896594047546,0.9038555198719286,High
766,0.9999611377716064,0.10307643803120103,0.6628896594047546,0.8964836726858599,High
767,0.9999774694442749,0.01566228819500759,0.6628896594047546,0.9270859863021574,High
768,0.9999556541442871,0.11290572961329326,0.6628896594047546,0.8930409470393695,High
769,0.9999438524246216,0.1037248917047433,0.6628896594047546,0.896248935493977,High
770,0.999961256980896,0.08706959263187164,0.6628896594047546,0.90208612818027,High
771,0.9999350309371948,0.03031874346206742,0.6628896594047546,0.921937123670036,High
772,0.9999711513519287,0.025243442783329018,0.6628896594047546,0.9237297211732957,High
773,0.9998810291290283,0.08120896347962664,0.6628896594047546,0.9041012577711444,High
774,0.9998973608016968,0.047962444445510344,0.6628896594047546,0.9157448708043924,High
775,0.9999488592147827,0.04888393343625386,0.6628896594047546,0.9154455358644498,High
776,0.995060384273529,0.092960686257333,0.6628896594047546,0.8978188437523468,High
777,0.9982011318206787,0.06788880557905297,0.6628896594047546,0.9080073473266589,High
778,0.9999592304229736,0.07513548367270384,0.6628896594047546,0.9062621424439848,High
779,0.9998551607131958,0.07893500886206939,0.6628896594047546,0.9048854891792358,High
780,0.9999338388442993,0.02200552752803453,0.6628896594047546,0.9248462128051446,High
781,0.9999281167984009,0.024293735784051473,0.6628896594047546,0.9240427769158133,High
782,0.9998676776885986,0.08178333088420431,0.6628896594047546,0.9038942091104197,High
783,0.9999366998672485,0.06974868097193576,0.6628896594047546,0.9081373905996418,High
784,0.9998878240585327,0.035682959908677314,0.6628896594047546,0.9200383988578601,High
785,0.9999455213546753,0.08275417048175582,0.6628896594047546,0.9035894329800823,High
786,0.9999368190765381,0.08756209975129275,0.6628896594047546,0.9019027536315116,High
787,0.999941349029541,0.07034089535869958,0.6628896594047546,0.9079322017268415,High
788,0.999961256980896,0.10124389922183141,0.6628896594047546,0.8971251208737842,High
789,0.999944806098938,0.07375792165066164,0.6628896594047546,0.9067378220477414,High
790,0.9999372959136963,0.08569551075604542,0.6628896594047546,0.9025562683961049,High
791,0.9999327659606934,0.023289433433239304,0.6628896594047546,0.9243963689011646,High
792,0.9997947812080383,0.04261654096757095,0.6628896594047546,0.9175697732242926,High
793,0.9999377727508545,0.10234093696038687,0.6628896594047546,0.8967305778408421,High
794,0.9992775321006775,-0.0008653047425173366,0.6628896594047546,0.9322528064250946,High
795,0.9998239874839783,0.07465423358338619,0.6628896594047546,0.9063697236329303,High
796,0.9999290704727173,-0.029891729351674612,0.6628896594047546,0.9325460016727447,High
797,0.9999290704727173,-0.01839427636090296,0.6628896594047546,0.9325460016727447,High
798,0.9999592304229736,0.1037248917047433,0.6628896594047546,0.8962558496327709,High
799,0.9999276399612427,0.026607621811747917,0.6628896594047546,0.9232326783875404,High
800,0.9999314546585083,0.013186533750931928,0.6628896594047546,0.9279317877435245,High
801,0.9999494552612305,0.0660499053387964,0.6628896594047546,0.9094377139194614,High
802,0.9999510049819946,0.10612986240401545,0.6628896594047546,0.8954104144000496,High
803,0.9998437166213989,0.08979894569412311,0.6628896594047546,0.9010779554862439,High
804,0.9999438524246216,0.07513548367270384,0.6628896594047546,0.9062552283051909,High
805,0.9999622106552124,0.11286285289342585,0.6628896594047546,0.8930589043212395,High
806,0.3411281704902649,0.1585368659547985,0.6628896594047546,0.5805977084976228,Medium
807,0.9999290704727173,-0.028272311282120377,0.6628896594047546,0.9325460016727447,High
808,0.9999592304229736,0.10759818738752791,0.6628896594047546,0.8949001961437963,High
809,0.9999294281005859,0.023289433433239304,0.6628896594047546,0.9243948489827228,High
810,0.9999663829803467,0.030112709127326998,0.6628896594047546,0.9220233321856846,High
811,0.9999548196792603,0.09889104334018683,0.6628896594047546,0.8979457296070882,High
812,0.9999598264694214,0.08536066735915077,0.6628896594047546,0.9026835963746299,High
813,0.9999039173126221,0.08178333088420431,0.6628896594047546,0.9039105109807658,High
814,0.9999494552612305,0.10424251638003301,0.6628896594047546,0.8960703000550286,High
815,0.9999520778656006,0.10184140520330953,0.6628896594047546,0.8969118512574549,High
816,0.9999203681945801,0.025664366952761863,0.6628896594047546,0.9235595691350452,High
817,0.999911904335022,0.08252600849263342,0.6628896594047546,0.9036541798988246,High
818,0.9999039173126221,0.08178333088420431,0.6628896594047546,0.9039105109807658,High
819,0.9999250173568726,0.016859185728168913,0.6628896594047546,0.9266434687262199,High
820,0.999894380569458,0.10415474005860814,0.6628896594047546,0.8960762262353007,High
821,0.9999630451202393,0.10189454144534565,0.6628896594047546,0.8968982007582587,High
822,0.9999687671661377,0.0854492656650293,0.6628896594047546,0.9026566102810947,High
823,0.9999438524246216,0.07513548367270384,0.6628896594047546,0.9062552283051909,High
824,0.9999762773513794,0.026878414106785375,0.6628896594047546,0.9231598057912322,High
825,0.9999250173568726,0.025282871425202358,0.6628896594047546,0.9236951787322583,High
826,0.9999524354934692,0.04920215850054954,0.6628896594047546,0.9153357664173553,High
827,0.999931812286377,0.08569551075604542,0.6628896594047546,0.9025537948033467,High
828,0.999961256980896,0.1074584490893184,0.6628896594047546,0.8949500284201637,High
829,0.9865024089813232,0.028985865982625758,0.6628896594047546,0.9163589449472339,High
830,0.9999412298202515,0.09739957277989197,0.6628896594047546,0.8984616348271018,High
831,0.9999510049819946,0.10588015462806716,0.6628896594047546,0.8954978121216315,High
832,0.9999336004257202,0.0918779596041846,0.6628896594047546,0.9003907423692025,High
833,0.9964544773101807,0.038663407308228925,0.6628896594047546,0.9174502302707942,High
834,0.9999374151229858,0.118976815666064,0.6628896594047546,0.8909078712822431,High
835,0.9775123000144958,0.19872660700769845,0.6628896594047546,0.8529041395336183,High
836,0.9589855074882507,0.15073923291132513,0.6628896594047546,0.8613626697910032,High
837,0.9999755620956421,0.025898674589835524,0.6628896594047546,0.9235023867966184,High
838,0.9999372959136963,0.02375461909451071,0.6628896594047546,0.924235580477642,High
839,0.9999758005142212,0.032559086742722454,0.6628896594047546,0.9211713617523976,High
840,0.9999512434005737,0.10315920376693888,0.6628896594047546,0.896450264132316,High
841,0.9998761415481567,0.08178333088420431,0.6628896594047546,0.9038980238076854,High
842,0.999947190284729,0.07534463753445275,0.6628896594047546,0.9061835443720204,High
843,0.9998441934585571,-0.007564944020864273,0.6628896594047546,0.9325077950954437,High
844,0.9999527931213379,0.0775895437737647,0.6628896594047546,0.9054003305833419,High
845,0.999931812286377,0.05290506269491113,0.6628896594047546,0.9140304516247437,High
846,0.9999387264251709,0.026930046210044245,0.6628896594047546,0.9231248366382978,High
847,0.999911904335022,0.09879547964507246,0.6628896594047546,0.8979598649954709,High
848,0.9999630451202393,0.06379257954078665,0.6628896594047546,0.9102338874248542,High
849,0.9999314546585083,0.021122894990563634,0.6628896594047546,0.9251540613096534,High
850,0.9999312162399292,0.030144731609175413,0.6628896594047546,0.9219962992838497,High
851,0.9999291896820068,0.0310626346366929,0.6628896594047546,0.921674139154547,High
852,0.9999537467956543,0.09489473582667163,0.6628896594047546,0.8993439603996602,High
853,0.9999755620956421,0.025898674589835524,0.6628896594047546,0.9235023867966184,High
854,0.9999592304229736,0.07608790951159572,0.6628896594047546,0.9059287934003727,High
855,0.9999592304229736,0.10991934053172042,0.6628896594047546,0.8940877925433289,High
856,0.9999362230300903,0.02098620029239906,0.6628896594047546,0.925204050221223,High
857,0.9999485015869141,0.1009739031148299,0.6628896594047546,0.8972138676630138,High
858,0.9999203681945801,0.03905564651592197,0.6628896594047546,0.9188726212879392,High
859,0.9999043941497803,0.03954274218538434,0.6628896594047546,0.9186949256416096,High
860,0.9999039173126221,0.08178333088420431,0.6628896594047546,0.9039105109807658,High
861,0.9999592304229736,0.07513548367270384,0.6628896594047546,0.9062621424439848,High
862,0.9999039173126221,0.08221243100370951,0.6628896594047546,0.903760325938939,High
863,0.9998551607131958,0.03708470229198846,0.6628896594047546,0.9195330964787641,High
864,0.9998537302017212,0.038689668707371894,0.6628896594047546,0.9189707025822874,High
865,0.99992835521698,0.023289433433239304,0.6628896594047546,0.9243943721455646,High
866,0.9998867511749268,0.10415474005860814,0.6628896594047546,0.8960727989682261,High
867,0.9999549388885498,0.09399440511284451,0.6628896594047546,0.8996596125913027,High
868,0.9999314546585083,0.013186533750931928,0.6628896594047546,0.9279317877435245,High
869,0.9999527931213379,0.07534463753445275,0.6628896594047546,0.906186047767101,High
870,0.999961256980896,0.10124389922183141,0.6628896594047546,0.8971251208737842,High
871,0.99992835521698,0.023289433433239304,0.6628896594047546,0.9243943721455646,High
872,0.9999451637268066,0.1334437777913401,0.6628896594047546,0.8858479214101159,High
873,0.9999611377716064,0.10595930866203768,0.6628896594047546,0.8954746679650673,High
874,0.9999611377716064,0.07608790951159572,0.6628896594047546,0.9059296576677219,High
875,0.9999438524246216,0.07513548367270384,0.6628896594047546,0.9062552283051909,High
876,0.9993589520454407,-0.004612722826228488,0.6628896594047546,0.9322894632816314,High
877,0.9998738765716553,0.04119131184621039,0.6628896594047546,0.9181042171920221,High
878,0.9996762275695801,0.0680842234727933,0.6628896594047546,0.9086027381903908,High
879,0.9998993873596191,0.0823247805803799,0.6628896594047546,0.903718977029182,High
880,0.9999725818634033,0.025898674589835524,0.6628896594047546,0.923501045692111,High
881,0.9999039173126221,0.08178333088420431,0.6628896594047546,0.9039105109807658,High
882,0.9999005794525146,0.06833574200365966,0.6628896594047546,0.9086156769728372,High
883,0.9999542236328125,0.07513548367270384,0.6628896594047546,0.9062599072698058,High
884,0.9999438524246216,0.07633093661100387,0.6628896594047546,0.9058368197767858,High
885,0.999961256980896,0.10124389922183141,0.6628896594047546,0.8971251208737842,High
886,0.9999039173126221,0.0823247805803799,0.6628896594047546,0.9037210035871044,High
887,0.9999507665634155,0.08436109668145919,0.6628896594047546,0.9030293929959772,High
888,0.9999362230300903,0.018903944526362015,0.6628896594047546,0.9259328397393359,High
889,0.9999039173126221,0.08178333088420431,0.6628896594047546,0.9039105109807658,High
890,0.9998561143875122,0.06623801720681377,0.6628896594047546,0.9093298534910886,High
891,0.9999592304229736,0.07513548367270384,0.6628896594047546,0.9062621424439848,High
892,0.9999117851257324,0.03978665814855176,0.6628896594047546,0.9186128929146083,High
893,0.9999498128890991,0.06373521247770864,0.6628896594047546,0.9102480054324541,High
894,0.9999407529830933,0.1091346404155718,0.6628896594047546,0.8943541227360349,High
895,0.9999592304229736,0.07513548367270384,0.6628896594047546,0.9062621424439848,High
896,0.9998887777328491,0.04666752549881037,0.6628896594047546,0.9161942479361493,High
897,0.9999592304229736,0.04889676649358354,0.6628896594047546,0.9154456934566769,High
898,0.9999039173126221,0.08178333088420431,0.6628896594047546,0.9039105109807658,High
899,0.9999663829803467,0.025898674589835524,0.6628896594047546,0.9234982442738066,High
900,0.9999362230300903,0.018903944526362015,0.6628896594047546,0.9259328397393359,High
901,0.9999592304229736,0.1037248917047433,0.6628896594047546,0.8962558496327709,High
902,0.9999507665634155,0.10842792722237593,0.6628896594047546,0.8946060023066563,High
903,0.9999755620956421,0.025542719469796582,0.6628896594047546,0.9236269710886321,High
904,0.9999487400054932,0.0765226964066894,0.6628896594047546,0.9057719092201525,High
905,0.9999527931213379,0.07481249425286507,0.6628896594047546,0.9063722979156567,High
906,0.9999362230300903,0.02023658242472892,0.6628896594047546,0.9254664164749075,High
907,0.9995143413543701,0.008522483070777187,0.6628896594047546,0.9293765104551809,High
908,0.9999157190322876,-0.02556644109118411,0.6628896594047546,0.9325399816036224,High
909,0.9999375343322754,0.08155695893287745,0.6628896594047546,0.9040048807435032,High
910,0.9999611377716064,0.07608790951159572,0.6628896594047546,0.9059296576677219,High
911,0.39792492985725403,0.1769074486150215,0.6628896594047546,0.5997265358508771,Medium
912,0.9999290704727173,-0.009988048206460598,0.6628896594047546,0.9325460016727447,High
913,0.9998993873596191,0.0823247805803799,0.6628896594047546,0.903718977029182,High
914,0.999961256980896,0.10165625292775587,0.6628896594047546,0.8969807970767106,High
915,0.9999250173568726,0.017113330973416163,0.6628896594047546,0.9265545178903835,High
916,0.9999611377716064,0.1058522899525644,0.6628896594047546,0.8955121245133828,High
917,0.9999376535415649,0.10018639835452031,0.6628896594047546,0.897484636550573,High
918,0.9998923540115356,0.08261937451771745,0.6628896594047546,0.9036127101049408,High
919,0.9999592304229736,0.10487307168345145,0.6628896594047546,0.8958539866402232,High
920,0.9999611377716064,0.07608790951159572,0.6628896594047546,0.9059296576677219,High
921,0.9999592304229736,0.07513548367270384,0.6628896594047546,0.9062621424439848,High
922,0.9999611377716064,0.07619601888556404,0.6628896594047546,0.9058918193868329,High
923,0.9997602105140686,0.07416094571789122,0.6628896594047546,0.9065136747493941,High
924,0.9999316930770874,0.023612572510246732,0.6628896594047546,0.9242827933870539,High
925,0.9999489784240723,0.08353531807568193,0.6628896594047546,0.9033176108452947,High
926,0.9999294281005859,0.024042830045105545,0.6628896594047546,0.9241311601685697,High
927,0.9999291896820068,0.024042830045105545,0.6628896594047546,0.9241310707616025,High
928,0.9999542236328125,0.07513548367270384,0.6628896594047546,0.9062599072698058,High
929,0.9999501705169678,0.0765226964066894,0.6628896594047546,0.905772564871245,High
930,0.9999611377716064,0.10487307168345145,0.6628896594047546,0.8958548509075724,High
931,0.999945878982544,0.00898185075215352,0.6628896594047546,0.9294099236993775,High
932,0.9999611377716064,0.07619601888556404,0.6628896594047546,0.9058918193868329,High
933,0.9999250173568726,0.013818335342474453,0.6628896594047546,0.927707766361213,High
934,0.999962329864502,0.11021189485159427,0.6628896594047546,0.8939867992405254,High
935,0.9999592304229736,0.1037248917047433,0.6628896594047546,0.8962558496327709,High
936,0.9999362230300903,0.018523895578789973,0.6628896594047546,0.9260658568709861,High
937,0.999947190284729,0.046891710439379675,0.6628896594047546,0.916142068855296,High
938,0.9999510049819946,0.0765226964066894,0.6628896594047546,0.9057729224991137,High
939,0.999947190284729,0.10482026617578627,0.6628896594047546,0.8958670743475537,High
940,0.9999630451202393,0.07217205251639869,0.6628896594047546,0.90730107188339,High
941,0.9998867511749268,0.10415474005860814,0.6628896594047546,0.8960727989682261,High
942,0.9999326467514038,0.009884100156864806,0.6628896594047546,0.9290881759432509,High
943,0.9998577833175659,0.004298584500148861,0.6628896594047546,0.9310094297988035,High
944,0.9999164342880249,0.052012871828344576,0.6628896594047546,0.9143358042892481,High
945,0.9999545812606812,0.09742224341595113,0.6628896594047546,0.898459690371281,High
946,0.8948628306388855,0.15952552621338778,0.6628896594047546,0.8294322625530669,High
947,0.9994081258773804,0.11817126957160495,0.6628896594047546,0.8909516322547814,High
948,0.999908447265625,0.0831748532195477,0.6628896594047546,0.9034255345236405,High
949,0.9999344348907471,0.11232173874409934,0.6628896594047546,0.8932358071004233,High
950,0.9999630451202393,0.10271121603956329,0.6628896594047546,0.8966123646502825,High
951,0.9999572038650513,0.08502295333961846,0.6628896594047546,0.902800633990893,High
952,0.9998867511749268,0.10415474005860814,0.6628896594047546,0.8960727989682261,High
953,0.9999725818634033,0.028539902188392974,0.6628896594047546,0.9225766160326159,High
954,0.9999510049819946,0.0765226964066894,0.6628896594047546,0.9057729224991137,High
955,0.9999494552612305,0.07557030446782831,0.6628896594047546,0.9061055742243002,High
956,0.9999245405197144,0.08569551075604542,0.6628896594047546,0.9025505463502065,High
957,0.44128847122192383,0.19304199197194682,0.6628896594047546,0.6135930377999386,Medium
958,0.9999351501464844,0.08433740821964036,0.6628896594047546,0.9030306506095302,High
959,0.9999362230300903,0.018903944526362015,0.6628896594047546,0.9259328397393359,High
960,0.9998676776885986,0.08178333088420431,0.6628896594047546,0.9038942091104197,High
961,0.9999290704727173,-0.01175875703515028,0.6628896594047546,0.9325460016727447,High
962,0.9999501705169678,0.10588015462806716,0.6628896594047546,0.8954974544937628,High
963,0.9998676776885986,0.09002554186315087,0.6628896594047546,0.9010094352677885,High
964,0.999707043170929,0.07873872935630655,0.6628896594047546,0.9048875490133939,High
965,0.9998784065246582,0.08253174419131964,0.6628896594047546,0.9036370924291562,High
966,0.9998887777328491,0.03224379733869809,0.6628896594047546,0.9212425527921887,High
967,0.999908447265625,0.0439741792156888,0.6628896594047546,0.9171457704249911,High
968,0.9999527931213379,0.07379294503417655,0.6628896594047546,0.9067291401421976,High
969,0.9999762773513794,0.027118086352215576,0.6628896594047546,0.9230759205053317,High
970,0.9999592304229736,0.07513548367270384,0.6628896594047546,0.9062621424439848,High
971,0.9999592304229736,0.07608790951159572,0.6628896594047546,0.9059287934003727,High
972,0.9999592304229736,0.07513548367270384,0.6628896594047546,0.9062621424439848,High
973,0.9998950958251953,0.10415474005860814,0.6628896594047546,0.896076554060847,High
974,0.9998703002929688,-0.008816973502747238,0.6628896594047546,0.9325195670127868,High
975,0.9999349117279053,0.022131453962649483,0.6628896594047546,0.9248026153901875,High
976,0.9998977184295654,0.10415474005860814,0.6628896594047546,0.8960777461537425,High
977,0.9999762773513794,0.026878414106785375,0.6628896594047546,0.9231598057912322,High
978,0.9999536275863647,0.1058744867988024,0.6628896594047546,0.8955009879547696,High
979,0.9999039173126221,0.08178333088420431,0.6628896594047546,0.9039105109807658,High
980,0.9999592304229736,0.10487307168345145,0.6628896594047546,0.8958539866402232,High
981,0.999951958656311,0.10910782926845386,0.6628896594047546,0.894368573032332,High
982,0.9999598264694214,0.11342138693516207,0.6628896594047546,0.8928623445230258,High
983,0.9999067783355713,0.09006834728607244,0.6628896594047546,0.9010120367399747,High
984,0.9999250173568726,0.01597743448895017,0.6628896594047546,0.9269520816599465,High
985,0.9999592304229736,0.1037248917047433,0.6628896594047546,0.8962558496327709,High
986,0.9985402822494507,0.06164419531206877,0.6628896594047546,0.9103455786130507,High
987,0.999948263168335,0.08446069320062316,0.6628896594047546,0.902993401726019,High
988,0.9999494552612305,0.1013335221665771,0.6628896594047546,0.8970884480297382,High
989,0.9999592304229736,0.1037248917047433,0.6628896594047546,0.8962558496327709,High
990,0.8995376825332642,0.18995724241684442,0.6628896594047546,0.8208848482145598,High
991,0.999902606010437,0.05420743193759714,0.6628896594047546,0.9135614795656306,High
992,0.9999536275863647,0.1058744867988024,0.6628896594047546,0.8955009879547696,High
993,0.9999109506607056,0.0662909532348025,0.6628896594047546,0.9093360022042296,High
994,0.9999086856842041,0.1037248917047433,0.6628896594047546,0.8962331104607891,High
995,0.9999755620956421,0.025898674589835524,0.6628896594047546,0.9235023867966184,High
996,0.9988897442817688,0.005885179816981778,0.6628896594047546,0.930018500891571,High
997,0.999971866607666,-0.0011647539351599123,0.6628896594047546,0.9325652539730072,High
998,0.9999592304229736,0.07608790951159572,0.6628896594047546,0.9059287934003727,High
999,0.981624186038971,0.18932600151435292,0.6628896594047546,0.8580447180486965,High
1000,0.9999592304229736,0.11301673381736649,0.6628896594047546,0.8930037048933529,High
1001,0.9482318758964539,0.08411556292785238,0.6628896594047546,0.879841831989839,High
1002,0.9999611377716064,0.07608228694092056,0.6628896594047546,0.9059316255674582,High
1003,0.9999107122421265,0.05216966382207433,0.6628896594047546,0.9142783640917173,High
1004,0.9999312162399292,0.005104329938780627,0.6628896594047546,0.9307604398684879,High
1005,0.9999762773513794,0.026878414106785375,0.6628896594047546,0.9231598057912322,High
1006,0.9999327659606934,0.029653878462692296,0.6628896594047546,0.9221688131408562,High
1007,0.9999501705169678,0.0765226964066894,0.6628896594047546,0.905772564871245,High
1008,0.977483868598938,0.12815538909636515,0.6628896594047546,0.8775912806062808,High
1009,0.9998867511749268,0.10415474005860814,0.6628896594047546,0.8960727989682261,High
1010,0.9999071359634399,0.09349774201105271,0.6628896594047546,0.8998119274001659,High
1011,0.9999592304229736,0.1037248917047433,0.6628896594047546,0.8962558496327709,High
1012,0.9999228715896606,0.01246247772667941,0.6628896594047546,0.9281813330501024,High
1013,0.9999362230300903,0.01877729011342122,0.6628896594047546,0.9259771687838652,High
1014,0.9999592304229736,0.10487307168345145,0.6628896594047546,0.8958539866402232,High
1015,0.9999607801437378,0.1092193996081966,0.6628896594047546,0.8943334871222995,High
1016,0.9999438524246216,0.0654907645249756,0.6628896594047546,0.9096308800068956,High
1017,0.999933123588562,0.09569062478397755,0.6628896594047546,0.8990561009400183,High
1018,0.9997838139533997,0.07675394132015345,0.6628896594047546,0.9056167657176948,High
1019,0.9999755620956421,0.025898674589835524,0.6628896594047546,0.9235023867966184,High
1020,0.9999412298202515,0.09923168624811046,0.6628896594047546,0.8978203951132254,High
1021,0.9999592304229736,0.07608790951159572,0.6628896594047546,0.9059287934003727,High
1022,0.9999371767044067,0.020072790593906875,0.6628896594047546,0.9255241608482087,High
1023,0.9999592304229736,0.10791485217308977,0.6628896594047546,0.8947893634688496,High
1024,0.9999592304229736,0.048656960640384495,0.6628896594047546,0.9155296255052966,High
1025,0.9999487400054932,0.06773912989360253,0.6628896594047546,0.908846157499733,High
1026,0.9999116659164429,0.042651953113417185,0.6628896594047546,0.9176099800722607,High
1027,0.9999327659606934,0.023415070342781896,0.6628896594047546,0.9243523959828247,High
1028,0.9999467134475708,0.09693140716768123,0.6628896594047546,0.8986279365818114,High
1029,0.9999291896820068,0.031204893747321605,0.6628896594047546,0.921624348465827,High
1030,0.999902606010437,0.11283556668862343,0.6628896594047546,0.8930416324027715,High
1031,0.9999593496322632,0.06393468615976328,0.6628896594047546,0.9101824811781588,High
1032,0.9999332427978516,0.09608493651603217,0.6628896594047546,0.8989181514384439,High
1033,0.9999630451202393,0.10300991263728532,0.6628896594047546,0.8965078208410797,High
1034,0.9997406601905823,0.11641508705230291,0.6628896594047546,0.8917159335972457,High
1035,0.9999494552612305,0.10482026617578627,0.6628896594047546,0.8958680876265149,High
1036,0.999881386756897,0.09069804018743088,0.6628896594047546,0.9007802299350248,High
1037,0.9999622106552124,0.08255390278704539,0.6628896594047546,0.9036670368584726,High
1038,0.9999159574508667,0.039664713919484895,0.6628896594047546,0.9186574509410922,High
1039,0.9998977184295654,0.10415474005860814,0.6628896594047546,0.8960777461537425,High
1040,0.9999244213104248,0.0862984392119816,0.6628896594047546,0.902339461785984,High
1041,0.9787799119949341,0.045076478074942083,0.6628896594047546,0.9072521011105835,High
1042,0.9997610449790955,0.07190592130015483,0.6628896594047546,0.9073033207257929,High
1043,0.999908447265625,0.06705023350123795,0.6628896594047546,0.9090691514250488,High
1044,0.9999494552612305,0.07557030446782831,0.6628896594047546,0.9061055742243002,High
1045,0.9999592304229736,0.07513548367270384,0.6628896594047546,0.9062621424439848,High
1046,0.9999438524246216,0.07513548367270384,0.6628896594047546,0.9062552283051909,High
1047,0.9999592304229736,0.07513548367270384,0.6628896594047546,0.9062621424439848,High
1048,0.9998840093612671,0.0823247805803799,0.6628896594047546,0.9037120628903881,High
1049,0.9999592304229736,0.0654907645249756,0.6628896594047546,0.9096377941456896,High
1050,0.999948263168335,0.10124389922183141,0.6628896594047546,0.8971192796185962,High
1051,0.9999244213104248,0.08659855291039087,0.6628896594047546,0.9022344219915407,High
1052,0.9999041557312012,0.03942074294004627,0.6628896594047546,0.9187375359705107,High
1053,0.9999755620956421,0.025898674589835524,0.6628896594047546,0.9235023867966184,High
1054,0.9998561143875122,0.06762955649884261,0.6628896594047546,0.9088428147388786,High
1055,0.9999362230300903,0.01947803181642238,0.6628896594047546,0.9257319091878148,High
1056,0.9999494552612305,0.10424251638003301,0.6628896594047546,0.8960703000550286,High
1057,0.9999643564224243,0.10728502816389507,0.6628896594047546,0.8950121264532142,High
1058,0.9999498128890991,0.07431497617233185,0.6628896594047546,0.9065450881393359,High
1059,0.9996871948242188,0.07444205996330455,0.6628896594047546,0.9063824426042283,High
1060,0.9999349117279053,0.02225735200043255,0.6628896594047546,0.9247585510769635,High
1061,0.9999039173126221,0.08178333088420431,0.6628896594047546,0.9039105109807658,High
1062,0.9999362230300903,0.018523895578789973,0.6628896594047546,0.9260658568709861,High
1063,0.9999592304229736,0.07513548367270384,0.6628896594047546,0.9062621424439848,High
1064,0.9999043941497803,0.03954274218538434,0.6628896594047546,0.9186949256416096,High
1065,0.9997015595436096,0.014844562375134318,0.6628896594047546,0.927248033864046,High
1066,0.9999300241470337,0.1040751214726599,0.6628896594047546,0.8961201263898272,High
1067,0.9999349117279053,0.02225735200043255,0.6628896594047546,0.9247585510769635,High
1068,0.9999592304229736,0.0660499053387964,0.6628896594047546,0.9094420948608524,High
1069,0.9999290704727173,-0.026308675888503497,0.6628896594047546,0.9325460016727447,High
1070,0.9999762773513794,0.026878414106785375,0.6628896594047546,0.9231598057912322,High
1071,0.9999498128890991,0.07000837653122594,0.6628896594047546,0.9080523980137231,High
1072,0.9999550580978394,0.10184140520330953,0.6628896594047546,0.8969131923619623,High
1073,0.9999362230300903,0.020615472983738115,0.6628896594047546,0.9253338047792542,High
1074,0.9999501705169678,0.049246283096643806,0.6628896594047546,0.915319309529761,High
1075,0.7291388511657715,0.17867953923501195,0.6628896594047546,0.7481525761732938,High
1076,0.9998761415481567,0.08178333088420431,0.6628896594047546,0.9038980238076854,High
1077,0.9999545812606812,0.10542320457420001,0.6628896594047546,0.895659353965894,High
1078,0.9999592304229736,0.1037248917047433,0.6628896594047546,0.8962558496327709,High
1079,0.9998551607131958,0.03708470229198846,0.6628896594047546,0.9195330964787641,High
1080,0.9998825788497925,0.08434926236680806,0.6628896594047546,0.9030028386140457,High
1081,0.9717009663581848,0.14809047738874026,0.6628896594047546,0.8680116907153782,High
1082,0.9999536275863647,0.07610587618526876,0.6628896594047546,0.9059200016695065,High
1083,0.9999592304229736,0.1037248917047433,0.6628896594047546,0.8962558496327709,High
1084,0.999931812286377,0.08535802515191715,0.6628896594047546,0.9026719147647916,High
1085,0.9999281167984009,0.024293735784051473,0.6628896594047546,0.9240427769158133,High
1086,0.9999438524246216,0.10633466343977455,0.6628896594047546,0.8953355153867161,High
1087,0.9999250173568726,0.018650607133045116,0.6628896594047546,0.9260164712345132,High
1088,0.9999358654022217,0.08422551259959754,0.6628896594047546,0.9030701419020916,High
1089,0.9998923540115356,0.08178333088420431,0.6628896594047546,0.9039053253766703,High
1090,0.9361060261726379,0.16951764878967818,0.6628896594047546,0.8444944457206249,High
1091,0.9970914125442505,0.19089162939585536,0.6628896594047546,0.8644569912768497,High
1092,0.9999291896820068,0.024293735784051473,0.6628896594047546,0.9240432537529715,High
1093,0.9999039173126221,0.08178333088420431,0.6628896594047546,0.9039105109807658,High
1094,0.9999399185180664,0.10713841694148818,0.6628896594047546,0.8950524433240955,High
1095,0.9999696016311646,0.026039317128246142,0.6628896594047546,0.9234504796991598,High
1096,0.999947190284729,0.07571791056567134,0.6628896594047546,0.906052898811094,High
1097,0.9999611377716064,0.07608790951159572,0.6628896594047546,0.9059296576677219,High
1098,0.9998977184295654,0.10415474005860814,0.6628896594047546,0.8960777461537425,High
1099,0.999961256980896,0.06469898813649488,0.6628896594047546,0.9099158397536519,High
1100,0.9999513626098633,0.11137695153141514,0.6628896594047546,0.8935741120193941,High
1101,0.9999734163284302,0.03866276976246508,0.6628896594047546,0.9190339998118816,High
1102,0.9994800686836243,-0.015001883632486002,0.6628896594047546,0.9323439419269561,High
1103,0.9999474287033081,0.08363254622821181,0.6628896594047546,0.9032828657361719,High
1104,0.9999222755432129,0.0582325995202414,0.6628896594047546,0.9121615222014543,High
1105,0.9999494552612305,0.0660499053387964,0.6628896594047546,0.9094377139194614,High
1106,0.999947190284729,0.07571791056567134,0.6628896594047546,0.906052898811094,High
1107,0.9999362230300903,0.020741712880298357,0.6628896594047546,0.9252896208154582,High
1108,0.9999762773513794,-0.0009898310936696797,0.6628896594047546,0.9325672507286071,High
1109,0.9999536275863647,0.04633287517781659,0.6628896594047546,0.9163405520221147,High
1110,0.9999592304229736,0.07997155814453638,0.6628896594047546,0.9045695163788433,High
1111,0.99992835521698,0.029946420224504777,0.6628896594047546,0.9220644267686218,High
1112,0.9999563694000244,0.10846305738626344,0.6628896594047546,0.8945962101443762,High
1113,0.9999762773513794,-0.0014743491563160571,0.6628896594047546,0.9325672507286071,High
1114,0.9999039173126221,0.0897958404790451,0.6628896594047546,0.9011061326225717,High
1115,0.9999294281005859,0.024168297061194166,0.6628896594047546,0.9240872467129387,High
1116,0.9999327659606934,0.027321387396081587,0.6628896594047546,0.9229851850141698,High
1117,0.999950647354126,0.0716796260779543,0.6628896594047546,0.9074678481025591,High
1118,0.999908447265625,0.06797301502163111,0.6628896594047546,0.9087461778929112,High
1119,0.9999362230300903,0.02561333133725363,0.6628896594047546,0.9235845543555238,High
1120,0.9999438524246216,0.07513548367270384,0.6628896594047546,0.9062552283051909,High
1121,0.9999592304229736,0.07513548367270384,0.6628896594047546,0.9062621424439848,High
1122,0.9999772310256958,0.013589206287981992,0.6628896594047546,0.9278114457603269,High
1123,0.9999314546585083,-0.015066753633737773,0.6628896594047546,0.9325470745563507,High
1124,0.9999303817749023,0.09814915338229357,0.6628896594047546,0.8981943940353897,High
1125,0.999971866607666,-0.0008587191288352836,0.6628896594047546,0.9325652539730072,High
1126,0.9999245405197144,0.08569551075604542,0.6628896594047546,0.9025505463502065,High
1127,0.9999438524246216,0.04889676649358354,0.6628896594047546,0.915438779317883,High
1128,0.9999592304229736,0.07513548367270384,0.6628896594047546,0.9062621424439848,High
1129,0.9999510049819946,0.07684927196050573,0.6628896594047546,0.9056586210552781,High
1130,0.9999332427978516,0.05817280556239457,0.6628896594047546,0.9121873972722171,High
1131,0.9999715089797974,-0.006632563527174784,0.6628896594047546,0.9325651049613952,High
1132,0.9999438524246216,0.07513548367270384,0.6628896594047546,0.9062552283051909,High
1133,0.9999685287475586,0.05498935976806307,0.6628896594047546,0.9133174879380658,High
1134,0.9998551607131958,-0.01219768702290791,0.6628896594047546,0.93251274228096,High
1135,0.9999611377716064,0.048202705460794415,0.6628896594047546,0.9156894790855022,High
1136,0.9999510049819946,0.0765226964066894,0.6628896594047546,0.9057729224991137,High
1137,0.9999366998672485,0.06974868097193576,0.6628896594047546,0.9081373905996418,High
1138,0.9999611377716064,0.07610587618526876,0.6628896594047546,0.9059233693319363,High
1139,0.9999589920043945,0.07418257330643063,0.6628896594047546,0.9065955716652132,High
1140,0.9999611377716064,0.04784248636146471,0.6628896594047546,0.9158155557702677,High
1141,0.9998997449874878,0.03454861787549923,0.6628896594047546,0.9204407829875022,High
1142,0.9999438524246216,0.07513548367270384,0.6628896594047546,0.9062552283051909,High
1143,0.973218560218811,0.15726825123001442,0.6628896594047546,0.8654823900884464,High
1144,0.9999275207519531,0.016859185728168913,0.6628896594047546,0.9266446012144707,High
1145,0.9999592304229736,0.06638061205913681,0.6628896594047546,0.9093263475087332,High
1146,0.9999579191207886,0.10124389922183141,0.6628896594047546,0.8971236307576648,High
1147,0.9999043941497803,0.03954274218538434,0.6628896594047546,0.9186949256416096,High
1148,0.9999039173126221,0.08889383217838487,0.6628896594047546,0.9014218355278026,High
1149,0.9999332427978516,0.09695318595868241,0.6628896594047546,0.8986142641335163,High
1150,0.9999501705169678,0.08463363489790698,0.6628896594047546,0.902933736399319,High
1151,0.9788911938667297,0.19927202272256628,0.6628896594047546,0.8533337581878488,High
1152,0.9999622106552124,0.05580316153380449,0.6628896594047546,0.913029796297107,High
1153,0.9999592304229736,0.07608790951159572,0.6628896594047546,0.9059287934003727,High
1154,0.9999762773513794,0.02650080607224803,0.6628896594047546,0.9232919686033203,High
1155,0.999961256980896,0.10629085540728767,0.6628896594047546,0.8953586862088744,High
1156,0.9998867511749268,0.10415474005860814,0.6628896594047546,0.8960727989682261,High
1157,0.9999349117279053,0.02818718317833424,0.6628896594047546,0.9226831101646978,High
1158,0.9999423027038574,0.07034089535869958,0.6628896594047546,0.9079326487616773,High
1159,0.9999607801437378,0.11839061241511595,0.6628896594047546,0.8911235626398778,High
1160,0.9999592304229736,0.1037248917047433,0.6628896594047546,0.8962558496327709,High
1161,0.9998676776885986,0.09002554186315087,0.6628896594047546,0.9010094352677885,High
1162,0.9999369382858276,0.1049910036153685,0.6628896594047546,0.8958026968837299,High
1163,0.9999362230300903,0.01947803181642238,0.6628896594047546,0.9257319091878148,High
1164,0.9999537467956543,0.08536066735915077,0.6628896594047546,0.9026808843632926,High
1165,0.9999611377716064,0.1058522899525644,0.6628896594047546,0.8955121245133828,High
1166,0.999914288520813,0.026363201908090717,0.6628896594047546,0.9233122350870205,High
1167,0.9999542236328125,0.04717564258174156,0.6628896594047546,0.9160458516516424,High
1168,0.999908447265625,0.0823247805803799,0.6628896594047546,0.9037230599473491,High
1169,0.9999291896820068,0.02454452837559118,0.6628896594047546,0.9239554763459326,High
1170,0.9999611377716064,0.10487307168345145,0.6628896594047546,0.8958548509075724,High
1171,0.9999392032623291,0.07440531067785772,0.6628896594047546,0.9065087026908198,High
1172,0.9998500347137451,0.04706787744617702,0.6628896594047546,0.9160366903959742,High
1173,0.9999550580978394,0.06373521247770864,0.6628896594047546,0.9102503598159227,High
1174,0.9999663829803467,0.025898674589835524,0.6628896594047546,0.9234982442738066,High
1175,0.9999762773513794,0.026878414106785375,0.6628896594047546,0.9231598057912322,High
1176,0.9999438524246216,0.07513548367270384,0.6628896594047546,0.9062552283051909,High
1177,0.9999781847000122,0.03706233979463369,0.6628896594047546,0.9195962960678347,High
1178,0.9999536275863647,0.10828136423840845,0.6628896594047546,0.8946585808509077,High
1179,0.9999291896820068,0.024293735784051473,0.6628896594047546,0.9240432537529715,High
1180,0.9999350309371948,0.08569551075604542,0.6628896594047546,0.9025552551171437,High
1181,0.9999287128448486,0.065444234535051,0.6628896594047546,0.9096403705738649,High
1182,0.9999039173126221,0.09002554186315087,0.6628896594047546,0.9010257371381346,High
1183,0.9999434947967529,0.020199152867159675,0.6628896594047546,0.9254827950755193,High
1184,0.9999290704727173,0.005252300024498169,0.6628896594047546,0.9307076966641704,High
1185,0.9999663829803467,-0.002106890196709399,0.6628896594047546,0.932562780380249,High
1186,0.9999055862426758,0.040948029605601066,0.6628896594047546,0.9182036114863367,High
1187,0.9999487400054932,0.10612986240401545,0.6628896594047546,0.8954094011210885,High
1188,0.9999579191207886,0.10124389922183141,0.6628896594047546,0.8971236307576648,High
1189,0.9999762773513794,0.026878414106785375,0.6628896594047546,0.9231598057912322,High
1190,0.999961256980896,0.10124389922183141,0.6628896594047546,0.8971251208737842,High
1191,0.9998975992202759,0.10834092240480997,0.6628896594047546,0.894612522727927,High
1192,0.9998977184295654,0.10415474005860814,0.6628896594047546,0.8960777461537425,High
1193,0.999961256980896,0.10124389922183141,0.6628896594047546,0.8971251208737842,High
1194,0.9999375343322754,0.023000832219487344,0.6628896594047546,0.9244995250931898,High
1195,0.9999039173126221,0.09002554186315087,0.6628896594047546,0.9010257371381346,High
1196,0.999946117401123,0.0794173440437651,0.6628896594047546,0.9047575904542805,High
1197,0.9999762773513794,0.02650080607224803,0.6628896594047546,0.9232919686033203,High
1198,0.9999630451202393,0.10300991263728532,0.6628896594047546,0.8965078208410797,High
1199,0.9999392032623291,0.0909383238275639,0.6628896594047546,0.9007221480884227,High
1200,0.9999117851257324,0.04015232586756823,0.6628896594047546,0.9184849092129527,High
1201,0.9999141693115234,0.09478226485689656,0.6628896594047546,0.8993655034502938,High
1202,0.9936861395835876,0.18657199371399907,0.6628896594047546,0.8644364879529689,High
1203,0.9999375343322754,0.06726495818615597,0.6628896594047546,0.9090070810048557,High
1204,0.9999314546585083,-0.01839427636090296,0.6628896594047546,0.9325470745563507,High
1205,0.9999592304229736,0.1037248917047433,0.6628896594047546,0.8962558496327709,High
1206,0.9968356490135193,0.07539181067185319,0.6628896594047546,0.9047668312611893,High
1207,0.9999520778656006,0.06373521247770864,0.6628896594047546,0.9102490187114153,High
1208,0.9999274015426636,-0.01392478199674696,0.6628896594047546,0.932545256614685,High
1209,0.999948263168335,0.1074584490893184,0.6628896594047546,0.8949441871649757,High
1210,0.9999327659606934,0.023415070342781896,0.6628896594047546,0.9243523959828247,High
1211,0.9999558925628662,0.10290222867913579,0.6628896594047546,0.8965422915756142,High
1212,0.9999043941497803,0.03978665814855176,0.6628896594047546,0.9186095550545009,High
1213,0.9999579191207886,0.05668137862959688,0.6628896594047546,0.9127205129649468,High
1214,0.9999438524246216,0.07411658574484414,0.6628896594047546,0.9066118425799418,High
1215,0.9998564720153809,0.03157546541699863,0.6628896594047546,0.9214619254314583,High
1216,0.9999579191207886,0.06297344376166225,0.6628896594047546,0.910518290168724,High
1217,0.9999592304229736,0.1037248917047433,0.6628896594047546,0.8962558496327709,High
1218,0.9998977184295654,0.10415474005860814,0.6628896594047546,0.8960777461537425,High
1219,0.999961256980896,0.10124389922183141,0.6628896594047546,0.8971251208737842,High
1220,0.9999154806137085,0.04058664650143651,0.6628896594047546,0.9183345659211525,High
1221,0.9999611377716064,0.07610587618526876,0.6628896594047546,0.9059233693319363,High
1222,0.9999630451202393,0.0977239475490641,0.6628896594047546,0.8983579086219572,High
1223,0.9999393224716187,0.07429117483144776,0.6628896594047546,0.9065487098417081,High
1224,0.9999712705612183,0.10659262339437459,0.6628896594047546,0.8952575675640745,High
1225,0.9999592304229736,0.07633093661100387,0.6628896594047546,0.9058437339155797,High
1226,0.9999507665634155,0.07568415186623045,0.6628896594047546,0.9060663236813072,High
1227,0.9999527931213379,0.058298815801983594,0.6628896594047546,0.9121520853734653,High
1228,0.9998975992202759,0.046713720238183654,0.6628896594047546,0.9161820434862463,High
1229,0.9998676776885986,0.08178333088420431,0.6628896594047546,0.9038942091104197,High
1230,0.9998268485069275,0.04157880895372923,0.6628896594047546,0.9179474335554952,High
1231,0.9999592304229736,0.1037248917047433,0.6628896594047546,0.8962558496327709,High
1232,0.9999592304229736,0.04530220399889551,0.6628896594047546,0.9167037903298177,High
1233,0.999962329864502,0.1109795231103502,0.6628896594047546,0.8937181293499608,High
1234,0.9999592304229736,0.07513548367270384,0.6628896594047546,0.9062621424439848,High
1235,0.9999698400497437,0.02650080607224803,0.6628896594047546,0.9232890777780487,High
1236,0.9999592304229736,0.07513548367270384,0.6628896594047546,0.9062621424439848,High
1237,0.9999504089355469,0.10506302398399892,0.6628896594047546,0.8957835396261539,High
1238,0.9893441200256348,0.1761272910298533,0.6628896594047546,0.8661382340320379,High
1239,0.9999592304229736,0.1037248917047433,0.6628896594047546,0.8962558496327709,High
1240,0.9999501705169678,0.1170291220274815,0.6628896594047546,0.8915953159039679,High
1241,0.9075068831443787,0.14755227150647499,0.6628896594047546,0.8393127312884229,High
1242,0.9999563694000244,0.05645975742740417,0.6628896594047546,0.912797365129977,High
1243,0.9998977184295654,0.10415474005860814,0.6628896594047546,0.8960777461537425,High
1244,0.9999362230300903,0.020741712880298357,0.6628896594047546,0.9252896208154582,High
1245,0.9999327659606934,0.020879495895334443,0.6628896594047546,0.9252398470394313,High
1246,0.9999536275863647,0.0832637458781485,0.6628896594047546,0.9034147472769986,High
1247,0.9999314546585083,0.013186533750931928,0.6628896594047546,0.9279317877435245,High
1248,0.9999256134033203,0.02477600536543423,0.6628896594047546,0.9238728500740786,High
1249,0.9999537467956543,0.06244005333957947,0.6628896594047546,0.9107030992701425,High
1250,0.9999438524246216,0.10195276387375535,0.6628896594047546,0.8968691802348228,High
1251,0.9999510049819946,0.10588015462806716,0.6628896594047546,0.8954978121216315,High
1252,0.999672532081604,-0.027147570695098322,0.6628896594047546,0.9324305474758148,High
1253,0.999908447265625,0.0823247805803799,0.6628896594047546,0.9037230599473491,High
1254,0.999961256980896,0.10025477551222889,0.6628896594047546,0.897471314172145,High
1255,0.9999524354934692,0.0765226964066894,0.6628896594047546,0.9057735781502062,High
1256,0.9999663829803467,0.025898674589835524,0.6628896594047546,0.9234982442738066,High
1257,0.9999523162841797,0.08556088532466616,0.6628896594047546,0.9026101524242697,High
1258,0.999961256980896,0.10124389922183141,0.6628896594047546,0.8971251208737842,High
1259,0.9999270439147949,-0.01899346068251373,0.6628896594047546,0.9325450778007507,High
1260,0.9999363422393799,0.1268858806211693,0.6628896594047546,0.8881392217107981,High
1261,0.9999294281005859,0.014866188083838772,0.6628896594047546,0.9273429848550131,High
1262,0.999948263168335,0.09645316447077495,0.6628896594047546,0.8987960367814659,High
1263,0.9999762773513794,0.030112709127326998,0.6628896594047546,0.9220278025340427,High
1264,0.9999611377716064,0.07590414490383646,0.6628896594047546,0.9059939752804376,High
1265,0.9999516010284424,0.11577321546554759,0.6628896594047546,0.8920355090494149,High
1266,0.9999611377716064,0.07608790951159572,0.6628896594047546,0.9059296576677219,High
1267,0.9999545812606812,0.11035082693269632,0.6628896594047546,0.8939346861404203,High
1268,0.9999611377716064,0.10487307168345145,0.6628896594047546,0.8958548509075724,High
1269,0.9999592304229736,0.07513548367270384,0.6628896594047546,0.9062621424439848,High
1270,0.9999592304229736,0.07513548367270384,0.6628896594047546,0.9062621424439848,High
1271,0.9998977184295654,0.10415474005860814,0.6628896594047546,0.8960777461537425,High
1272,0.9999593496322632,0.10176421785760131,0.6628896594047546,0.8969421450839155,High
1273,0.9999706745147705,0.035569696705829656,0.6628896594047546,0.9201153236841638,High
1274,0.9999592304229736,0.1037248917047433,0.6628896594047546,0.8962558496327709,High
1275,0.9999550580978394,0.10184140520330953,0.6628896594047546,0.8969131923619623,High
1276,0.9999146461486816,0.032479750800083695,0.6628896594047546,0.9211715919864348,High
1277,0.9999421834945679,0.1041007411837146,0.6628896594047546,0.8961166431182773,High
1278,0.999961256980896,0.10124389922183141,0.6628896594047546,0.8971251208737842,High
1279,0.9999362230300903,0.019983846263373684,0.6628896594047546,0.9255548741313818,High
1280,0.9999274015426636,0.008990217880317397,0.6628896594047546,0.9293986803565739,High
1281,0.9999312162399292,0.0076963834389151,0.6628896594047546,0.9298532211434408,High
1282,0.9999300241470337,0.08569551075604542,0.6628896594047546,0.9025529901406423,High
1283,0.9999755620956421,0.025898674589835524,0.6628896594047546,0.9235023867966184,High
1284,0.9999039173126221,0.08178333088420431,0.6628896594047546,0.9039105109807658,High
1285,0.9999494552612305,0.0760204544152322,0.6628896594047546,0.9059480217427088,High
1286,0.999919056892395,0.024293735784051473,0.6628896594047546,0.9240386939976462,High
1287,0.9999592304229736,0.10487307168345145,0.6628896594047546,0.8958539866402232,High
1288,0.9999516010284424,0.07990574539702588,0.6628896594047546,0.9045891235733975,High
1289,0.9998501539230347,0.0823960210887788,0.6628896594047546,0.903671869923386,High
1290,0.9999592304229736,0.1037248917047433,0.6628896594047546,0.8962558496327709,High
1291,0.9999312162399292,0.008743864692912995,0.6628896594047546,0.9294866027045415,High
1292,0.9999281167984009,0.024293735784051473,0.6628896594047546,0.9240427769158133,High
1293,0.9999516010284424,0.07230782887307596,0.6628896594047546,0.90724839435678,High
1294,0.9998676776885986,0.08178333088420431,0.6628896594047546,0.9038942091104197,High
1295,0.9999589920043945,0.04121404080526192,0.6628896594047546,0.9181345580406223,High
1296,0.9999585151672363,0.10962868785376195,0.6628896594047546,0.8941892229573906,High
1297,0.9999301433563232,0.06883157638640836,0.6628896594047546,0.90845542677466,High
1298,0.999961256980896,0.10124389922183141,0.6628896594047546,0.8971251208737842,High
1299,0.9999592304229736,0.07608790951159572,0.6628896594047546,0.9059287934003727,High
1300,0.9999630451202393,0.10251804291562139,0.6628896594047546,0.8966799752436622,High
1301,0.9999452829360962,0.10000440635006574,0.6628896594047546,0.8975517610192066,High
1302,0.9999208450317383,0.11299079268585654,0.6628896594047546,0.8929955287447188,High
1303,0.999908447265625,0.0834625210077456,0.6628896594047546,0.9033248507977713,High
1304,0.9999592304229736,0.07513548367270384,0.6628896594047546,0.9062621424439848,High
1305,0.9999725818634033,0.025898674589835524,0.6628896594047546,0.923501045692111,High
1306,0.9999250173568726,0.016859185728168913,0.6628896594047546,0.9266434687262199,High
1307,0.9999611377716064,0.07610587618526876,0.6628896594047546,0.9059233693319363,High
1308,0.9999039173126221,0.04595038849691513,0.6628896594047546,0.9164520408163171,High
1309,0.9999755620956421,0.025898674589835524,0.6628896594047546,0.9235023867966184,High
1310,0.9997791647911072,0.07799470825465016,0.6628896594047546,0.9051804111280538,High
1311,0.9999536275863647,0.07610587618526876,0.6628896594047546,0.9059200016695065,High
1312,0.9999406337738037,0.1013335221665771,0.6628896594047546,0.8970844843208606,High
1313,0.9999611377716064,0.10547047760729167,0.6628896594047546,0.8956457588342283,High
1314,0.9999762773513794,-0.0009898310936696797,0.6628896594047546,0.9325672507286071,High
1315,0.9999203681945801,0.02454452837559118,0.6628896594047546,0.923951512637055,High
1316,0.9999775886535645,0.03186573755894273,0.6628896594047546,0.9214148386294249,High
1317,0.9999573230743408,0.07557030446782831,0.6628896594047546,0.9061091207006643,High
1318,0.9999427795410156,0.05682061685620965,0.6628896594047546,0.9126649548538056,High
1319,0.9999309778213501,0.08433740821964036,0.6628896594047546,0.9030287730632198,High
1320,0.9998929500579834,0.05591839564920642,0.6628896594047546,0.9129583209298212,High
1321,0.9999250173568726,0.019240939768832677,0.6628896594047546,0.9258098548119876,High
1322,0.9999611377716064,0.07610587618526876,0.6628896594047546,0.9059233693319363,High
1323,0.9999611377716064,0.07610587618526876,0.6628896594047546,0.9059233693319363,High
1324,0.9999592304229736,0.07513548367270384,0.6628896594047546,0.9062621424439848,High
1325,0.9984474778175354,0.14307197838600072,0.6628896594047546,0.8818041014835093,High
1326,0.9999362230300903,0.018903944526362015,0.6628896594047546,0.9259328397393359,High
1327,0.9998977184295654,0.0460258336765611,0.6628896594047546,0.9164228633874589,High
1328,0.9999039173126221,0.09055804183827776,0.6628896594047546,0.9008393621468401,High
1329,0.999908447265625,0.0823247805803799,0.6628896594047546,0.9037230599473491,High
1330,0.9999663829803467,0.025898674589835524,0.6628896594047546,0.9234982442738066,High
1331,0.9999474287033081,0.1037248917047433,0.6628896594047546,0.8962505448193859,High
1332,0.9999314546585083,-0.0049031989475056825,0.6628896594047546,0.9325470745563507,High
1333,0.9999762773513794,0.02650080607224803,0.6628896594047546,0.9232919686033203,High
1334,0.9999250173568726,0.018523895578789973,0.6628896594047546,0.9260608202785026,High
1335,0.9999425411224365,0.09065590390370953,0.6628896594047546,0.9008224851778911,High
1336,0.9999592304229736,0.1037248917047433,0.6628896594047546,0.8962558496327709,High
1337,0.9999573230743408,0.10424251638003301,0.6628896594047546,0.8960738465313928,High
1338,0.9999592304229736,0.1037248917047433,0.6628896594047546,0.8962558496327709,High
1339,0.9999592304229736,0.1037248917047433,0.6628896594047546,0.8962558496327709,High
1340,0.9999039173126221,0.08178333088420431,0.6628896594047546,0.9039105109807658,High
1341,0.9998977184295654,0.11117193934006547,0.6628896594047546,0.8936217264052324,High
1342,0.9997753500938416,0.07331069663225265,0.6628896594047546,0.9068180866611945,High
1343,0.9999611377716064,0.1058744867988024,0.6628896594047546,0.8955043556171994,High
1344,0.999961256980896,0.10124389922183141,0.6628896594047546,0.8971251208737842,High
1345,0.9999487400054932,0.10612986240401545,0.6628896594047546,0.8954094011210885,High
1346,0.9995599389076233,0.012426620100369878,0.6628896594047546,0.9280305664926262,High
1347,0.9999592304229736,0.10487307168345145,0.6628896594047546,0.8958539866402232,High
1348,0.999881386756897,0.1007458738533617,0.6628896594047546,0.8972634881519489,High
1349,0.9999663829803467,0.025898674589835524,0.6628896594047546,0.9234982442738066,High
1350,0.9999592304229736,0.07513548367270384,0.6628896594047546,0.9062621424439848,High
1351,0.9999731779098511,-0.03734393414382564,0.6628896594047546,0.9325658500194549,High
1352,0.9999250173568726,0.024471389100319874,0.6628896594047546,0.9239791975459671,High
1353,0.9999592304229736,0.07513548367270384,0.6628896594047546,0.9062621424439848,High
1354,0.9999450445175171,0.09569062478397755,0.6628896594047546,0.8990614653580481,High
1355,0.9999040365219116,0.050789099454227826,0.6628896594047546,0.9147585515859024,High
1356,0.9952534437179565,0.04987437152754004,0.6628896594047546,0.9129859276775344,High
1357,0.9998952150344849,0.05146077570929097,0.6628896594047546,0.9145195011877528,High
1358,0.999962568283081,0.10443499442820114,0.6628896594047546,0.8960088335980024,High
1359,0.9999611377716064,0.07333415922459141,0.6628896594047546,0.9068934702681734,High
1360,0.9999294281005859,0.023935953006078536,0.6628896594047546,0.9241685671322292,High
1361,0.9999176263809204,0.01645444806784835,0.6628896594047546,0.9267817890472246,High
1362,0.9999673366546631,-0.051069519165132804,0.6628896594047546,0.9325632274150848,High
1363,0.9999294281005859,0.00956226118111092,0.6628896594047546,0.9291993592709679,High
1364,0.9996691942214966,0.07709999859422922,0.6628896594047546,0.9054440578517152,High
1365,0.9999381303787231,0.08524635973631528,0.6628896594047546,0.9027138586832014,High
1366,0.9999402761459351,0.09751385245119731,0.6628896594047546,0.8984211899073091,High
1367,0.9999027252197266,0.05966065010468613,0.6628896594047546,0.9116529128117943,High
1368,0.9999145269393921,0.039467418191360126,0.6628896594047546,0.9187258487948434,High
1369,0.9996594190597534,0.058136723404882296,0.6628896594047546,0.9120767934242732,High
1370,0.9998810291290283,0.03309516647545774,0.6628896594047546,0.9209410867226034,High
1371,0.9998977184295654,0.10415474005860814,0.6628896594047546,0.8960777461537425,High
1372,0.9998550415039062,0.033340936365601204,0.6628896594047546,0.9208433549483549,High
1373,0.999947190284729,0.07571791056567134,0.6628896594047546,0.906052898811094,High
1374,0.9999339580535889,0.0309916021204254,0.6628896594047546,0.9217011463024526,High
1375,0.9999258518218994,0.09887901939658783,0.6628896594047546,0.897936884570142,High
1376,0.999822199344635,0.08236271131141121,0.6628896594047546,0.903670951765417,High
1377,0.9998247027397156,0.04617572416591975,0.6628896594047546,0.9163375297545898,High
1378,0.9999548196792603,0.10290222867913579,0.6628896594047546,0.896541814738456,High
1379,0.9999630451202393,0.10288729184330397,0.6628896594047546,0.8965507381189732,High
1380,0.9999419450759888,0.023034961296907075,0.6628896594047546,0.9244895468693705,High
1381,0.9999274015426636,0.02841277187595803,0.6628896594047546,0.9226007864580997,High
1382,0.9999485015869141,0.0830578712923371,0.6628896594047546,0.9034844788008863,High
1383,0.9999630451202393,0.10251804291562139,0.6628896594047546,0.8966799752436622,High
1384,0.9999592304229736,0.07513548367270384,0.6628896594047546,0.9062621424439848,High
1385,0.9999536275863647,0.07610587618526876,0.6628896594047546,0.9059200016695065,High
1386,0.9999538660049438,0.08489739559431309,0.6628896594047546,0.9028430592833081,High
1387,0.9999245405197144,0.07311450578092471,0.6628896594047546,0.9069538980914987,High
1388,0.9994729161262512,0.06070576716510234,0.6628896594047546,0.9110937047683524,High
1389,0.999936580657959,0.04679888069625304,0.6628896594047546,0.916169761091486,High
1390,0.999947190284729,0.10517700023479493,0.6628896594047546,0.8957422174269006,High
1391,0.9999755620956421,-0.002106890196709399,0.6628896594047546,0.9325669229030609,High
1392,0.9999685287475586,0.025898674589835524,0.6628896594047546,0.9234992277504454,High
1393,0.9999542236328125,0.07513548367270384,0.6628896594047546,0.9062599072698058,High
1394,0.9999403953552246,0.021464192654180647,0.6628896594047546,0.9250386304409098,High
1395,0.9999140501022339,0.04700820884484591,0.6628896594047546,0.9160863634498667,High
1396,0.999936580657959,0.0471626517181134,0.6628896594047546,0.9160424412338348,High
1397,0.9999510049819946,0.10588015462806716,0.6628896594047546,0.8954978121216315,High
1398,0.9999592304229736,0.1037248917047433,0.6628896594047546,0.8962558496327709,High
1399,0.9999250173568726,0.013434844377045119,0.6628896594047546,0.9278419881991132,High
1400,0.9998980760574341,0.04786080244826396,0.6628896594047546,0.9157807733289749,High
1401,0.9999362230300903,0.020741712880298357,0.6628896594047546,0.9252896208154582,High
1402,0.999961256980896,0.10124389922183141,0.6628896594047546,0.8971251208737842,High
1403,0.9999592304229736,0.07513548367270384,0.6628896594047546,0.9062621424439848,High
1404,0.9999294281005859,0.017374207619611615,0.6628896594047546,0.9264651780174925,High
1405,0.9999290704727173,-0.011892327549371418,0.6628896594047546,0.9325460016727447,High
1406,0.9999685287475586,0.042419011363478365,0.6628896594047546,0.9177171098796704,High
1407,0.999907374382019,0.04532330212210234,0.6628896594047546,0.9166730707682657,High
1408,0.9997052550315857,0.0874590262101353,0.6628896594047546,0.9018346404518492,High
1409,0.999961256980896,0.06379257954078665,0.6628896594047546,0.9102330827621498,High
1410,0.9999630451202393,0.0977239475490641,0.6628896594047546,0.8983579086219572,High
1411,0.9997579455375671,0.07353938473942012,0.6628896594047546,0.9067302078128979,High
1412,0.9999039173126221,0.08315991640440801,0.6628896594047546,0.9034287060486946,High
1413,0.9999663829803467,0.025898674589835524,0.6628896594047546,0.9234982442738066,High
1414,0.9999507665634155,0.09689720496638726,0.6628896594047546,0.8986417550962523,High
1415,0.9999589920043945,0.0774514555315825,0.6628896594047546,0.9054514628864101,High
1416,0.9999592304229736,0.11347341859022703,0.6628896594047546,0.8928438652228516,High
1417,0.999954342842102,0.11511573103676309,0.6628896594047546,0.8922668802970297,High
1418,0.9998794794082642,0.031963583630710946,0.6628896594047546,0.9213364254625275,High
1419,0.9999039173126221,0.08178333088420431,0.6628896594047546,0.9039105109807658,High
1420,0.9999592304229736,0.1037248917047433,0.6628896594047546,0.8962558496327709,High
1421,0.999945878982544,-0.01062721567857594,0.6628896594047546,0.9325535714626312,High
1422,0.9999592304229736,0.07513548367270384,0.6628896594047546,0.9062621424439848,High
1423,0.9999250173568726,0.013818335342474453,0.6628896594047546,0.927707766361213,High
1424,0.9999630451202393,0.10273355979963872,0.6628896594047546,0.8966045443342561,High
1425,0.999936580657959,0.08422551259959754,0.6628896594047546,0.9030704399253154,High
1426,0.9999167919158936,0.09866176350087785,0.6628896594047546,0.8980088710177957,High
1427,0.9999203681945801,0.033697422612792516,0.6628896594047546,0.9207479996540345,High
1428,0.9993189573287964,-0.010278005265080603,0.6628896594047546,0.9322714626789093,High
1429,0.999961256980896,0.09993104328497371,0.6628896594047546,0.8975846204516843,High
1430,0.9981222748756409,0.019893541186363328,0.6628896594047546,0.9247701952981364,High
1431,0.9999527931213379,0.10963431084485742,0.6628896594047546,0.8941846621084594,High
1432,0.9999327659606934,0.025644012030881846,0.6628896594047546,0.9235722663919897,High
1433,0.9631064534187317,0.020454885817252855,0.6628896594047546,0.9088166109821805,High
1434,0.9999494552612305,0.10770599702994615,0.6628896594047546,0.894858081827559,High
1435,0.9999504089355469,0.0765226964066894,0.6628896594047546,0.9057726542782122,High
1436,0.9931169748306274,0.18461326200145795,0.6628896594047546,0.8648659228937584,High
1437,0.9995777010917664,0.07390775463685861,0.6628896594047546,0.9065201862295774,High
1438,0.9999643564224243,0.05431375952299877,0.6628896594047546,0.9135520704775278,High
1439,0.999961256980896,0.06353531798265732,0.6628896594047546,0.9103231243074951,High
1440,0.9999592304229736,0.0654907645249756,0.6628896594047546,0.9096377941456896,High
1441,0.9999762773513794,0.026878414106785375,0.6628896594047546,0.9231598057912322,High
1442,0.9999762773513794,0.026878414106785375,0.6628896594047546,0.9231598057912322,High
1443,0.9998676776885986,0.08178333088420431,0.6628896594047546,0.9038942091104197,High
1444,0.9999750852584839,0.02650080607224803,0.6628896594047546,0.9232914321615173,High
1445,0.9999362230300903,0.020615472983738115,0.6628896594047546,0.9253338047792542,High
1446,0.999832034111023,-0.044719463653321134,0.6628896594047546,0.9325023412704467,High
1447,0.9999592304229736,0.1037248917047433,0.6628896594047546,0.8962558496327709,High
1448,0.9996869564056396,0.08333538311494276,0.6628896594047546,0.9032696602918653,High
1449,0.9999438524246216,0.07513548367270384,0.6628896594047546,0.9062552283051909,High
1450,0.9999358654022217,0.02140748611193455,0.6628896594047546,0.9250564511727736,High
1451,0.9999592304229736,0.07513548367270384,0.6628896594047546,0.9062621424439848,High
1452,0.9999094009399414,0.039348740398104876,0.6628896594047546,0.9187650912436588,High
1453,0.999970555305481,0.02650080607224803,0.6628896594047546,0.9232893758012726,High
1454,0.999961256980896,0.10124389922183141,0.6628896594047546,0.8971251208737842,High
1455,0.999881386756897,0.08290478099030651,0.6628896594047546,0.9035078706540183,High
1456,0.9998887777328491,0.0378829936222882,0.6628896594047546,0.9192688340929321,High
1457,0.9999374151229858,0.08536066735915077,0.6628896594047546,0.9026735231896629,High
1458,0.999961256980896,0.10124389922183141,0.6628896594047546,0.8971251208737842,High
1459,0.9999250173568726,0.0329914240246566,0.6628896594047546,0.9209971853224492,High
1460,0.9998561143875122,0.06623801720681377,0.6628896594047546,0.9093298534910886,High
1461,0.9999039173126221,0.08178333088420431,0.6628896594047546,0.9039105109807658,High
1462,0.9999266862869263,0.03458153843042222,0.6628896594047546,0.920441390338491,High
1463,0.9999039173126221,0.08178333088420431,0.6628896594047546,0.9039105109807658,High
1464,0.999931812286377,0.08569551075604542,0.6628896594047546,0.9025537948033467,High
1465,0.9999504089355469,0.0765226964066894,0.6628896594047546,0.9057726542782122,High
1466,0.9999138116836548,0.028051233485590132,0.6628896594047546,0.9227212154186389,High
1467,0.999961256980896,0.11464642925901292,0.6628896594047546,0.8924342353607706,High
1468,0.9999455213546753,0.11773921730943937,0.6628896594047546,0.8913446665903931,High
1469,0.9999203681945801,0.025414079586794203,0.6628896594047546,0.923647169713134,High
1470,0.9999507665634155,0.07568415186623045,0.6628896594047546,0.9060663236813072,High
1471,0.9965865612030029,0.07260681686296722,0.6628896594047546,0.9056294925597992,High
1472,0.9999611377716064,0.10595930866203768,0.6628896594047546,0.8954746679650673,High
1473,0.9997460246086121,0.0736536901170084,0.6628896594047546,0.9066848365127121,High
1474,0.9999419450759888,0.0854696653865945,0.6628896594047546,0.9026374004379799,High
1475,0.9999438524246216,0.07513548367270384,0.6628896594047546,0.9062552283051909,High
1476,0.9999421834945679,0.07693590070848888,0.6628896594047546,0.9056243372846063,High
1477,0.9999327659606934,0.023415070342781896,0.6628896594047546,0.9243523959828247,High
1478,0.9999643564224243,0.07436798630281638,0.6628896594047546,0.9065330911045916,High
1479,0.9999459981918335,0.11559347463058234,0.6628896594047546,0.8920959149465721,High
1480,0.9999527931213379,0.07534463753445275,0.6628896594047546,0.906186047767101,High
1481,0.999961256980896,0.10025477551222889,0.6628896594047546,0.897471314172145,High
1482,0.9999558925628662,0.10290222867913579,0.6628896594047546,0.8965422915756142,High
1483,0.9999294281005859,0.011829164281322635,0.6628896594047546,0.9284059431858936,High
1484,0.9999039173126221,0.09002554186315087,0.6628896594047546,0.9010257371381346,High
1485,0.9999592304229736,0.07608790951159572,0.6628896594047546,0.9059287934003727,High
1486,0.9999504089355469,0.0674692102789205,0.6628896594047546,0.9089413744229314,High
1487,0.9999498128890991,0.10184140520330953,0.6628896594047546,0.8969108379784937,High
1488,0.9998867511749268,0.10415474005860814,0.6628896594047546,0.8960727989682261,High
1489,0.9998676776885986,0.08178333088420431,0.6628896594047546,0.9038942091104197,High
1490,0.9997915625572205,0.07991952097558486,0.6628896594047546,0.9045122997100131,High
1491,0.9993333220481873,0.0211104184064006,0.6628896594047546,0.9248892833406271,High
1492,0.9999228715896606,0.022332524762024963,0.6628896594047546,0.9247268165877315,High
1493,0.9999604225158691,0.08369223589617375,0.6628896594047546,0.9032678156075732,High
1494,0.9999494552612305,0.09545772801129337,0.6628896594047546,0.8991449759840874,High
1495,0.9999039173126221,0.08178333088420431,0.6628896594047546,0.9039105109807658,High
1496,0.999961256980896,0.10124389922183141,0.6628896594047546,0.8971251208737842,High
1497,0.9999603033065796,0.11319984557532375,0.6628896594047546,0.8929401224175484,High
1498,0.9998810291290283,0.08290478099030651,0.6628896594047546,0.9035077216424063,High
1499,0.9994726777076721,0.053667753206786184,0.6628896594047546,0.9135569202467959,High
1500,0.9999485015869141,0.1009739031148299,0.6628896594047546,0.8972138676630138,High
1501,0.9999592304229736,0.0654907645249756,0.6628896594047546,0.9096377941456896,High
1502,0.9999338388442993,0.02200552752803453,0.6628896594047546,0.9248462128051446,High
1503,0.9999003410339355,0.1069976840616666,0.6628896594047546,0.8950838780432452,High
1504,0.9999611377716064,0.07590414490383646,0.6628896594047546,0.9059939752804376,High
1505,0.9999755620956421,0.025542719469796582,0.6628896594047546,0.9236269710886321,High
1506,0.9999151229858398,0.025414079586794203,0.6628896594047546,0.923644785527343,High
1507,0.9999349117279053,0.02124638785554167,0.6628896594047546,0.9251123885276752,High
1508,0.9999611377716064,0.07608790951159572,0.6628896594047546,0.9059296576677219,High
1509,0.9999524354934692,0.1058744867988024,0.6628896594047546,0.8955004515129666,High
1510,0.9999375343322754,0.05572654810152211,0.6628896594047546,0.9130455245344776,High
1511,0.9999595880508423,0.1086758933313326,0.6628896594047546,0.8945231778773991,High
1512,0.9999524354934692,0.10773303058833056,0.6628896594047546,0.8948499611866318,High
1513,0.9999148845672607,0.11135896093445602,0.6628896594047546,0.8935639876486942,High
1514,0.9999663829803467,0.025542719469796582,0.6628896594047546,0.9236228285658202,High
1515,0.9999338388442993,0.02200552752803453,0.6628896594047546,0.9248462128051446,High
1516,0.9999501705169678,0.0765226964066894,0.6628896594047546,0.905772564871245,High
1517,0.9999630451202393,0.10189454144534565,0.6628896594047546,0.8968982007582587,High
1518,0.9999039173126221,0.0877279793479005,0.6628896594047546,0.9018298840184723,High
1519,0.9999727010726929,0.027339324437905765,0.6628896594047546,0.9229968778499312,High
1520,0.999961256980896,0.10124389922183141,0.6628896594047546,0.8971251208737842,High
1521,0.9999287128448486,0.065444234535051,0.6628896594047546,0.9096403705738649,High
1522,0.9999487400054932,0.06773912989360253,0.6628896594047546,0.908846157499733,High
1523,0.9999696016311646,0.02645514141413463,0.6628896594047546,0.9233049411990989,High
1524,0.9985634684562683,0.06023915205459973,0.6628896594047546,0.9108477745660005,High
1525,0.9998971223831177,0.027804327009312124,0.6628896594047546,0.9228001225000946,High
1526,0.9999291896820068,0.024293735784051473,0.6628896594047546,0.9240432537529715,High
1527,0.999908447265625,0.0823247805803799,0.6628896594047546,0.9037230599473491,High
1528,0.9999611377716064,0.048082659506590075,0.6628896594047546,0.9157314951694738,High
1529,0.9999611377716064,0.07567652368017419,0.6628896594047546,0.9060736427087194,High
1530,0.9999585151672363,0.10714862059685798,0.6628896594047546,0.8950572464973069,High
1531,0.999523401260376,0.061699627214297115,0.6628896594047546,0.9107685929231161,High
1532,0.9999704360961914,0.02650080607224803,0.6628896594047546,0.9232893459989502,High
1533,0.9998536109924316,0.12087726023402445,0.6628896594047546,0.8902050157456366,High
1534,0.99992835521698,0.023289433433239304,0.6628896594047546,0.9243943721455646,High
1535,0.999961256980896,0.10505622226701217,0.6628896594047546,0.8957908078079709,High
1536,0.999947190284729,0.07571791056567134,0.6628896594047546,0.906052898811094,High
1537,0.9999592304229736,0.1037248917047433,0.6628896594047546,0.8962558496327709,High
1538,0.9999487400054932,0.10612986240401545,0.6628896594047546,0.8954094011210885,High
1539,0.9998887777328491,0.08290478099030651,0.6628896594047546,0.9035112085141257,High
1540,0.9999438524246216,0.1037248917047433,0.6628896594047546,0.896248935493977,High
1541,0.9998729228973389,0.04119131184621039,0.6628896594047546,0.9181037701571862,High
1542,0.999961256980896,0.10124389922183141,0.6628896594047546,0.8971251208737842,High
1543,0.9999281167984009,0.024042830045105545,0.6628896594047546,0.9241305939244443,High
1544,0.9999525547027588,0.07431497617233185,0.6628896594047546,0.9065463398368762,High
1545,0.999919056892395,0.025288893562192882,0.6628896594047546,0.9236903887752966,High
1546,0.9998950958251953,0.04629877741026611,0.6628896594047546,0.9163261409877667,High
1547,0.9776936769485474,0.15940070942961748,0.6628896594047546,0.8667498322469666,High
1548,0.999961256980896,0.10124389922183141,0.6628896594047546,0.8971251208737842,High
1549,0.9999524354934692,0.07625137950618222,0.6628896594047546,0.9058685390653838,High
1550,0.9999462366104126,0.09880742448848495,0.6628896594047546,0.8979711219032734,High
1551,0.9999206066131592,0.018380099206229406,0.6628896594047546,0.9261091522532988,High
1552,0.9999067783355713,0.09006834728607244,0.6628896594047546,0.9010120367399747,High
1553,0.9999611377716064,0.07608790951159572,0.6628896594047546,0.9059296576677219,High
1554,0.9999039173126221,0.08178333088420431,0.6628896594047546,0.9039105109807658,High
1555,0.9999494552612305,0.10482026617578627,0.6628896594047546,0.8958680876265149,High
1556,0.9999375343322754,0.10203854301209392,0.6628896594047546,0.8968363263157775,High
1557,0.9999254941940308,0.013917485928288342,0.6628896594047546,0.9276732722724349,High
1558,0.9999525547027588,0.11320579249312729,0.6628896594047546,0.8929345541245978,High
1559,0.999948263168335,0.10124389922183141,0.6628896594047546,0.8971192796185962,High
1560,0.9998880624771118,0.08326156435956417,0.6628896594047546,0.9033860065093392,High
1561,0.999971866607666,-0.0008587191288352836,0.6628896594047546,0.9325652539730072,High
1562,0.9999039173126221,0.08178333088420431,0.6628896594047546,0.9039105109807658,High
1563,0.9999512434005737,0.10315920376693888,0.6628896594047546,0.896450264132316,High
1564,0.9999488592147827,0.076096473059302,0.6628896594047546,0.9059211469963829,High
1565,0.9998737573623657,0.09131103260544837,0.6628896594047546,0.900562255321644,High
1566,0.999961256980896,0.10035151696227657,0.6628896594047546,0.8974374546646283,High
1567,0.9999604225158691,0.11183965576349775,0.6628896594047546,0.8934162186540099,High
1568,0.999881386756897,0.08290478099030651,0.6628896594047546,0.9035078706540183,High
1569,0.9999630451202393,0.09698631883497727,0.6628896594047546,0.8986160786718875,High
1570,0.999948263168335,0.10124389922183141,0.6628896594047546,0.8971192796185962,High
1571,0.9999592304229736,0.04788925047305259,0.6628896594047546,0.9157983240638626,High
1572,0.9999443292617798,0.11783860422145942,0.6628896594047546,0.8913093447293831,High
1573,0.9998880624771118,0.08326156435956417,0.6628896594047546,0.9033860065093392,High
1574,0.9999250173568726,0.018650607133045116,0.6628896594047546,0.9260164712345132,High
1575,0.9999604225158691,0.0774528284355882,0.6628896594047546,0.9054516082187782,High
1576,0.9999727010726929,0.027339324437905765,0.6628896594047546,0.9229968778499312,High
1577,0.9998676776885986,0.09002554186315087,0.6628896594047546,0.9010094352677885,High
1578,0.999948263168335,0.10124389922183141,0.6628896594047546,0.8971192796185962,High
1579,0.9999727010726929,0.02746404808349201,0.6628896594047546,0.922953224573976,High
1580,0.9999558925628662,0.10290222867913579,0.6628896594047546,0.8965422915756142,High
1581,0.9999542236328125,0.07513548367270384,0.6628896594047546,0.9062599072698058,High
1582,0.9999291896820068,0.0409008488424365,0.6628896594047546,0.9182307641825367,High
1583,0.9999536275863647,0.1058744867988024,0.6628896594047546,0.8955009879547696,High
1584,0.9999661445617676,0.10993380783092188,0.6628896594047546,0.8940858582324592,High
1585,0.9999538660049438,0.11801730851367626,0.6628896594047546,0.891251089761531,High
1586,0.9998831748962402,0.08434926236680806,0.6628896594047546,0.9030031068349472,High
1587,0.9999394416809082,0.038734596505494046,0.6628896594047546,0.9189935718604366,High
1588,0.9999630451202393,0.09753360819565732,0.6628896594047546,0.8984245273956496,High
1589,0.9999438524246216,0.1037248917047433,0.6628896594047546,0.896248935493977,High
1590,0.9999592304229736,0.1037248917047433,0.6628896594047546,0.8962558496327709,High
1591,0.9999755620956421,0.025898674589835524,0.6628896594047546,0.9235023867966184,High
1592,0.9999033212661743,0.05003699073917578,0.6628896594047546,0.9150214618106244,High
1593,0.9999592304229736,0.07608790951159572,0.6628896594047546,0.9059287934003727,High
1594,0.9999592304229736,0.07513548367270384,0.6628896594047546,0.9062621424439848,High
1595,0.9997760653495789,-0.014035565883526169,0.6628896594047546,0.9324771583080291,High
1596,0.9999579191207886,0.10124389922183141,0.6628896594047546,0.8971236307576648,High
1597,0.9999039173126221,0.08178333088420431,0.6628896594047546,0.9039105109807658,High
1598,0.9999494552612305,0.07557030446782831,0.6628896594047546,0.9061055742243002,High
1599,0.9999643564224243,0.11322460018149794,0.6628896594047546,0.8929332762470531,High
1600,0.9999755620956421,0.025898674589835524,0.6628896594047546,0.9235023867966184,High
1601,0.9999039173126221,0.08178333088420431,0.6628896594047546,0.9039105109807658,High
1602,0.9999426603317261,0.0927611709512825,0.6628896594047546,0.9000857013158853,High
1603,0.9999349117279053,0.02200552752803453,0.6628896594047546,0.9248466896423028,High
1604,0.9999663829803467,0.025898674589835524,0.6628896594047546,0.9234982442738066,High
1605,0.999908447265625,0.08269608069079953,0.6628896594047546,0.9035931049087024,High
1606,0.9999039173126221,0.08178333088420431,0.6628896594047546,0.9039105109807658,High
1607,0.9999438524246216,0.1037248917047433,0.6628896594047546,0.896248935493977,High
1608,0.9999423027038574,0.044856701199580074,0.6628896594047546,0.9168521167173692,High
1609,0.9999043941497803,0.03978665814855176,0.6628896594047546,0.9186095550545009,High
1610,0.9996680021286011,-0.0022176435626541924,0.6628896594047546,0.9324285209178924,High
1611,0.999894380569458,0.10415474005860814,0.6628896594047546,0.8960762262353007,High
1612,0.9999762773513794,0.027313454185035613,0.6628896594047546,0.9230075417638447,High
1613,0.9999661445617676,0.1173072040829175,0.6628896594047546,0.8915051695442607,High
1614,0.9998867511749268,0.10415474005860814,0.6628896594047546,0.8960727989682261,High
1615,0.999908447265625,0.08326156435956417,0.6628896594047546,0.9033951856246346,High
1616,0.9999542236328125,0.07513548367270384,0.6628896594047546,0.9062599072698058,High
1617,0.9999327659606934,0.023289433433239304,0.6628896594047546,0.9243963689011646,High
1618,0.9999611377716064,0.07610587618526876,0.6628896594047546,0.9059233693319363,High
1619,0.9999611377716064,0.07728110914666086,0.6628896594047546,0.905512037795449,High
1620,0.9999611377716064,0.0675547711961515,0.6628896594047546,0.9089162560781273,High
1621,0.9999592304229736,0.1037248917047433,0.6628896594047546,0.8962558496327709,High
1622,0.999893069267273,0.1124817513050454,0.6628896594047546,0.8931611762525999,High
1623,0.99994957447052,0.10482026617578627,0.6628896594047546,0.8958681472311597,High
1624,0.9999338388442993,0.02099410727728268,0.6628896594047546,0.9252002098929076,High
1625,0.9999592304229736,0.07513548367270384,0.6628896594047546,0.9062621424439848,High
1626,0.999947190284729,0.07571791056567134,0.6628896594047546,0.906052898811094,High
1627,0.9997672438621521,0.07550102731557162,0.6628896594047546,0.9060478350387015,High
1628,0.999948263168335,0.10124389922183141,0.6628896594047546,0.8971192796185962,High
1629,0.9999021291732788,0.0930475508027836,0.6628896594047546,0.8999672293465587,High
1630,0.9999039173126221,0.08178333088420431,0.6628896594047546,0.9039105109807658,High
1631,0.9999144077301025,0.10268005383679218,0.6628896594047546,0.8966013965166197,High
1632,0.9999762773513794,0.026878414106785375,0.6628896594047546,0.9231598057912322,High
1633,0.9999592304229736,0.07513548367270384,0.6628896594047546,0.9062621424439848,High
1634,0.9999039173126221,0.08178333088420431,0.6628896594047546,0.9039105109807658,High
1635,0.9999294281005859,0.026054015343701664,0.6628896594047546,0.9234272453140611,High
1636,0.9998738765716553,0.04839084173749275,0.6628896594047546,0.9155843817300733,High
1637,0.9999393224716187,0.09710146171232897,0.6628896594047546,0.8985651094333996,High
1638,0.9999450445175171,0.10559393533823241,0.6628896594047546,0.8955953066640588,High
1639,0.9999592304229736,0.1037248917047433,0.6628896594047546,0.8962558496327709,High
1640,0.9999362230300903,0.018523895578789973,0.6628896594047546,0.9260658568709861,High
1641,0.999947190284729,0.07571791056567134,0.6628896594047546,0.906052898811094,High
1642,0.9999512434005737,0.10562954077658643,0.6628896594047546,0.8955856461789394,High
1643,0.999947190284729,0.076096473059302,0.6628896594047546,0.9059204019383232,High
1644,0.9999536275863647,0.1058744867988024,0.6628896594047546,0.8955009879547696,High
1645,0.9993416666984558,0.055980493291291955,0.6628896594047546,0.9126885122235361,High
1646,0.999948263168335,0.10124389922183141,0.6628896594047546,0.8971192796185962,High
1647,0.9999762773513794,0.02743818366445039,0.6628896594047546,0.9229638864460495,High
1648,0.9999583959579468,0.10534346767070396,0.6628896594047546,0.895688990416816,High
1649,0.9998977184295654,0.10415474005860814,0.6628896594047546,0.8960777461537425,High
1650,0.999931812286377,0.08569551075604542,0.6628896594047546,0.9025537948033467,High
1651,0.9999663829803467,0.035967994393209635,0.6628896594047546,0.9199739823426256,High
1652,0.9999079704284668,0.11432642644766189,0.6628896594047546,0.8925222454752214,High
1653,0.999936580657959,0.08535802515191715,0.6628896594047546,0.9026740605320035,High
1654,0.9999536275863647,0.1058744867988024,0.6628896594047546,0.8955009879547696,High
1655,0.999906063079834,0.09071110742969524,0.6628896594047546,0.9007867726664828,High
1656,0.9999498128890991,0.1037431992627923,0.6628896594047546,0.8962452100576748,High
1657,0.9999041557312012,0.039664713919484895,0.6628896594047546,0.9186521461277072,High
1658,0.9999548196792603,0.11064968300739542,0.6628896594047546,0.8938302057235651,High
1659,0.9998887777328491,0.08290478099030651,0.6628896594047546,0.9035112085141257,High
1660,0.7347025275230408,0.15555924613311,0.6628896594047546,0.758748312258105,High
1661,0.999929666519165,0.08569551075604542,0.6628896594047546,0.9025528411290303,High
1662,0.9999362230300903,0.019983846263373684,0.6628896594047546,0.9255548741313818,High
1663,0.9999643564224243,0.10849008153545309,0.6628896594047546,0.8945903577731688,High
1664,0.999919056892395,0.024293735784051473,0.6628896594047546,0.9240386939976462,High
1665,0.999961256980896,0.10124389922183141,0.6628896594047546,0.8971251208737842,High
1666,0.9999592304229736,0.10791485217308977,0.6628896594047546,0.8947893634688496,High
1667,0.9999635219573975,0.07530177313486253,0.6628896594047546,0.9062058782831844,High
1668,0.9999507665634155,0.10424251638003301,0.6628896594047546,0.8960708961014764,High
1669,0.9999438524246216,0.0654907645249756,0.6628896594047546,0.9096308800068956,High
1670,0.999961256980896,0.1074584490893184,0.6628896594047546,0.8949500284201637,High
1671,0.9999527931213379,0.1037431992627923,0.6628896594047546,0.8962465511621822,High
1672,0.9999039173126221,0.08178333088420431,0.6628896594047546,0.9039105109807658,High
1673,0.9999762773513794,0.027339324437905765,0.6628896594047546,0.9229984871753402,High
1674,0.9999316930770874,0.023289433433239304,0.6628896594047546,0.9243958920640064,High
1675,0.99994957447052,0.10424251638003301,0.6628896594047546,0.8960703596596734,High
1676,0.9999327659606934,0.023540678920781488,0.6628896594047546,0.9243084329805249,High
1677,0.999971866607666,0.027172924563458545,0.6628896594047546,0.9230547303757967,High
1678,0.9993506073951721,-0.0036034501091788407,0.6628896594047546,0.9322857081890106,High
1679,0.9999604225158691,0.08369335248513704,0.6628896594047546,0.9032674248014362,High
1680,0.9999109506607056,0.09719996078113297,0.6628896594047546,0.898517849563014,High
1681,0.9995865225791931,-0.009620879193959153,0.6628896594047546,0.9323918640613555,High
1682,0.9999039173126221,0.08261937451771745,0.6628896594047546,0.9036178957090363,High
1683,0.9996787309646606,0.00433030892682762,0.6628896594047546,0.9309177407697296,High
1684,0.999961256980896,0.1074584490893184,0.6628896594047546,0.8949500284201637,High
1685,0.99994957447052,0.10424251638003301,0.6628896594047546,0.8960703596596734,High
1686,0.9999281167984009,0.024293735784051473,0.6628896594047546,0.9240427769158133,High
1687,0.9999611377716064,0.10905294030390628,0.6628896594047546,0.8943918968904131,High
1688,0.999948263168335,0.06297344376166225,0.6628896594047546,0.9105139390296554,High
1689,0.999919056892395,0.025288893562192882,0.6628896594047546,0.9236903887752966,High
1690,0.9999510049819946,0.10588015462806716,0.6628896594047546,0.8954978121216315,High
1691,0.9999535083770752,0.09659380494113767,0.6628896594047546,0.8987491670003076,High
1692,0.9912421703338623,0.1713975400024922,0.6628896594047546,0.8686477516489232,High
1693,0.9999312162399292,0.01459203904607409,0.6628896594047546,0.9274397416809351,High
1694,0.9999781847000122,0.09034167382633218,0.6628896594047546,0.9009485291567402,High
1695,0.9999159574508667,0.07305078261820441,0.6628896594047546,0.9069723268965404,High
1696,0.999962568283081,0.11426437632417036,0.6628896594047546,0.8925685499344133,High
1697,0.9995602965354919,0.05721120328751217,0.6628896594047546,0.9123561411910608,High
1698,0.999962329864502,0.1130228931488606,0.6628896594047546,0.8930029498364821,High
1699,0.9999498128890991,0.10184140520330953,0.6628896594047546,0.8969108379784937,High
1700,0.9999494552612305,0.045944717713052974,0.6628896594047546,0.9164745295884716,High
1701,0.9999511241912842,0.10557864695710895,0.6628896594047546,0.8956033994111117,High
1702,0.9999514818191528,0.09869018097839477,0.6628896594047546,0.8980145115152736,High
1703,0.9607657194137573,0.18827303700684822,0.6628896594047546,0.8490269247833514,High
1704,0.9999501705169678,0.10588015462806716,0.6628896594047546,0.8954974544937628,High
1705,0.9999039173126221,0.08178333088420431,0.6628896594047546,0.9039105109807658,High
1706,0.9999362230300903,0.019157167675703746,0.6628896594047546,0.9258442116370663,High
1707,0.9999063014984131,0.10452055855023529,0.6628896594047546,0.895953554181261,High
1708,0.9922985434532166,0.1092481470797717,0.6628896594047546,0.8908754160162815,High
1709,0.9999579191207886,0.10124389922183141,0.6628896594047546,0.8971236307576648,High
1710,0.9999592304229736,0.07576344785785416,0.6628896594047546,0.9060423549791822,High
1711,0.9996123909950256,0.08252236397244206,0.6628896594047546,0.9035206595767321,High
1712,0.9999513626098633,0.1009739031148299,0.6628896594047546,0.8972151789651989,High
1713,0.9999327659606934,0.02200552752803453,0.6628896594047546,0.9248457359679864,High
1714,0.9999567270278931,0.08468985856076938,0.6628896594047546,0.9029170085472334,High
1715,0.9999592304229736,0.0654907645249756,0.6628896594047546,0.9096377941456896,High
1716,0.9999727010726929,0.027339324437905765,0.6628896594047546,0.9229968778499312,High
1717,0.9999039173126221,0.08178333088420431,0.6628896594047546,0.9039105109807658,High
1718,0.9999338388442993,0.02200552752803453,0.6628896594047546,0.9248462128051446,High
1719,0.9999327659606934,0.026102504791057357,0.6628896594047546,0.9234117939259284,High
1720,0.9999477863311768,0.0835304625282115,0.6628896594047546,0.9033187738451064,High
1721,0.9999419450759888,0.0854696653865945,0.6628896594047546,0.9026374004379799,High
1722,0.9999159574508667,0.039664713919484895,0.6628896594047546,0.9186574509410922,High
1723,0.9999504089355469,0.10588015462806716,0.6628896594047546,0.89549754390073,High
1724,0.9999611377716064,0.10568466307366553,0.6628896594047546,0.8955707939209975,High
1725,0.9999291896820068,0.023172318200481157,0.6628896594047546,0.9244357499072211,High
1726,0.9999516010284424,0.13712836201525214,0.6628896594047546,0.8845612077570183,High
1727,0.9998642206192017,-0.011187961938111779,0.6628896594047546,0.9325168251991272,High
1728,0.999961256980896,0.1074584490893184,0.6628896594047546,0.8949500284201637,High
1729,0.9999336004257202,0.030086903662502107,0.6628896594047546,0.9220176119487914,High
1730,0.9999494552612305,0.07557030446782831,0.6628896594047546,0.9061055742243002,High
1731,0.9999423027038574,0.09750849760533659,0.6628896594047546,0.8984239879753545,High
1732,0.999961256980896,0.10122624545055725,0.6628896594047546,0.8971312996937301,High
1733,0.9999203681945801,0.025539237381528523,0.6628896594047546,0.9236033644849769,High
1734,0.9999438524246216,0.07513548367270384,0.6628896594047546,0.9062552283051909,High
1735,0.9999487400054932,0.0765226964066894,0.6628896594047546,0.9057719092201525,High
1736,0.9999349117279053,0.02200552752803453,0.6628896594047546,0.9248466896423028,High
1737,0.9999516010284424,0.11266459784372213,0.6628896594047546,0.8931235252170537,High
1738,0.9999327659606934,0.023540678920781488,0.6628896594047546,0.9243084329805249,High
1739,0.9999761581420898,0.01185002233944299,0.6628896594047546,0.9284196833051573,High
1740,0.9998950958251953,0.10415474005860814,0.6628896594047546,0.896076554060847,High
1741,0.9999281167984009,0.028758480312574553,0.6628896594047546,0.9224801163308302,High
1742,0.9998335838317871,0.061062993901072615,0.6628896594047546,0.9111309788584863,High
1743,0.9998500347137451,0.018401072169960342,0.6628896594047546,0.9260700722426501,High
1744,0.9999438524246216,0.1037248917047433,0.6628896594047546,0.896248935493977,High
1745,0.9999592304229736,0.0745522833327632,0.6628896594047546,0.9064662625629639,High
1746,0.9999611377716064,0.07619601888556404,0.6628896594047546,0.9058918193868329,High
1747,0.9999510049819946,0.11415539816452436,0.6628896594047546,0.8926014768838716,High
1748,0.999961256980896,0.10161413259202756,0.6628896594047546,0.8969955391942155,High
1749,0.9999533891677856,0.10061144672986311,0.6628896594047546,0.8973429327696089,High
1750,0.9999527931213379,0.07481249425286507,0.6628896594047546,0.9063722979156567,High
1751,0.9999362230300903,0.01947803181642238,0.6628896594047546,0.9257319091878148,High
1752,0.9999592304229736,0.07513548367270384,0.6628896594047546,0.9062621424439848,High
1753,0.9999266862869263,0.031186518663386176,0.6628896594047546,0.9216296472569535,High
1754,0.9999524354934692,0.06773912989360253,0.6628896594047546,0.9088478264297867,High
1755,0.9999233484268188,0.08433740821964036,0.6628896594047546,0.9030253457961452,High
1756,0.999961256980896,0.10124389922183141,0.6628896594047546,0.8971251208737842,High
1757,0.999908447265625,0.0823247805803799,0.6628896594047546,0.9037230599473491,High
1758,0.9999604225158691,0.07827191153018143,0.6628896594047546,0.9051649291356706,High
1759,0.9999579191207886,0.10942219129327735,0.6628896594047546,0.8942612285326587,High
1760,0.9998921155929565,0.03978665814855176,0.6628896594047546,0.9186040416248592,High
1761,0.9998558759689331,0.004191329554780632,0.6628896594047546,0.9310461047623331,High
1762,0.9999039173126221,0.08178333088420431,0.6628896594047546,0.9039105109807658,High
1763,0.999947190284729,0.10517700023479493,0.6628896594047546,0.8957422174269006,High
1764,0.9997406601905823,0.08854260839531852,0.6628896594047546,0.9014713011271903,High
1765,0.9999362230300903,0.020741712880298357,0.6628896594047546,0.9252896208154582,High
1766,0.9999349117279053,0.02200552752803453,0.6628896594047546,0.9248466896423028,High
1767,0.9999446868896484,0.11531341015898983,0.6628896594047546,0.8921933414651818,High
1768,0.9998923540115356,0.08178333088420431,0.6628896594047546,0.9039053253766703,High
1769,0.9999294281005859,0.023289433433239304,0.6628896594047546,0.9243948489827228,High
1770,0.9999592304229736,0.07513548367270384,0.6628896594047546,0.9062621424439848,High
1771,0.9999727010726929,0.027339324437905765,0.6628896594047546,0.9229968778499312,High
1772,0.9998880624771118,0.05219132238834123,0.6628896594047546,0.9142605911992673,High
1773,0.9999275207519531,0.02448604491999884,0.6628896594047546,0.9239752004973302,High
1774,0.9999504089355469,0.10588015462806716,0.6628896594047546,0.89549754390073,High
1775,0.9999755620956421,0.025898674589835524,0.6628896594047546,0.9235023867966184,High
1776,0.9999604225158691,0.08358858637883954,0.6628896594047546,0.9033040929386403,High
1777,0.9999208450317383,0.05577502390591138,0.6628896594047546,0.9130210478176997,High
1778,0.999961256980896,0.10124389922183141,0.6628896594047546,0.8971251208737842,High
1779,0.9999604225158691,0.11049986504569964,0.6628896594047546,0.8938851454052392,High
1780,0.9999175071716309,0.031780551280900515,0.6628896594047546,0.9214175933180117,High
1781,0.999961256980896,0.10124389922183141,0.6628896594047546,0.8971251208737842,High
1782,0.9998676776885986,0.08178333088420431,0.6628896594047546,0.9038942091104197,High
1783,0.9999043941497803,0.03978665814855176,0.6628896594047546,0.9186095550545009,High
1784,0.9998972415924072,0.04888787127805394,0.6628896594047546,0.9154209118083573,High
1785,0.999933123588562,0.08856867769367527,0.6628896594047546,0.9015487824216241,High
1786,0.9998677968978882,0.033067309773249454,0.6628896594047546,0.9209448761038989,High
1787,0.9999611377716064,0.07619601888556404,0.6628896594047546,0.9058918193868329,High
1788,0.9999393224716187,0.07461919660632943,0.6628896594047546,0.9064339022204996,High
1789,0.999958872795105,0.10549667423798681,0.6628896594047546,0.8956355767345238,High
1790,0.9884132742881775,0.15204262692227816,0.6628896594047546,0.8741489650262078,High
1791,0.9999579191207886,0.09993104328497371,0.6628896594047546,0.8975831303355649,High
1792,0.9999275207519531,0.016477752856657202,0.6628896594047546,0.9267781027194998,High
1793,0.9999375343322754,0.0862984392119816,0.6628896594047546,0.9023453626458168,High
1794,0.999931812286377,0.08569551075604542,0.6628896594047546,0.9025537948033467,High
1795,0.9999510049819946,0.07243914534817297,0.6628896594047546,0.9072021653695944,High
1796,0.999937891960144,0.08433740821964036,0.6628896594047546,0.9030318725047481,High
1797,0.9999260902404785,0.026241260248022757,0.6628896594047546,0.9233602194814293,High
1798,0.99992835521698,0.023289433433239304,0.6628896594047546,0.9243943721455646,High
1799,0.9999524354934692,0.1058744867988024,0.6628896594047546,0.8955004515129666,High
1800,0.9999507665634155,0.07568415186623045,0.6628896594047546,0.9060663236813072,High
1801,0.9999412298202515,0.08502295333961846,0.6628896594047546,0.9027934516311976,High
1802,0.9999428987503052,0.09434199906995994,0.6628896594047546,0.8995325306836378,High
1803,0.9999250173568726,0.018903944526362015,0.6628896594047546,0.9259278031468524,High
1804,0.9999755620956421,0.025898674589835524,0.6628896594047546,0.9235023867966184,High
1805,0.9996628761291504,0.1460066578119894,0.6628896594047546,0.8813238959048723,High
1806,0.9999542236328125,0.08077951896251956,0.6628896594047546,0.9042844949183703,High
1807,0.9999362230300903,0.02486206132325408,0.6628896594047546,0.9238474988604236,High
1808,0.9999762773513794,0.0353927832103621,0.6628896594047546,0.9201797766049804,High
1809,0.9999392032623291,0.10372078186045591,0.6628896594047546,0.8962482877769105,High
1810,0.9999362230300903,0.01947803181642238,0.6628896594047546,0.9257319091878148,High
1811,0.9999256134033203,0.03598955026490758,0.6628896594047546,0.9199481093592629,High
1812,0.9999663829803467,0.025898674589835524,0.6628896594047546,0.9234982442738066,High
1813,0.999940037727356,0.07480863582189012,0.6628896594047546,0.9063679263205996,High
1814,0.999970555305481,0.02650080607224803,0.6628896594047546,0.9232893758012726,High
1815,0.9999558925628662,0.10290222867913579,0.6628896594047546,0.8965422915756142,High
1816,0.9998729228973389,0.039226697394847854,0.6628896594047546,0.9187913852151631,High
1817,0.9998995065689087,0.057021847831696615,0.6628896594047546,0.912575063095866,High
1818,0.9999362230300903,0.020741712880298357,0.6628896594047546,0.9252896208154582,High
1819,0.999961256980896,0.10124389922183141,0.6628896594047546,0.8971251208737842,High
1820,0.9999253749847412,0.08422551259959754,0.6628896594047546,0.9030654033328319,High
1821,0.9999611377716064,0.1058744867988024,0.6628896594047546,0.8955043556171994,High
1822,0.9999513626098633,0.03355014499705111,0.6628896594047546,0.9208134943064215,High
1823,0.9999256134033203,0.031550751665646914,0.6628896594047546,0.9215016888690041,High
1824,0.999947190284729,0.07470018707037984,0.6628896594047546,0.9064091020344459,High
1825,0.999961256980896,0.10124389922183141,0.6628896594047546,0.8971251208737842,High
1826,0.9999510049819946,0.10588015462806716,0.6628896594047546,0.8954978121216315,High
1827,0.9999159574508667,0.039664713919484895,0.6628896594047546,0.9186574509410922,High
1828,0.9999550580978394,0.06373521247770864,0.6628896594047546,0.9102503598159227,High
1829,0.9999661445617676,0.11133865016065891,0.6628896594047546,0.8935941634170512,High
1830,0.9999727010726929,-0.0008587191288352836,0.6628896594047546,0.9325656414031982,High
1831,0.9999039173126221,0.08178333088420431,0.6628896594047546,0.9039105109807658,High
1832,0.9999603033065796,0.09689720496638726,0.6628896594047546,0.8986460466306762,High
1833,0.9999501705169678,0.09569521476297993,0.6628896594047546,0.8990621834465434,High
1834,0.9999039173126221,0.08178333088420431,0.6628896594047546,0.9039105109807658,High
1835,0.9999611377716064,0.07608790951159572,0.6628896594047546,0.9059296576677219,High
1836,0.9999510049819946,0.0674692102789205,0.6628896594047546,0.9089416426438329,High
1837,0.9999488592147827,0.10517700023479493,0.6628896594047546,0.8957429624849603,High
1838,0.9999507665634155,0.1005038753022478,0.6628896594047546,0.8973794204787011,High
1839,0.999919056892395,0.025288893562192882,0.6628896594047546,0.9236903887752966,High
1840,0.9997448325157166,0.07405779014617708,0.6628896594047546,0.9065428650607001,High
1841,0.999929666519165,0.08569551075604542,0.6628896594047546,0.9025528411290303,High
1842,0.5615806579589844,0.1708666263101496,0.6628896594047546,0.6754859087539414,Medium
1843,0.9999393224716187,0.07429117483144776,0.6628896594047546,0.9065487098417081,High
1844,0.9999487400054932,0.08154541464009779,0.6628896594047546,0.9040139578384596,High
1845,0.9997406601905823,0.08846561447730056,0.6628896594047546,0.9014982489984965,High
1846,0.9999663829803467,0.025898674589835524,0.6628896594047546,0.9234982442738066,High
1847,0.9999592304229736,0.1037248917047433,0.6628896594047546,0.8962558496327709,High
1848,0.9999755620956421,0.025898674589835524,0.6628896594047546,0.9235023867966184,High
1849,0.9999203681945801,0.030814782749314373,0.6628896594047546,0.9217569236062518,High
1850,0.9999159574508667,0.040030464116393105,0.6628896594047546,0.9185294383721744,High
1851,0.9999592304229736,0.07513548367270384,0.6628896594047546,0.9062621424439848,High
1852,0.9999196529388428,0.10403619671668685,0.6628896594047546,0.8961291008921253,High
1853,0.9999161958694458,0.08934331891179131,0.6628896594047546,0.9012700584030745,High
1854,0.9999316930770874,0.023289433433239304,0.6628896594047546,0.9243958920640064,High
1855,0.999881386756897,0.03224379733869809,0.6628896594047546,0.9212392149320813,High
1856,0.9999663829803467,0.025898674589835524,0.6628896594047546,0.9234982442738066,High
1857,0.9999592304229736,0.07608790951159572,0.6628896594047546,0.9059287934003727,High
1858,0.9999494552612305,0.1009739031148299,0.6628896594047546,0.8972143146978496,High
1859,0.9998867511749268,0.0460258336765611,0.6628896594047546,0.9164179162019426,High
1860,0.9998500347137451,0.08250832926527146,0.6628896594047546,0.9036325322592912,High
1861,0.9999250173568726,0.017494333966913023,0.6628896594047546,0.9264211668426595,High
1862,0.9999592304229736,0.1037248917047433,0.6628896594047546,0.8962558496327709,High
1863,0.9998551607131958,0.08583831737055353,0.6628896594047546,0.9024693312012663,High
1864,0.9995927214622498,0.062055561087049904,0.6628896594047546,0.9106751892968702,High
1865,0.9999290704727173,0.005353631179463747,0.6628896594047546,0.9306722307599323,High
1866,0.9999392032623291,0.10372078186045591,0.6628896594047546,0.8962482877769105,High
1867,0.9999281167984009,0.024293735784051473,0.6628896594047546,0.9240427769158133,High
1868,0.9999338388442993,0.02200552752803453,0.6628896594047546,0.9248462128051446,High
1869,0.9999362230300903,0.023400682600747014,0.6628896594047546,0.9243589814133012,High
1870,0.9999291896820068,0.024293735784051473,0.6628896594047546,0.9240432537529715,High
1871,0.9999762773513794,0.0361051148482604,0.6628896594047546,0.919930460531716,High
1872,0.9999781847000122,0.03502457609554299,0.6628896594047546,0.9203095133625163,High
1873,0.9961197376251221,0.06486218280884604,0.6628896594047546,0.9081300379082308,High
1874,0.9841221570968628,0.16186206202524278,0.6628896594047546,0.8687811808657041,High
1875,0.999919056892395,0.03047191596169163,0.6628896594047546,0.9218763309354722,High
1876,0.9999592304229736,0.10487307168345145,0.6628896594047546,0.8958539866402232,High
1877,0.9998847246170044,0.08480553407189656,0.6628896594047546,0.9028440971915811,High
1878,0.999894380569458,0.10973181234797513,0.6628896594047546,0.8941242509340223,High
1879,0.9999556541442871,0.12031147984363383,0.6628896594047546,0.8904489344587504,High
1880,0.9999290704727173,-0.024774162606755912,0.6628896594047546,0.9325460016727447,High
1881,0.9999300241470337,0.09547869888400418,0.6628896594047546,0.8991288742958566,High
1882,0.9999592304229736,0.1037248917047433,0.6628896594047546,0.8962558496327709,High
1883,0.9999392032623291,0.03222758205067355,0.6628896594047546,0.9212709077103343,High
1884,0.999961256980896,0.10124389922183141,0.6628896594047546,0.8971251208737842,High
1885,0.999894380569458,0.11445966899515414,0.6628896594047546,0.8924695011075096,High
1886,0.9999603033065796,0.06011331338219272,0.6628896594047546,0.9115204086851442,High
1887,0.9999102354049683,0.02934949129234954,0.6628896594047546,0.9222652158608643,High
1888,0.9999154806137085,0.04058664650143651,0.6628896594047546,0.9183345659211525,High
1889,0.999947190284729,0.08195466575718335,0.6628896594047546,0.9038700344940648,High
1890,0.9999524354934692,0.05274073316219896,0.6628896594047546,0.914097265285778,High
1891,0.9999498128890991,0.06412276268165762,0.6628896594047546,0.9101123628610719,High
1892,0.9993139505386353,0.0031089199412150936,0.6628896594047546,0.9311810757229825,High
1893,0.9999592304229736,0.07513548367270384,0.6628896594047546,0.9062621424439848,High
1894,0.9999498128890991,0.10184140520330953,0.6628896594047546,0.8969108379784937,High
1895,0.9999507665634155,0.07469459094716246,0.6628896594047546,0.906412670002981,High
1896,0.9999630451202393,0.10300991263728532,0.6628896594047546,0.8965078208410797,High
1897,0.999929666519165,0.04621213023280368,0.6628896594047546,0.9163720243121649,High
1898,0.9999203681945801,0.024293735784051473,0.6628896594047546,0.9240392900440939,High
1899,0.9999291896820068,0.024293735784051473,0.6628896594047546,0.9240432537529715,High
1900,0.9999362230300903,0.025131175913871817,0.6628896594047546,0.9237533087537074,High
1901,0.9999524354934692,0.1058744867988024,0.6628896594047546,0.8955004515129666,High
1902,0.9999041557312012,0.03942074294004627,0.6628896594047546,0.9187375359705107,High
1903,0.9999679327011108,0.0858982326408616,0.6628896594047546,0.9024991142116847,High
1904,0.9992782473564148,-0.010624009318287775,0.6628896594047546,0.9322531342506408,High
1905,0.9999524354934692,0.07644697912941978,0.6628896594047546,0.9058000791972506,High
1906,0.9999592304229736,0.10966036617861619,0.6628896594047546,0.8941784335669155,High
1907,0.999962568283081,0.07869700654983391,0.6628896594047546,0.905017129355431,High
1908,0.9999494552612305,0.07557030446782831,0.6628896594047546,0.9061055742243002,High
1909,0.9999498128890991,0.07431497617233185,0.6628896594047546,0.9065450881393359,High
1910,0.9999542236328125,0.07513548367270384,0.6628896594047546,0.9062599072698058,High
1911,0.9996936321258545,0.031226124936136967,0.6628896594047546,0.9215109106890086,High
1912,0.9998977184295654,0.1083248385057427,0.6628896594047546,0.8946182116972453,High
1913,0.9999527931213379,0.10290793200746173,0.6628896594047546,0.8965388947015479,High
1914,0.9999592304229736,0.10626064604909552,0.6628896594047546,0.8953683356122476,High
1915,0.9999755620956421,0.025898674589835524,0.6628896594047546,0.9235023867966184,High
1916,0.9999507665634155,0.09869018097839477,0.6628896594047546,0.8980142134920497,High
1917,0.9999592304229736,0.10644817959160413,0.6628896594047546,0.8953026988723697,High
1918,0.9999039173126221,0.08178333088420431,0.6628896594047546,0.9039105109807658,High
1919,0.9999569654464722,0.10008987500862643,0.6628896594047546,0.8975270921974506,High
1920,0.9999607801437378,0.0851879093313278,0.6628896594047546,0.9027445087192038,High
1921,0.998472273349762,0.04640008367495152,0.6628896594047546,0.9156504107009495,High
1922,0.9999663829803467,0.025898674589835524,0.6628896594047546,0.9234982442738066,High
1923,0.9999592304229736,0.07513548367270384,0.6628896594047546,0.9062621424439848,High
1924,0.999945878982544,-0.01062721567857594,0.6628896594047546,0.9325535714626312,High
1925,0.9999291896820068,0.030566819041255577,0.6628896594047546,0.92184767461295,High
1926,0.9999667406082153,0.01980253352711714,0.6628896594047546,0.9256320724596924,High
1927,0.9999604225158691,0.082433997482393,0.6628896594047546,0.9037081990523965,High
1928,0.999948263168335,0.10124389922183141,0.6628896594047546,0.8971192796185962,High
1929,0.9999525547027588,0.07067259056958142,0.6628896594047546,0.9078211747978389,High
1930,0.9998842477798462,0.05249992932123515,0.6628896594047546,0.9141508502380559,High
1931,0.9999762773513794,0.026878414106785375,0.6628896594047546,0.9231598057912322,High
1932,0.9999536275863647,0.1058744867988024,0.6628896594047546,0.8955009879547696,High
1933,0.9999294281005859,0.023289433433239304,0.6628896594047546,0.9243948489827228,High
1934,0.9998778104782104,0.04021374365531272,0.6628896594047546,0.9184481243958572,High
1935,0.9998676776885986,0.08178333088420431,0.6628896594047546,0.9038942091104197,High
1936,0.9999533891677856,0.10176421785760131,0.6628896594047546,0.8969394628749006,High
1937,0.9997794032096863,0.07819067948040692,0.6628896594047546,0.905111910606006,High
1938,0.9999237060546875,0.08422551259959754,0.6628896594047546,0.9030646582747722,High
1939,0.9999372959136963,0.02375461909451071,0.6628896594047546,0.924235580477642,High
1940,0.9998884201049805,0.08902250679218643,0.6628896594047546,0.9013698256695334,High
1941,0.9999545812606812,0.10176421785760131,0.6628896594047546,0.8969399993167035,High
1942,0.999961256980896,0.06297344376166225,0.6628896594047546,0.9105197802848434,High
1943,0.9999459981918335,0.1025051235723205,0.6628896594047546,0.8966768378169637,High
1944,0.9999611377716064,0.07608790951159572,0.6628896594047546,0.9059296576677219,High
1945,0.9999579191207886,0.10003488279359107,0.6628896594047546,0.8975467865075489,High
1946,0.999908447265625,0.07379772500391912,0.6628896594047546,0.9067075293991104,High
1947,0.9999488592147827,0.0765226964066894,0.6628896594047546,0.9057719688247973,High
1948,0.9998199343681335,0.040678553205275136,0.6628896594047546,0.9182593938236036,High
1949,0.9999138116836548,0.025664366952761863,0.6628896594047546,0.9235566187051288,High
1950,0.9999250173568726,0.013562703529353737,0.6628896594047546,0.9277972374958052,High
1951,0.9991790652275085,0.03970534579822038,0.6628896594047546,0.918311619342327,High
1952,0.999833345413208,0.03358764906927336,0.6628896594047546,0.9207472601426488,High
1953,0.9999438524246216,0.10791485217308977,0.6628896594047546,0.8947824493300557,High
1954,0.9999291896820068,0.0294933281542743,0.6628896594047546,0.9222233964233935,High
1955,0.9999043941497803,0.03954274218538434,0.6628896594047546,0.9186949256416096,High
1956,0.9999301433563232,0.09887901939658783,0.6628896594047546,0.8979388217210972,High
1957,0.9999548196792603,0.10315920376693888,0.6628896594047546,0.8964518734577249,High
1958,0.9999592304229736,0.07411658574484414,0.6628896594047546,0.9066187567187357,High
1959,0.9998942613601685,0.05353127717958983,0.6628896594047546,0.9137943786383124,High
1960,0.999894380569458,0.10415474005860814,0.6628896594047546,0.8960762262353007,High
1961,0.999908447265625,0.0823247805803799,0.6628896594047546,0.9037230599473491,High
1962,0.999961256980896,0.10008987500862643,0.6628896594047546,0.8975290293484058,High
1963,0.9998977184295654,0.10415474005860814,0.6628896594047546,0.8960777461537425,High
1964,0.9999226331710815,0.042699309671487606,0.6628896594047546,0.9175983524624524,High
1965,0.9998756647109985,0.04763328676418277,0.6628896594047546,0.9158503306334362,High
1966,0.999956488609314,0.12367955041331641,0.6628896594047546,0.8892704971895525,High
1967,0.9999344348907471,-0.0333251185625042,0.6628896594047546,0.9325484156608581,High
1968,0.9999545812606812,0.1015900313007666,0.6628896594047546,0.8970009646115956,High
1969,0.9999592304229736,0.07513548367270384,0.6628896594047546,0.9062621424439848,High
1970,0.9999362230300903,0.01947803181642238,0.6628896594047546,0.9257319091878148,High
1971,0.9995676875114441,-0.0048622855147695265,0.6628896594047546,0.932383370399475,High
1972,0.9998334646224976,0.05141507077962937,0.6628896594047546,0.9145076923463465,High
1973,0.9999362230300903,0.02582399023050508,0.6628896594047546,0.9235108237428858,High
1974,0.9999312162399292,0.006167939139535505,0.6628896594047546,0.9303881766482237,High
1975,0.9999465942382812,0.07302697778357448,0.6628896594047546,0.9069944570639265,High
1976,0.9999507665634155,0.07568415186623045,0.6628896594047546,0.9060663236813072,High
1977,0.9181511402130127,0.1493013280693054,0.6628896594047546,0.8434904801525497,High
1978,0.9999411106109619,0.10315177709209505,0.6628896594047546,0.896448303713186,High
1979,0.9999138116836548,0.025664366952761863,0.6628896594047546,0.9235566187051288,High
1980,0.9999611377716064,0.07610587618526876,0.6628896594047546,0.9059233693319363,High
1981,0.9998780488967896,0.07944772213113727,0.6628896594047546,0.9047163511386082,High
1982,0.9999039173126221,0.0802254313535884,0.6628896594047546,0.9044557758164814,High
1983,0.9999399185180664,0.09037965866512321,0.6628896594047546,0.9009180087208232,High
1984,0.9999496936798096,0.05458737917106171,0.6628896594047546,0.9134496874851357,High
1985,0.999908447265625,0.08326156435956417,0.6628896594047546,0.9033951856246346,High
1986,0.9999544620513916,0.10611877800709735,0.6628896594047546,0.8954158436597351,High
1987,0.9999649524688721,0.11165881040358083,0.6628896594047546,0.8934815708902256,High
1988,0.9999117851257324,0.03990857487878752,0.6628896594047546,0.9185702220590258,High
1989,0.9999487400054932,0.10612986240401545,0.6628896594047546,0.8954094011210885,High
1990,0.9999604225158691,0.1117339633910413,0.6628896594047546,0.8934532109843697,High
1991,0.9999294281005859,0.022127643430645327,0.6628896594047546,0.9248014754836308,High
1992,0.9999301433563232,0.09887901939658783,0.6628896594047546,0.8979388217210972,High
1993,0.9998756647109985,0.08290478099030651,0.6628896594047546,0.9035053076542929,High
1994,0.9932883381843567,0.141186316408481,0.6628896594047546,0.8801424524593174,High
1995,0.9999350309371948,0.08535802515191715,0.6628896594047546,0.9026733750785886,High
1996,0.9999504089355469,0.07550659571884977,0.6628896594047546,0.9061282895189561,High
1997,0.999937891960144,0.08580707488659128,0.6628896594047546,0.9025174891713154,High
1998,0.999919056892395,0.025539237381528523,0.6628896594047546,0.9236027684385292,High
1999,0.8796443939208984,0.09083566016143291,0.6628896594047546,0.8466254102074603,High
2000,0.9999362230300903,0.01903057037830924,0.6628896594047546,0.9258885206911543,High
2001,0.999737560749054,0.00042157248016461146,0.6628896594047546,0.9323122629883419,High
2002,0.9999535083770752,0.06488665842314534,0.6628896594047546,0.9098466682816049,High
2003,0.9999539852142334,0.1173935537671541,0.6628896594047546,0.8914694635274586,High
2004,0.99992835521698,0.021586317908600994,0.6628896594047546,0.9249904625791882,High
2005,0.9999362230300903,0.018359602984412415,0.6628896594047546,0.9261233592790182,High
2006,0.9999438524246216,0.1037248917047433,0.6628896594047546,0.896248935493977,High
2007,0.9999643564224243,0.05674303715560358,0.6628896594047546,0.912701823306116,High
2008,0.999614953994751,0.018868787828986378,0.6628896594047546,0.9258005735175147,High
2009,0.9999362230300903,0.024088305881451166,0.6628896594047546,0.9241183132650547,High
2010,0.9999611377716064,0.07619601888556404,0.6628896594047546,0.9058918193868329,High
2011,0.9999511241912842,0.0765226964066894,0.6628896594047546,0.9057729821037585,High
2012,0.9999349117279053,0.02200552752803453,0.6628896594047546,0.9248466896423028,High
2013,0.9999592304229736,0.07513548367270384,0.6628896594047546,0.9062621424439848,High
2014,0.9999592304229736,0.07513548367270384,0.6628896594047546,0.9062621424439848,High
2015,0.9999250173568726,0.013562703529353737,0.6628896594047546,0.9277972374958052,High
2016,0.9998840093612671,0.0823247805803799,0.6628896594047546,0.9037120628903881,High
2017,0.9999762773513794,0.027118086352215576,0.6628896594047546,0.9230759205053317,High
2018,0.999961256980896,0.10124389922183141,0.6628896594047546,0.8971251208737842,High
2019,0.9999136924743652,0.05203547273746301,0.6628896594047546,0.9143266720758387,High
2020,0.9999644756317139,0.07541091163201463,0.6628896594047546,0.906168126844017,High
2021,0.999929666519165,0.08569551075604542,0.6628896594047546,0.9025528411290303,High
2022,0.990784764289856,0.09566908641613742,0.6628896594047546,0.8949468955657379,High
2023,0.9998840093612671,0.09055804183827776,0.6628896594047546,0.9008304214501238,High
2024,0.999961256980896,0.09021182541977052,0.6628896594047546,0.9009863467045055,High
2025,0.9856363534927368,0.07971007266312191,0.6628896594047546,0.8982157476391964,High
2026,0.9999203681945801,0.024169482660867603,0.6628896594047546,0.9240827786372082,High
2027,0.9998908042907715,0.08326156435956417,0.6628896594047546,0.9033872284045571,High
2028,0.9390791654586792,0.11859843741838744,0.6628896594047546,0.8636540853595275,High
2029,0.9999762773513794,0.03325331752129557,0.6628896594047546,0.9209285895961538,High
2030,0.9999358654022217,0.019711376018141102,0.6628896594047546,0.9256500897056013,High
2031,0.9999494552612305,0.049016628863941536,0.6628896594047546,0.9153993606856606,High
2032,0.9999501705169678,0.0765226964066894,0.6628896594047546,0.905772564871245,High
2033,0.9999592304229736,0.07513548367270384,0.6628896594047546,0.9062621424439848,High
2034,0.9999592304229736,0.07608790951159572,0.6628896594047546,0.9059287934003727,High
2035,0.9999785423278809,0.07172673148415099,0.6628896594047546,0.9074639079881155,High
2036,0.9999592304229736,0.10487307168345145,0.6628896594047546,0.8958539866402232,High
2037,0.9999290704727173,-0.01175875703515028,0.6628896594047546,0.9325460016727447,High
2038,0.9999592304229736,0.1037248917047433,0.6628896594047546,0.8962558496327709,High
2039,0.9998977184295654,0.10415474005860814,0.6628896594047546,0.8960777461537425,High
2040,0.999911904335022,0.08581410292612274,0.6628896594047546,0.9025033468471033,High
2041,0.9999362230300903,0.027073375458988136,0.6628896594047546,0.9230735389129167,High
2042,0.9999294281005859,0.024312341468115672,0.6628896594047546,0.9240368311705162,High
2043,0.9999755620956421,0.025898674589835524,0.6628896594047546,0.9235023867966184,High
2044,0.9999592304229736,0.1037248917047433,0.6628896594047546,0.8962558496327709,High
2045,0.9999043941497803,0.03978665814855176,0.6628896594047546,0.9186095550545009,High
2046,0.8894356489181519,0.18106203978333424,0.6628896594047546,0.8194522420885588,High
2047,0.9999281167984009,0.024293735784051473,0.6628896594047546,0.9240427769158133,High
2048,0.9999592304229736,0.1037248917047433,0.6628896594047546,0.8962558496327709,High
2049,0.9999138116836548,0.025664366952761863,0.6628896594047546,0.9235566187051288,High
2050,0.9541534781455994,0.1160420067310487,0.6628896594047546,0.8713322917103713,High
2051,0.9999344348907471,0.06883157638640836,0.6628896594047546,0.9084573639256152,High
2052,0.9999270439147949,0.028928981021439037,0.6628896594047546,0.922419934443247,High
2053,0.9999563694000244,0.11679099409169336,0.6628896594047546,0.8916814322974758,High
2054,0.9999592304229736,0.07513548367270384,0.6628896594047546,0.9062621424439848,High
2055,0.999962568283081,0.05989313516862471,0.6628896594047546,0.9115984843388542,High
2056,0.999932050704956,0.01981917574291092,0.6628896594047546,0.9256106312672333,High
2057,0.9999592304229736,0.07513548367270384,0.6628896594047546,0.9062621424439848,High
2058,0.9999545812606812,0.06353531798265732,0.6628896594047546,0.9103201142729339,High
2059,0.999884843826294,0.09353207063014113,0.6628896594047546,0.8997898690008403,High
2060,0.999961256980896,0.10124389922183141,0.6628896594047546,0.8971251208737842,High
2061,0.999908447265625,0.0834625210077456,0.6628896594047546,0.9033248507977713,High
2062,0.9999494552612305,0.10594890017661401,0.6628896594047546,0.8954730657262252,High
2063,0.9999066591262817,0.09379612758314188,0.6628896594047546,0.899707283833678,High
2064,0.9995786547660828,0.06145934390302821,0.6628896594047546,0.9108775472189315,High
2065,0.9785085320472717,-3.4545766826044044e-05,0.6628896594047546,0.9229067683219909,High
2066,0.999947190284729,0.076096473059302,0.6628896594047546,0.9059204019383232,High
2067,0.9999592304229736,0.1037248917047433,0.6628896594047546,0.8962558496327709,High
2068,0.6444870233535767,0.13645772826955171,0.6628896594047546,0.7248368815352528,High
2069,0.9999604225158691,0.1117441059327896,0.6628896594047546,0.8934496610947577,High
2070,0.9998977184295654,0.10415474005860814,0.6628896594047546,0.8960777461537425,High
2071,0.9999687671661377,0.0911877194066193,0.6628896594047546,0.9006481514715382,High
2072,0.999962568283081,0.08257068658738503,0.6628896594047546,0.9036613413422881,High
2073,0.9999406337738037,0.10860765744485085,0.6628896594047546,0.8945385369734647,High
2074,0.9999420642852783,0.02818716487713846,0.6628896594047546,0.9226863352209342,High
2075,0.999919056892395,0.03262465918493751,0.6628896594047546,0.921122870807336,High
2076,0.9999527931213379,0.07432616135412906,0.6628896594047546,0.9065425144302143,High
2077,0.9998908042907715,0.08326156435956417,0.6628896594047546,0.9033872284045571,High
2078,0.9998867511749268,0.10415474005860814,0.6628896594047546,0.8960727989682261,High
2079,0.9999548196792603,0.10346851653536365,0.6628896594047546,0.8963436139887763,High
2080,0.9999498128890991,0.10184140520330953,0.6628896594047546,0.8969108379784937,High
2081,0.9999510049819946,0.0765226964066894,0.6628896594047546,0.9057729224991137,High
2082,0.9999537467956543,0.08536066735915077,0.6628896594047546,0.9026808843632926,High
2083,0.9999417066574097,0.024427444237429485,0.6628896594047546,0.9240020884332204,High
2084,0.999961256980896,0.10124389922183141,0.6628896594047546,0.8971251208737842,High
2085,0.9999762773513794,0.026523087884881114,0.6628896594047546,0.9232841699688987,High
2086,0.9999611377716064,0.07567652368017419,0.6628896594047546,0.9060736427087194,High
2087,0.8947266340255737,0.14677900176849096,0.6628896594047546,0.8338322427316293,High
2088,0.9998825788497925,0.06920946893406665,0.6628896594047546,0.9083017663155052,High
2089,0.9999604225158691,0.07370187739085987,0.6628896594047546,0.9067644410844332,High
2090,0.9999630451202393,0.10300991263728532,0.6628896594047546,0.8965078208410797,High
2091,0.9999524354934692,0.07625137950618222,0.6628896594047546,0.9058685390653838,High
2092,0.9999510049819946,0.0765226964066894,0.6628896594047546,0.9057729224991137,High
2093,0.9999611377716064,0.07042510222707965,0.6628896594047546,0.9079116402173025,High
2094,0.9915025234222412,0.17767104499567687,0.6628896594047546,0.8665691778306146,High
2095,0.999961256980896,0.10124389922183141,0.6628896594047546,0.8971251208737842,High
2096,0.9999630451202393,0.1009778609610984,0.6628896594047546,0.8972190389277451,High
2097,0.9999592304229736,0.1037248917047433,0.6628896594047546,0.8962558496327709,High
2098,0.9999592304229736,0.07513548367270384,0.6628896594047546,0.9062621424439848,High
2099,0.9999769926071167,0.05403654842694672,0.6628896594047546,0.9136547866047221,High
2100,0.9999568462371826,0.09689720496638726,0.6628896594047546,0.8986444671075896,High
2101,0.9999587535858154,0.0894491711776117,0.6628896594047546,0.9012521432010102,High
2102,0.999931812286377,0.08302640874700956,0.6628896594047546,0.9034879805065092,High
2103,0.9999781847000122,0.03941245164671381,0.6628896594047546,0.9187737569196065,High
2104,0.9999730587005615,0.03491259059051577,0.6628896594047546,0.9203463837081296,High
2105,0.9990843534469604,0.006985241315927149,0.6628896594047546,0.9297210385901152,High
2106,0.9999521970748901,0.08423272820376354,0.6628896594047546,0.9030749478119408,High
2107,0.9998676776885986,0.08178333088420431,0.6628896594047546,0.9038942091104197,High
2108,0.9998248219490051,-0.006014600951853355,0.6628896594047546,0.9324990928173065,High
2109,0.9999299049377441,0.029641251412315994,0.6628896594047546,0.9221719511086252,High
2110,0.9999592304229736,0.1037248917047433,0.6628896594047546,0.8962558496327709,High
2111,0.9999592304229736,0.1037248917047433,0.6628896594047546,0.8962558496327709,High
2112,0.9999524354934692,0.07644697912941978,0.6628896594047546,0.9058000791972506,High
2113,0.9999290704727173,-0.03199451659152863,0.6628896594047546,0.9325460016727447,High
2114,0.999908447265625,0.09117343066825617,0.6628896594047546,0.9006260324165926,High
2115,0.9999494552612305,0.10482026617578627,0.6628896594047546,0.8958680876265149,High
2116,0.9996989965438843,0.08350132436888413,0.6628896594047546,0.9032170048756604,High
2117,0.9997753500938416,0.07331069663225265,0.6628896594047546,0.9068180866611945,High
2118,0.9999668598175049,0.036256388953650354,0.6628896594047546,0.9198732826650505,High
2119,0.9999039173126221,0.0877279793479005,0.6628896594047546,0.9018298840184723,High
2120,0.9999611377716064,0.07567652368017419,0.6628896594047546,0.9060736427087194,High
2121,0.9999294281005859,0.023540678920781488,0.6628896594047546,0.9243069130620831,High
2122,0.9999290704727173,-0.024825584741462126,0.6628896594047546,0.9325460016727447,High
2123,0.9999527931213379,0.10290793200746173,0.6628896594047546,0.8965388947015479,High
2124,0.9999474287033081,0.07513548367270384,0.6628896594047546,0.9062568376305998,High
2125,0.99980229139328,0.0729537101720148,0.6628896594047546,0.9069551614674894,High
2126,0.9999713897705078,0.038129002427216174,0.6628896594047546,0.9192198945072249,High
2127,0.9999375343322754,0.08665227040472645,0.6628896594047546,0.9022215217283561,High
2128,0.999951958656311,0.06373521247770864,0.6628896594047546,0.9102489889090929,High
2129,0.9999294281005859,0.023289433433239304,0.6628896594047546,0.9243948489827228,High
2130,0.9999533891677856,0.10176421785760131,0.6628896594047546,0.8969394628749006,High
2131,0.9999250173568726,0.02727801965662524,0.6628896594047546,0.9229968768512603,High
2132,0.9999504089355469,0.0765226964066894,0.6628896594047546,0.9057726542782122,High
2133,0.9999091625213623,0.09299732154334295,0.6628896594047546,0.899987968633536,High
2134,0.999510645866394,0.06366658688989713,0.6628896594047546,0.9100744051884352,High
2135,0.9999281167984009,0.024293735784051473,0.6628896594047546,0.9240427769158133,High
2136,0.9999542236328125,0.07513548367270384,0.6628896594047546,0.9062599072698058,High
2137,0.9999438524246216,0.07513548367270384,0.6628896594047546,0.9062552283051909,High
2138,0.9998633861541748,-0.0010475197351600407,0.6628896594047546,0.9325164377689361,High
2139,0.9999498128890991,0.10184140520330953,0.6628896594047546,0.8969108379784937,High
2140,0.9995958209037781,0.008800302356812617,0.6628896594047546,0.9293159305616053,High
2141,0.999947190284729,0.10517700023479493,0.6628896594047546,0.8957422174269006,High
2142,0.9999617338180542,0.08989839798012311,0.6628896594047546,0.9010962549246387,High
2143,0.9999438524246216,0.07513548367270384,0.6628896594047546,0.9062552283051909,High
2144,0.9997406601905823,0.08811129581424337,0.6628896594047546,0.9016222605305665,High
2145,0.9997280240058899,0.1466349827609833,0.6628896594047546,0.8811332778556314,High
2146,0.9999245405197144,0.08422551259959754,0.6628896594047546,0.9030650457049633,High
2147,0.9999300241470337,0.08535802515191715,0.6628896594047546,0.9026711101020871,High
2148,0.9999344348907471,0.06883157638640836,0.6628896594047546,0.9084573639256152,High
2149,0.9999673366546631,-0.07396025198631584,0.6628896594047546,0.9325632274150848,High
2150,0.9999039173126221,0.08178333088420431,0.6628896594047546,0.9039105109807658,High
2151,0.9999592304229736,0.07513548367270384,0.6628896594047546,0.9062621424439848,High
2152,0.9999498128890991,0.10184140520330953,0.6628896594047546,0.8969108379784937,High
2153,0.9999545812606812,0.09755374916982368,0.6628896594047546,0.8984136633574257,High
2154,0.9999431371688843,0.09781790516021432,0.6628896594047546,0.8983160529590158,High
2155,0.9999662637710571,0.02773721530411244,0.6628896594047546,0.9228547252214873,High
2156,0.9999592304229736,0.1037248917047433,0.6628896594047546,0.8962558496327709,High
2157,0.6569235920906067,0.15701137100119222,0.6628896594047546,0.7232395654910744,High
2158,0.9999616146087646,0.04614664405861635,0.6628896594047546,0.9164093091925213,High
2159,0.9998394250869751,0.04238513125872334,0.6628896594047546,0.9176708533876786,High
2160,0.999961256980896,0.10858264435783793,0.6628896594047546,0.8945565600761819,High
2161,0.9999510049819946,0.10588015462806716,0.6628896594047546,0.8954978121216315,High
2162,0.9999580383300781,0.07900318320020994,0.6628896594047546,0.9049079111675546,High
2163,0.9999755620956421,0.025898674589835524,0.6628896594047546,0.9235023867966184,High
2164,0.9999349117279053,0.02225735200043255,0.6628896594047546,0.9247585510769635,High
2165,0.9999510049819946,0.0765226964066894,0.6628896594047546,0.9057729224991137,High
2166,0.9999039173126221,0.08932849905984375,0.6628896594047546,0.901269702119292,High
2167,0.9999102354049683,0.09439613555633991,0.6628896594047546,0.8994988903684676,High
2168,0.9999507665634155,0.1037431992627923,0.6628896594047546,0.8962456570925106,High
2169,0.9821128845214844,0.13048159597867404,0.6628896594047546,0.8788601713230829,High
2170,0.9999039173126221,0.08178333088420431,0.6628896594047546,0.9039105109807658,High
2171,0.9999349117279053,0.02225735200043255,0.6628896594047546,0.9247585510769635,High
2172,0.999948263168335,0.09301858074911473,0.6628896594047546,0.899998141084047,High
2173,0.9999592304229736,0.10456712859841605,0.6628896594047546,0.8959610667199854,High
2174,0.99992835521698,0.026054015343701664,0.6628896594047546,0.9234267684769029,High
2175,0.9999630451202393,0.06488050098364084,0.6628896594047546,0.9098531149198553,High
2176,0.9999592304229736,0.07513548367270384,0.6628896594047546,0.9062621424439848,High
2177,0.999962329864502,0.10947463521071027,0.6628896594047546,0.8942448401148347,High
2178,0.9999488592147827,0.09351773251487877,0.6628896594047546,0.8998237061869311,High
2179,0.9999438524246216,0.07513548367270384,0.6628896594047546,0.9062552283051909,High
2180,0.9999039173126221,0.08261937451771745,0.6628896594047546,0.9036178957090363,High
2181,0.9999504089355469,0.10778654232832491,0.6628896594047546,0.8948303082056398,High
2182,0.9998860359191895,0.09117116446929119,0.6628896594047546,0.9006167225989408,High
2183,0.9999138116836548,0.024545713173375394,0.6628896594047546,0.9239481475279142,High
2184,0.9999762773513794,0.026878414106785375,0.6628896594047546,0.9231598057912322,High
2185,0.9999520778656006,0.09831096377904469,0.6628896594047546,0.8981475057559476,High
2186,0.9999405145645142,0.08930260920775751,0.6628896594047546,0.9012952442518026,High
2187,0.9998977184295654,0.10415474005860814,0.6628896594047546,0.8960777461537425,High
2188,0.9999592304229736,0.07513548367270384,0.6628896594047546,0.9062621424439848,High
2189,0.9998724460601807,0.04946020593478484,0.6628896594047546,0.9152094486099286,High
2190,0.9420344829559326,0.1877184016920203,0.6628896594047546,0.8407919966979845,High
2191,0.9999374151229858,0.08422551259959754,0.6628896594047546,0.9030708273555065,High
2192,0.9999725818634033,0.025898674589835524,0.6628896594047546,0.923501045692111,High
2193,0.9999730587005615,0.037030879364433056,0.6628896594047546,0.9196049826372586,High
2194,0.9999039173126221,0.08221243100370951,0.6628896594047546,0.903760325938939,High
2195,0.9995527863502502,-0.013281876978475382,0.6628896594047546,0.9323766648769378,High
2196,0.9996984004974365,0.08256434579676031,0.6628896594047546,0.9035446791550023,High
2197,0.9999595880508423,0.1137113849667094,0.6628896594047546,0.8927607558050171,High
2198,0.999941349029541,0.09974226008737436,0.6628896594047546,0.8976417240718054,High
2199,0.9998931884765625,-0.0030537413468534336,0.6628896594047546,0.9325298488140106,High
2200,0.9996458292007446,0.14444830063110425,0.6628896594047546,0.8818616319190061,High
2201,0.9999710321426392,0.026039317128246142,0.6628896594047546,0.9234511353502524,High
2202,0.9998974800109863,0.07465423358338619,0.6628896594047546,0.9064028042107807,High
2203,0.9999512434005737,0.10315920376693888,0.6628896594047546,0.896450264132316,High
2204,0.99992835521698,0.023540678920781488,0.6628896594047546,0.9243064362249249,High
2205,0.9999363422393799,0.00818967399075421,0.6628896594047546,0.9296828940314433,High
2206,0.9342454075813293,0.19781615035161876,0.6628896594047546,0.8337527037287858,High
2207,0.9999613761901855,0.10184719243654944,0.6628896594047546,0.8969140278532776,High
2208,0.9999563694000244,0.09456709102649608,0.6628896594047546,0.8994597983702949,High
2209,0.999919056892395,0.025414079586794203,0.6628896594047546,0.9236465736666862,High
2210,0.999961256980896,0.10124389922183141,0.6628896594047546,0.8971251208737842,High
2211,0.979988694190979,0.14183034417149265,0.6628896594047546,0.873932199965011,High
2212,0.9999362230300903,0.02910142013575745,0.6628896594047546,0.9223637232760474,High
2213,0.9999294281005859,0.024042830045105545,0.6628896594047546,0.9241311601685697,High
2214,0.9999545812606812,0.10256676098526402,0.6628896594047546,0.8966591092220215,High
2215,0.9999762773513794,-0.0012224009482044718,0.6628896594047546,0.9325672507286071,High
2216,0.9999321699142456,0.02126496737525585,0.6628896594047546,0.9251046638005574,High
2217,0.9999592304229736,0.07513548367270384,0.6628896594047546,0.9062621424439848,High
2218,0.999961256980896,0.10176421785760131,0.6628896594047546,0.8969430093512647,High
2219,0.9999722242355347,0.008728705754654897,0.6628896594047546,0.9295103857728123,High
2220,0.999961256980896,0.10124389922183141,0.6628896594047546,0.8971251208737842,High
2221,0.9999039173126221,0.0823247805803799,0.6628896594047546,0.9037210035871044,High
2222,0.9809762239456177,0.12879047060214194,0.6628896594047546,0.8789405679457292,High
2223,0.999962329864502,0.11084990068744277,0.6628896594047546,0.8937634971979783,High
2224,0.9999501705169678,0.09689720496638726,0.6628896594047546,0.8986414868753508,High
2225,0.9999045133590698,0.10916253314484259,0.6628896594047546,0.8943280584104439,High
2226,0.9999327659606934,0.023415070342781896,0.6628896594047546,0.9243523959828247,High
2227,0.9999512434005737,0.10290793200746173,0.6628896594047546,0.896538209248133,High
2228,0.9999349117279053,0.02200552752803453,0.6628896594047546,0.9248466896423028,High
2229,0.9998676776885986,0.08178333088420431,0.6628896594047546,0.9038942091104197,High
2230,0.9999327659606934,0.08422551259959754,0.6628896594047546,0.9030687411929393,High
2231,0.993685781955719,0.1694607753548208,0.6628896594047546,0.8704252653670694,High
2232,0.9997727274894714,0.06052459465532389,0.6628896594047546,0.911292030260224,High
2233,0.999947190284729,0.07571791056567134,0.6628896594047546,0.906052898811094,High
2234,0.9999294281005859,0.023289433433239304,0.6628896594047546,0.9243948489827228,High
2235,0.9999051094055176,0.04597200276809088,0.6628896594047546,0.9164450122632085,High
2236,0.9999349117279053,0.02200552752803453,0.6628896594047546,0.9248466896423028,High
2237,0.9999203681945801,0.025288893562192882,0.6628896594047546,0.9236909848217444,High
2238,0.9999558925628662,0.11032161120338163,0.6628896594047546,0.8939455076921282,High
2239,0.9999203681945801,0.0323113149149763,0.6628896594047546,0.9212331373482702,High
2240,0.9999550580978394,0.017774278955766776,0.6628896594047546,0.9263366865486024,High
2241,0.9999561309814453,0.09399464746756514,0.6628896594047546,0.8996600642089535,High
2242,0.9999392032623291,0.07440531067785772,0.6628896594047546,0.9065087026908198,High
2243,0.9999663829803467,0.025898674589835524,0.6628896594047546,0.9234982442738066,High
2244,0.9999592304229736,0.07513548367270384,0.6628896594047546,0.9062621424439848,High
2245,0.9999533891677856,0.10766552834137044,0.6628896594047546,0.8948740042055813,High
2246,0.9999250173568726,0.017113330973416163,0.6628896594047546,0.9265545178903835,High
2247,0.9999176263809204,0.07579480280671802,0.6628896594047546,0.9060126648886203,High
2248,0.9999524354934692,0.07644697912941978,0.6628896594047546,0.9058000791972506,High
2249,0.9999376535415649,0.10069183652754998,0.6628896594047546,0.8973077331900127,High
2250,0.9999592304229736,0.1037248917047433,0.6628896594047546,0.8962558496327709,High
2251,0.9999755620956421,0.025898674589835524,0.6628896594047546,0.9235023867966184,High
2252,0.9999630451202393,0.10273355979963872,0.6628896594047546,0.8966045443342561,High
2253,0.9999663829803467,0.025898674589835524,0.6628896594047546,0.9234982442738066,High
2254,0.9999611377716064,0.06638061205913681,0.6628896594047546,0.9093272117760824,High
2255,0.9999592304229736,0.07513548367270384,0.6628896594047546,0.9062621424439848,High
2256,0.9999603033065796,0.10585470383211204,0.6628896594047546,0.8955109220276725,High
2257,0.9999203681945801,0.024419146220057586,0.6628896594047546,0.9239953963914918,High
2258,0.9999438524246216,0.10306361878670356,0.6628896594047546,0.8964803810152909,High
2259,0.9999635219573975,0.048654101593549326,0.6628896594047546,0.915532563322644,High
2260,0.9999474287033081,0.11347341859022703,0.6628896594047546,0.8928385604094666,High
2261,0.9801519513130188,0.19947082957368967,0.6628896594047546,0.8538315226012502,High
2262,0.9998950958251953,0.10939006169056192,0.6628896594047546,0.8942441914896632,High
2263,0.9999507665634155,0.09869018097839477,0.6628896594047546,0.8980142134920497,High
2264,0.99993896484375,0.1013335221665771,0.6628896594047546,0.8970837094604786,High
2265,0.9999438524246216,0.1037248917047433,0.6628896594047546,0.896248935493977,High
2266,0.9999537467956543,0.08388967428553135,0.6628896594047546,0.9031957319390594,High
2267,0.9999250173568726,0.0148282324468888,0.6628896594047546,0.927354302374668,High
2268,0.9999290704727173,-0.01839427636090296,0.6628896594047546,0.9325460016727447,High
2269,0.9998977184295654,0.10495327517085656,0.6628896594047546,0.8957982588644555,High
2270,0.9999579191207886,0.10124389922183141,0.6628896594047546,0.8971236307576648,High
2271,0.999931812286377,0.08535802515191715,0.6628896594047546,0.9026719147647916,High
2272,0.9998666048049927,-0.011641696450037764,0.6628896594047546,0.9325178980827331,High
2273,0.999956488609314,0.07186035809257874,0.6628896594047546,0.9074072145018107,High
2274,0.9999755620956421,0.025898674589835524,0.6628896594047546,0.9235023867966184,High
2275,0.999839186668396,0.050809677806190834,0.6628896594047546,0.9147221726890978,High
2276,0.9998977184295654,0.10415474005860814,0.6628896594047546,0.8960777461537425,High
2277,0.9999548196792603,0.10290222867913579,0.6628896594047546,0.896541814738456,High
2278,0.9999667406082153,0.03511418442283365,0.6628896594047546,0.9202729946461915,High
2279,0.9999314546585083,0.012764688910757771,0.6628896594047546,0.9280794334375854,High
2280,0.9998934268951416,0.047490380893148165,0.6628896594047546,0.9159083347106983,High
2281,0.9999611377716064,0.07608790951159572,0.6628896594047546,0.9059296576677219,High
2282,0.999914288520813,0.03438125484004306,0.6628896594047546,0.9205059165608372,High
2283,0.9999039173126221,0.08261937451771745,0.6628896594047546,0.9036178957090363,High
2284,0.9999611377716064,0.07567652368017419,0.6628896594047546,0.9060736427087194,High
2285,0.9999403953552246,0.029310023412683073,0.6628896594047546,0.9222925896754339,High
2286,0.9999507665634155,0.10424251638003301,0.6628896594047546,0.8960708961014764,High
2287,0.9999592304229736,0.1037248917047433,0.6628896594047546,0.8962558496327709,High
2288,0.9999337196350098,0.05615204696708498,0.6628896594047546,0.9128948713968321,High
2289,0.9999501705169678,0.04805810674534772,0.6628896594047546,0.9157351712527148,High
2290,0.999958872795105,0.017774278955766776,0.6628896594047546,0.9263384150833008,High
2291,0.999947190284729,0.07571791056567134,0.6628896594047546,0.906052898811094,High
2292,0.9999611377716064,0.07608790951159572,0.6628896594047546,0.9059296576677219,High
2293,0.9999032020568848,0.04752255952577866,0.6628896594047546,0.9159014531306685,High
2294,0.9999338388442993,0.0310626346366929,0.6628896594047546,0.9216762253171141,High
2295,0.9998880624771118,0.08326156435956417,0.6628896594047546,0.9033860065093392,High
2296,0.9999487400054932,0.10612986240401545,0.6628896594047546,0.8954094011210885,High
2297,0.9999154806137085,0.02089807138695088,0.6628896594047546,0.9252255672112224,High
2298,0.9999592304229736,0.1037248917047433,0.6628896594047546,0.8962558496327709,High
2299,0.9999392032623291,0.07480863582189012,0.6628896594047546,0.9063675388904086,High
2300,0.9999533891677856,0.06353531798265732,0.6628896594047546,0.9103195778311309,High
2301,0.999961256980896,0.1074584490893184,0.6628896594047546,0.8949500284201637,High
2302,0.9999510049819946,0.0765226964066894,0.6628896594047546,0.9057729224991137,High
2303,0.999948263168335,0.10124389922183141,0.6628896594047546,0.8971192796185962,High
2304,0.9999473094940186,0.10040034582505619,0.6628896594047546,0.8974140762726316,High
2305,0.9996989965438843,0.08350132436888413,0.6628896594047546,0.9032170048756604,High
2306,0.9999611377716064,0.06746308368440257,0.6628896594047546,0.9089483467072395,High
2307,0.999447762966156,0.060269943280839455,0.6628896594047546,0.9112349480476595,High
2308,0.999908447265625,0.08315991640440801,0.6628896594047546,0.9034307624089394,High
2309,0.9999696016311646,0.026039317128246142,0.6628896594047546,0.9234504796991598,High
2310,0.999961256980896,0.10124389922183141,0.6628896594047546,0.8971251208737842,High
2311,0.9999611377716064,0.10547047760729167,0.6628896594047546,0.8956457588342283,High
2312,0.999961256980896,0.06297344376166225,0.6628896594047546,0.9105197802848434,High
2313,0.9999611377716064,0.07619601888556404,0.6628896594047546,0.9058918193868329,High
2314,0.9999527931213379,0.07534463753445275,0.6628896594047546,0.906186047767101,High
2315,0.999962329864502,0.11238738164438389,0.6628896594047546,0.893225378863049,High
2316,0.9999294281005859,0.024042830045105545,0.6628896594047546,0.9241311601685697,High
2317,0.9999603033065796,0.10554558922730606,0.6628896594047546,0.8956191121393545,High
2318,0.9999039173126221,0.08178333088420431,0.6628896594047546,0.9039105109807658,High
2319,0.9999755620956421,0.025898674589835524,0.6628896594047546,0.9235023867966184,High
2320,0.9999725818634033,0.025898674589835524,0.6628896594047546,0.923501045692111,High
2321,0.9997640252113342,0.11833210369500119,0.6628896594047546,0.8910554979921042,High
2322,0.9999291896820068,0.024419146220057586,0.6628896594047546,0.9239993601003693,High
2323,0.999961256980896,0.10124389922183141,0.6628896594047546,0.8971251208737842,High
2324,0.9999203681945801,0.025414079586794203,0.6628896594047546,0.923647169713134,High
2325,0.9999542236328125,0.1037248917047433,0.6628896594047546,0.8962536144585919,High
2326,0.9999592304229736,0.048656960640384495,0.6628896594047546,0.9155296255052966,High
2327,0.9999611377716064,0.1058744867988024,0.6628896594047546,0.8955043556171994,High
2328,0.9999403953552246,0.034677690597365696,0.6628896594047546,0.920413906160795,High
2329,0.999919056892395,0.027759679027935302,0.6628896594047546,0.9228256138622868,High
2330,0.9999545812606812,0.10611529491478594,0.6628896594047546,0.8954171223466889,High
2331,0.9999755620956421,0.025898674589835524,0.6628896594047546,0.9235023867966184,High
2332,0.9999258518218994,0.06883157638640836,0.6628896594047546,0.9084534896237048,High
2333,0.9999358654022217,0.08655484126959995,0.6628896594047546,0.9022548768675906,High
2334,0.9999438524246216,0.07598267327009212,0.6628896594047546,0.9059587119461049,High
2335,0.9999250173568726,0.02112007461414611,0.6628896594047546,0.9251521576161279,High
2336,0.9999762773513794,0.026878414106785375,0.6628896594047546,0.9231598057912322,High
2337,0.9996763467788696,0.0781414389696542,0.6628896594047546,0.9050827723711342,High
2338,0.9999039173126221,0.09008601580800735,0.6628896594047546,0.9010045712574348,High
2339,0.999961256980896,0.10038977488528167,0.6628896594047546,0.8974240643915766,High
2340,0.9999039173126221,0.08178333088420431,0.6628896594047546,0.9039105109807658,High
2341,0.999948263168335,0.10124389922183141,0.6628896594047546,0.8971192796185962,High
2342,0.9998167157173157,0.03918043151298678,0.6628896594047546,0.9187823059044299,High
2343,0.9999438524246216,0.1037248917047433,0.6628896594047546,0.896248935493977,High
2344,0.9999064207077026,0.050784905356510146,0.6628896594047546,0.9147610924037096,High
2345,0.9999291896820068,0.024293735784051473,0.6628896594047546,0.9240432537529715,High
2346,0.999931812286377,0.08535802515191715,0.6628896594047546,0.9026719147647916,High
2347,0.9999487400054932,0.0765226964066894,0.6628896594047546,0.9057719092201525,High
2348,0.9987531900405884,0.14813824818274596,0.6628896594047546,0.8801684745747901,High
2349,0.9999592304229736,0.04949864171739837,0.6628896594047546,0.9152350371283416,High
2350,0.9998615980148315,0.00463312723096454,0.6628896594047546,0.930894038575394,High
2351,0.999941349029541,0.04236419987703455,0.6628896594047546,0.9177240451454244,High
2352,0.9999755620956421,0.025898674589835524,0.6628896594047546,0.9235023867966184,High
2353,0.9999290704727173,-0.018664441192892012,0.6628896594047546,0.9325460016727447,High
2354,0.9997108578681946,0.07139446646529957,0.6628896594047546,0.9074597397576224,High
2355,0.9999510049819946,0.10588015462806716,0.6628896594047546,0.8954978121216315,High
2356,0.9999204874038696,0.0534693346180144,0.6628896594047546,0.9138278602545292,High
2357,0.9998979568481445,0.013373612863960771,0.6628896594047546,0.9278512300788363,High
2358,0.9998513460159302,0.03943884254552654,0.6628896594047546,0.9187074188553273,High
2359,0.9999085664749146,0.0464952327298821,0.6628896594047546,0.9162634314973458,High
2360,0.9999755620956421,0.031035385149520645,0.6628896594047546,0.9217045381007286,High
2361,0.9999592304229736,0.1037248917047433,0.6628896594047546,0.8962558496327709,High
2362,0.9998424053192139,0.033067309773249454,0.6628896594047546,0.920933432012102,High
2363,0.9999421834945679,0.07480863582189012,0.6628896594047546,0.906368879994916,High
2364,0.9999750852584839,0.02650080607224803,0.6628896594047546,0.9232914321615173,High
2365,0.9999039173126221,0.08178333088420431,0.6628896594047546,0.9039105109807658,High
2366,0.9999438524246216,0.07513548367270384,0.6628896594047546,0.9062552283051909,High
2367,0.999948263168335,0.10080704966646209,0.6628896594047546,0.8972721769629753,High
2368,0.999961256980896,0.06297344376166225,0.6628896594047546,0.9105197802848434,High
2369,0.9999750852584839,0.02650080607224803,0.6628896594047546,0.9232914321615173,High
2370,0.9995226860046387,0.08640567647076364,0.6628896594047546,0.9021211478578065,High
2371,0.9999704360961914,0.02650080607224803,0.6628896594047546,0.9232893459989502,High
2372,0.99992835521698,0.030814782749314373,0.6628896594047546,0.9217604998849384,High
2373,0.7819204330444336,0.15095547703852236,0.6628896594047546,0.7816077038269987,High
2374,0.9999362230300903,0.02184871811818767,0.6628896594047546,0.9249021689821969,High
2375,0.9999535083770752,0.10562954077658643,0.6628896594047546,0.8955866594579006,High
2376,0.9999281167984009,0.024042830045105545,0.6628896594047546,0.9241305939244443,High
2377,0.999948263168335,0.06297344376166225,0.6628896594047546,0.9105139390296554,High
2378,0.9999487400054932,0.0765226964066894,0.6628896594047546,0.9057719092201525,High
2379,0.999947190284729,0.07642332484310888,0.6628896594047546,0.9058060038139909,High
2380,0.9999604225158691,0.11063440424727361,0.6628896594047546,0.8938380566846883,High
2381,0.999908447265625,0.07364890962017434,0.6628896594047546,0.906759614783421,High
2382,0.9997028708457947,0.11194225711264816,0.6628896594047546,0.8932644367523639,High
2383,0.9999592304229736,0.04766522146540264,0.6628896594047546,0.9158767342165403,High
2384,0.9999046325683594,0.03206402638129957,0.6628896594047546,0.9213125953823288,High
2385,0.9999604225158691,0.0813259307999305,0.6628896594047546,0.9040960223912584,High
2386,0.9997746348381042,0.009697121785669505,0.6628896594047546,0.9290825100319523,High
2387,0.9999592304229736,0.1037248917047433,0.6628896594047546,0.8962558496327709,High
2388,0.9998500347137451,0.03251432913631791,0.6628896594047546,0.9211304323044249,High
2389,0.9999147653579712,0.09390473973973829,0.6628896594047546,0.8996729054622005,High
2390,0.9999533891677856,0.06515793697660155,0.6628896594047546,0.9097516611832505,High
2391,0.9999535083770752,0.10260453591701246,0.6628896594047546,0.8966454111587514,High
2392,0.9997212290763855,0.14979156470903238,0.6628896594047546,0.8800254343369308,High
2393,0.9999755620956421,0.032209792358031675,0.6628896594047546,0.9212934955777498,High
2394,0.9999709129333496,0.026039317128246142,0.6628896594047546,0.9234510757456076,High
2395,0.9999316930770874,0.02200552752803453,0.6628896594047546,0.9248452591308282,High
2396,0.9999592304229736,0.07557030446782831,0.6628896594047546,0.9061099551656911,High
2397,0.9999067783355713,0.08957190321875974,0.6628896594047546,0.9011857921635341,High
2398,0.999908447265625,0.07074085083931625,0.6628896594047546,0.9077774353567215,High
2399,0.9999611377716064,0.07608790951159572,0.6628896594047546,0.9059296576677219,High
2400,0.9999327659606934,0.027178122386736336,0.6628896594047546,0.9230353277674407,High
2401,0.9999250173568726,0.013818335342474453,0.6628896594047546,0.927707766361213,High
2402,0.9999203681945801,0.025288893562192882,0.6628896594047546,0.9236909848217444,High
2403,0.9999662637710571,0.024199833704330098,0.6628896594047546,0.924092808781411,High
2404,0.9999290704727173,-0.0049031989475056825,0.6628896594047546,0.9325460016727447,High
2405,0.9999438524246216,0.04889676649358354,0.6628896594047546,0.915438779317883,High
2406,0.9909115433692932,0.1482815225299821,0.6628896594047546,0.8765895845709424,High
2407,0.9999725818634033,0.025243442783329018,0.6628896594047546,0.9237303768243882,High
2408,0.9999592304229736,0.1037248917047433,0.6628896594047546,0.8962558496327709,High
2409,0.9999755620956421,0.025898674589835524,0.6628896594047546,0.9235023867966184,High
2410,0.999961256980896,0.10189454144534565,0.6628896594047546,0.8968973960955542,High
2411,0.999947190284729,0.10517700023479493,0.6628896594047546,0.8957422174269006,High
2412,0.9999507665634155,0.08934381088566212,0.6628896594047546,0.9012854430245062,High
2413,0.9999039173126221,0.0452249437714628,0.6628896594047546,0.9167059464702254,High
2414,0.9999507665634155,0.07469459094716246,0.6628896594047546,0.906412670002981,High
2415,0.9999630451202393,0.10290222867913579,0.6628896594047546,0.896545510226432,High
2416,0.9999611377716064,0.07567652368017419,0.6628896594047546,0.9060736427087194,High
2417,0.9999630451202393,0.10189454144534565,0.6628896594047546,0.8968982007582587,High
2418,0.9998639822006226,0.03978665814855176,0.6628896594047546,0.9185913756378444,High
2419,0.9999592304229736,0.10534821444585035,0.6628896594047546,0.8956876866733835,High
2420,0.9999536275863647,0.07610587618526876,0.6628896594047546,0.9059200016695065,High
2421,0.9999643564224243,0.11029588640042881,0.6628896594047546,0.8939583260704272,High
2422,0.9999418258666992,0.11290162128549724,0.6628896594047546,0.8930361860710415,High
2423,0.999961256980896,0.10124389922183141,0.6628896594047546,0.8971251208737842,High
2424,0.9999291896820068,0.024293735784051473,0.6628896594047546,0.9240432537529715,High
2425,0.9998809099197388,0.09209946023830512,0.6628896594047546,0.900289524300962,High
2426,0.9999592304229736,0.1037248917047433,0.6628896594047546,0.8962558496327709,High
2427,0.9999611377716064,0.1058744867988024,0.6628896594047546,0.8955043556171994,High
2428,0.999947190284729,0.076096473059302,0.6628896594047546,0.9059204019383232,High
2429,0.9999269247055054,0.09589503093530521,0.6628896594047546,0.8989817871710715,High
2430,0.9998880624771118,0.052940880607568186,0.6628896594047546,0.9139982458225379,High
2431,0.925554096698761,0.16388745426573748,0.6628896594047546,0.8417166693826175,High
2432,0.9999275207519531,0.017841082957009924,0.6628896594047546,0.9263009371843763,High
2433,0.9999514818191528,0.06455910528819442,0.6628896594047546,0.9099603880068438,High
2434,0.9999043941497803,0.03978665814855176,0.6628896594047546,0.9186095550545009,High
2435,0.9999611377716064,0.07619601888556404,0.6628896594047546,0.9058918193868329,High
2436,0.9999362230300903,0.02112026179054438,0.6628896594047546,0.925157128696872,High
2437,0.9999592304229736,0.07513548367270384,0.6628896594047546,0.9062621424439848,High
2438,0.9999630451202393,0.10251804291562139,0.6628896594047546,0.8966799752436622,High
2439,0.9999535083770752,0.06455910528819442,0.6628896594047546,0.9099613118788378,High
2440,0.999961256980896,0.10124389922183141,0.6628896594047546,0.8971251208737842,High
2441,0.9999039173126221,0.08178333088420431,0.6628896594047546,0.9039105109807658,High
2442,0.9998887777328491,0.032518510318445104,0.6628896594047546,0.9211464032492772,High
2443,0.9999725818634033,0.025542719469796582,0.6628896594047546,0.9236256299841247,High
2444,0.9999592304229736,0.048656960640384495,0.6628896594047546,0.9155296255052966,High
2445,0.999929666519165,0.08569551075604542,0.6628896594047546,0.9025528411290303,High
2446,0.9999592304229736,0.10195276387375535,0.6628896594047546,0.8968760943736167,High
2447,0.999891996383667,0.058671416606168925,0.6628896594047546,0.9119943165600485,High
2448,0.9999501705169678,0.07323374099135271,0.6628896594047546,0.9069236992666129,High
2449,0.9999039173126221,0.08261937451771745,0.6628896594047546,0.9036178957090363,High
2450,0.9999527931213379,0.07481249425286507,0.6628896594047546,0.9063722979156567,High
2451,0.9999604225158691,0.11284018289319558,0.6628896594047546,0.8930660341586156,High
2452,0.999962329864502,0.10934359286382794,0.6628896594047546,0.8942907049362435,High
2453,0.99993896484375,0.10095135547915673,0.6628896594047546,0.8972174678010756,High
2454,0.9999039173126221,0.07522965762105738,0.6628896594047546,0.9062042966228673,High
2455,0.999354898929596,0.06471208378981064,0.6628896594047546,0.9096383862112097,High
2456,0.9999643564224243,0.11124526572375798,0.6628896594047546,0.8936260433072621,High
2457,0.9999727010726929,0.00799016294560495,0.6628896594047546,0.9297690843722365,High
2458,0.999961256980896,0.10124389922183141,0.6628896594047546,0.8971251208737842,High
2459,0.9999039173126221,0.08178333088420431,0.6628896594047546,0.9039105109807658,High
2460,0.999961256980896,0.10124389922183141,0.6628896594047546,0.8971251208737842,High
2461,0.9999536275863647,0.07610587618526876,0.6628896594047546,0.9059200016695065,High
2462,0.9998807907104492,0.07060836915918978,0.6628896594047546,0.9078113465740076,High
2463,0.9999006986618042,0.11344206750181185,0.6628896594047546,0.8928285226531286,High
2464,0.9999755620956421,0.025898674589835524,0.6628896594047546,0.9235023867966184,High
2465,0.9999536275863647,0.1058744867988024,0.6628896594047546,0.8955009879547696,High
2466,0.9999501705169678,0.09706763475670505,0.6628896594047546,0.8985818364487396,High
2467,0.9999039173126221,0.08307070041873571,0.6628896594047546,0.9034599316436799,High
2468,0.9999592304229736,0.07513548367270384,0.6628896594047546,0.9062621424439848,High
2469,0.9999294281005859,0.023540678920781488,0.6628896594047546,0.9243069130620831,High
2470,0.9999494552612305,0.07557030446782831,0.6628896594047546,0.9061055742243002,High
2471,0.9999510049819946,0.0765226964066894,0.6628896594047546,0.9057729224991137,High
2472,0.9999039173126221,0.09002554186315087,0.6628896594047546,0.9010257371381346,High
2473,0.9998242259025574,0.05099542966508419,0.6628896594047546,0.9146504242136255,High
2474,0.9999592304229736,0.11256204993271568,0.6628896594047546,0.8931628442529806,High
2475,0.728613018989563,0.12996250414261878,0.6628896594047546,0.7649669080158732,High
2476,0.9999542236328125,0.04680172869454857,0.6628896594047546,0.91617672151216,High
2477,0.9999337196350098,0.09579186504041232,0.6628896594047546,0.8990209350711675,High
2478,0.9999511241912842,0.10557864695710895,0.6628896594047546,0.8956033994111117,High
2479,0.9999592304229736,0.1037248917047433,0.6628896594047546,0.8962558496327709,High
2480,0.9996445178985596,0.03126156952739545,0.6628896594047546,0.9214763917588563,High
2481,0.9999504089355469,0.07550659571884977,0.6628896594047546,0.9061282895189561,High
2482,0.9999362230300903,0.022179940611657067,0.6628896594047546,0.9247862411094826,High
2483,0.9999592304229736,0.07513548367270384,0.6628896594047546,0.9062621424439848,High
2484,0.9999301433563232,0.06883157638640836,0.6628896594047546,0.90845542677466,High
2485,0.9999762773513794,-0.0008859083180537963,0.6628896594047546,0.9325672507286071,High
2486,0.999947190284729,0.10482026617578627,0.6628896594047546,0.8958670743475537,High
2487,0.9999033212661743,0.11102012259096677,0.6628896594047546,0.8936773656624976,High
2488,0.9999434947967529,0.018359602984412415,0.6628896594047546,0.9261266375344809,High
2489,0.9999061822891235,0.027759679027935302,0.6628896594047546,0.9228198024094212,High
2490,0.9921573400497437,0.06544916317370342,0.6628896594047546,0.9061415218320749,High
2491,0.9999362230300903,0.018523895578789973,0.6628896594047546,0.9260658568709861,High
2492,0.999937891960144,0.08580707488659128,0.6628896594047546,0.9025174891713154,High
2493,0.9998534917831421,0.040948029605601066,0.6628896594047546,0.9181801868609399,High
2494,0.999931812286377,0.07062060908814727,0.6628896594047546,0.9078300103871111,High
2495,0.9999579191207886,0.10124389922183141,0.6628896594047546,0.8971236307576648,High
2496,0.9999603033065796,0.09781790516021432,0.6628896594047546,0.8983238015628366,High
2497,0.9999126195907593,0.03034787075335399,0.6628896594047546,0.9219168559331187,High
2498,0.9998809099197388,0.09055804183827776,0.6628896594047546,0.9008290207409716,High
2499,0.9999510049819946,0.049605552727548186,0.6628896594047546,0.9151939227868132,High
2500,0.9999755620956421,0.025898674589835524,0.6628896594047546,0.9235023867966184,High
2501,0.9999501705169678,0.09266752613452378,0.6628896594047546,0.900121874466503,High
2502,0.9999592304229736,0.07513548367270384,0.6628896594047546,0.9062621424439848,High
2503,0.9999512434005737,0.10581544695325024,0.6628896594047546,0.895520579017107,High
2504,0.9999536275863647,0.1058744867988024,0.6628896594047546,0.8955009879547696,High
2505,0.9999734163284302,0.033322300405975946,0.6628896594047546,0.9209031640866528,High
2506,0.999961256980896,0.10106952332069619,0.6628896594047546,0.8971861524391814,High
2507,0.9999630451202393,0.10189454144534565,0.6628896594047546,0.8968982007582587,High
2508,0.9997406601905823,0.08536436647265555,0.6628896594047546,0.9025836858001223,High
2509,0.999948263168335,0.09869018097839477,0.6628896594047546,0.898013081003799,High
2510,0.999863862991333,0.09072826841498599,0.6628896594047546,0.9007617524399477,High
2511,0.999947190284729,0.10517700023479493,0.6628896594047546,0.8957422174269006,High
2512,0.9999327659606934,0.02200552752803453,0.6628896594047546,0.9248457359679864,High
2513,0.9999511241912842,0.10557864695710895,0.6628896594047546,0.8956033994111117,High
2514,0.9999314546585083,0.013058589751947847,0.6628896594047546,0.927976568143169,High
2515,0.9999290704727173,0.0045335430101814955,0.6628896594047546,0.9309592616191812,High
2516,0.999961256980896,0.10124389922183141,0.6628896594047546,0.8971251208737842,High
2517,0.9999362230300903,0.027044689421166,0.6628896594047546,0.9230835790261545,High
2518,0.9999039173126221,0.08178333088420431,0.6628896594047546,0.9039105109807658,High
2519,0.9999250173568726,0.020335910164901883,0.6628896594047546,0.9254266151733633,High
2520,0.99982750415802,0.04978733974267546,0.6628896594047546,0.9150747160002656,High
2521,0.9999711513519287,0.0665578383809401,0.6628896594047546,0.9092696827141319,High
2522,0.9999762773513794,0.027118086352215576,0.6628896594047546,0.9230759205053317,High
2523,0.9999663829803467,0.025898674589835524,0.6628896594047546,0.9234982442738066,High
2524,0.9999494552612305,0.10842792722237593,0.6628896594047546,0.8946054062602086,High
2525,0.9999438524246216,0.07513548367270384,0.6628896594047546,0.9062552283051909,High
2526,0.9999611377716064,0.10595930866203768,0.6628896594047546,0.8954746679650673,High
2527,0.9999542236328125,0.08502295333961846,0.6628896594047546,0.9027992928863856,High
2528,0.9999375343322754,0.08621315508668165,0.6628896594047546,0.9023752120896718,High
2529,0.9999762773513794,0.03527965603415284,0.6628896594047546,0.9202193711166536,High
2530,0.9999611377716064,0.07590414490383646,0.6628896594047546,0.9059939752804376,High
2531,0.9999563694000244,0.09343507534676587,0.6628896594047546,0.8998560038582003,High
2532,0.9974923133850098,0.06539972785491832,0.6628896594047546,0.9085595502735905,High
2533,0.999961256980896,0.06297344376166225,0.6628896594047546,0.9105197802848434,High
2534,0.9993700385093689,0.08029972086307258,0.6628896594047546,0.9041895379673948,High
2535,0.9999775886535645,0.03783563147419755,0.6628896594047546,0.9193253757590857,High
2536,0.999961256980896,0.10124389922183141,0.6628896594047546,0.8971251208737842,High
2537,0.9999592304229736,0.07513548367270384,0.6628896594047546,0.9062621424439848,High
2538,0.9999611377716064,0.07610587618526876,0.6628896594047546,0.9059233693319363,High
2539,0.9999592304229736,0.1037248917047433,0.6628896594047546,0.8962558496327709,High
2540,0.9999297857284546,0.023328802433400186,0.6628896594047546,0.9243812486466009,High
2541,0.9999592304229736,0.07513548367270384,0.6628896594047546,0.9062621424439848,High
2542,0.9998950958251953,0.10415474005860814,0.6628896594047546,0.896076554060847,High
2543,0.9999473094940186,0.05909145580370623,0.6628896594047546,0.9118721877801041,High
2544,0.9999755620956421,0.025898674589835524,0.6628896594047546,0.9235023867966184,High
2545,0.9999512434005737,0.10315920376693888,0.6628896594047546,0.896450264132316,High
2546,0.5250635147094727,0.16988128519273815,0.6628896594047546,0.659398060702523,Medium
2547,0.9999452829360962,0.10137986021109058,0.6628896594047546,0.8970703521678479,High
2548,0.8776775598526001,0.11036411999422563,0.6628896594047546,0.838905379895713,High
2549,0.9999438524246216,0.049016628863941536,0.6628896594047546,0.9153968274882577,High
2550,0.9999488592147827,0.10557864695710895,0.6628896594047546,0.8956023861321505,High
2551,0.9999592304229736,0.07513548367270384,0.6628896594047546,0.9062621424439848,High
2552,0.9999510049819946,0.10588015462806716,0.6628896594047546,0.8954978121216315,High
2553,0.9999250173568726,0.018523895578789973,0.6628896594047546,0.9260608202785026,High
2554,0.9999510049819946,0.10588015462806716,0.6628896594047546,0.8954978121216315,High
2555,0.9999291896820068,0.024293735784051473,0.6628896594047546,0.9240432537529715,High
2556,0.8940941691398621,0.1334369581925316,0.6628896594047546,0.8382173756067349,High
2557,0.9999592304229736,0.07513548367270384,0.6628896594047546,0.9062621424439848,High
2558,0.999950647354126,0.04547439852890112,0.6628896594047546,0.9166396777447278,High
2559,0.999931812286377,0.08569551075604542,0.6628896594047546,0.9025537948033467,High
2560,0.9999350309371948,0.09350662793718378,0.6628896594047546,0.8998213641037452,High
2561,0.9999362230300903,0.09286209450426142,0.6628896594047546,0.9000474872470711,High
2562,0.999958872795105,0.0952603203239909,0.6628896594047546,0.8992183006044224,High
2563,0.9999434947967529,0.018359602984412415,0.6628896594047546,0.9261266375344809,High
2564,0.9999487400054932,0.10612986240401545,0.6628896594047546,0.8954094011210885,High
2565,0.9998867511749268,0.10415474005860814,0.6628896594047546,0.8960727989682261,High
2566,0.999951958656311,0.10354913289140988,0.6628896594047546,0.8963141167642974,High
2567,0.9999592304229736,0.07513548367270384,0.6628896594047546,0.9062621424439848,High
2568,0.9999039173126221,0.08178333088420431,0.6628896594047546,0.9039105109807658,High
2569,0.9999510049819946,0.0765226964066894,0.6628896594047546,0.9057729224991137,High
2570,0.9999494552612305,0.10482026617578627,0.6628896594047546,0.8958680876265149,High
2571,0.9998551607131958,0.07835277226988435,0.6628896594047546,0.9050892719865006,High
2572,0.9998977184295654,0.10415474005860814,0.6628896594047546,0.8960777461537425,High
2573,0.9999290704727173,-0.028135047026825788,0.6628896594047546,0.9325460016727447,High
2574,0.9999762773513794,-0.0014743491563160571,0.6628896594047546,0.9325672507286071,High
2575,0.9999314546585083,0.012764688910757771,0.6628896594047546,0.9280794334375854,High
2576,0.9999067783355713,0.09451702903152609,0.6628896594047546,0.8994549981290659,High
2577,0.9999583959579468,0.09485151454656293,0.6628896594047546,0.8993611740102655,High
2578,0.9999362230300903,0.019157167675703746,0.6628896594047546,0.9258442116370663,High
2579,0.9999611377716064,0.07608790951159572,0.6628896594047546,0.9059296576677219,High
2580,0.9996148347854614,-0.009957801591159443,0.6628896594047546,0.9324045896530151,High
2581,0.9999488592147827,0.0765226964066894,0.6628896594047546,0.9057719688247973,High
2582,0.9999039173126221,0.08178333088420431,0.6628896594047546,0.9039105109807658,High
2583,0.9999592304229736,0.1037248917047433,0.6628896594047546,0.8962558496327709,High
2584,0.9999592304229736,0.1037248917047433,0.6628896594047546,0.8962558496327709,High
2585,0.999961256980896,0.10161413259202756,0.6628896594047546,0.8969955391942155,High
2586,0.999948263168335,0.0963290031220489,0.6628896594047546,0.8988394932535201,High
2587,0.999961256980896,0.10663251552805403,0.6628896594047546,0.8952391051666062,High
2588,0.9999438524246216,0.1037248917047433,0.6628896594047546,0.896248935493977,High
2589,0.9999592304229736,0.07513548367270384,0.6628896594047546,0.9062621424439848,High
2590,0.9999630451202393,0.10300991263728532,0.6628896594047546,0.8965078208410797,High
2591,0.9999755620956421,0.025898674589835524,0.6628896594047546,0.9235023867966184,High
2592,0.9999635219573975,0.10843157305956042,0.6628896594047546,0.8946104483095402,High
2593,0.9999392032623291,0.07480863582189012,0.6628896594047546,0.9063675388904086,High
2594,0.9998910427093506,0.05227586818385799,0.6628896594047546,0.9142323412753438,High
2595,0.9999592304229736,0.04693506022750882,0.6628896594047546,0.916132290649803,High
2596,0.9999622106552124,0.12001338593283778,0.6628896594047546,0.8905562177574453,High
2597,0.9999316930770874,0.023289433433239304,0.6628896594047546,0.9243958920640064,High
2598,0.9999116659164429,0.05662785841480822,0.6628896594047546,0.9127184132167739,High
2599,0.9999755620956421,0.025898674589835524,0.6628896594047546,0.9235023867966184,High
2600,0.9999611377716064,0.1058744867988024,0.6628896594047546,0.8955043556171994,High
2601,0.999906063079834,0.09390473973973829,0.6628896594047546,0.8996690013579677,High
2602,0.9999598264694214,0.09515047689804002,0.6628896594047546,0.8992571630360185,High
2603,0.9999592304229736,0.1037248917047433,0.6628896594047546,0.8962558496327709,High
2604,0.9999755620956421,0.025898674589835524,0.6628896594047546,0.9235023867966184,High
2605,0.9999438524246216,0.07513548367270384,0.6628896594047546,0.9062552283051909,High
2606,0.9999349117279053,0.022131453962649483,0.6628896594047546,0.9248026153901875,High
2607,0.9998977184295654,0.10415474005860814,0.6628896594047546,0.8960777461537425,High
2608,0.9999592304229736,0.07513548367270384,0.6628896594047546,0.9062621424439848,High
2609,0.9998716115951538,0.0895999314552573,0.6628896594047546,0.9011601572475721,High
2610,0.9999542236328125,0.1037248917047433,0.6628896594047546,0.8962536144585919,High
2611,0.9999256134033203,0.030566819041255577,0.6628896594047546,0.9218460652875411,High
2612,0.999946117401123,0.10311089799802348,0.6628896594047546,0.8964648465702901,High
2613,0.9999474287033081,0.1037248917047433,0.6628896594047546,0.8962505448193859,High
2614,0.9999362230300903,0.018650607133045116,0.6628896594047546,0.9260215078269968,High
2615,0.9999610185623169,0.10028186153928337,0.6628896594047546,0.8974617148533864,High
2616,0.9999312162399292,0.0031048993611273445,0.6628896594047546,0.9314602405706666,High
2617,0.9999250173568726,0.02384411293255906,0.6628896594047546,0.9241987442046834,High
2618,0.9999250173568726,0.016859185728168913,0.6628896594047546,0.9266434687262199,High
2619,0.9999755620956421,0.025898674589835524,0.6628896594047546,0.9235023867966184,High
2620,0.9999511241912842,0.0765226964066894,0.6628896594047546,0.9057729821037585,High
2621,0.9807697534561157,0.17292107745169782,0.6628896594047546,0.8634019319071798,High
2622,0.9999474287033081,0.10791485217308977,0.6628896594047546,0.8947840586554646,High
2623,0.9999592304229736,0.1037248917047433,0.6628896594047546,0.8962558496327709,High
2624,0.9998950958251953,0.04629877741026611,0.6628896594047546,0.9163261409877667,High
2625,0.9999510049819946,0.10588015462806716,0.6628896594047546,0.8954978121216315,High
2626,0.9997851252555847,0.07319631389104164,0.6628896594047546,0.9068625313643316,High
2627,0.9999592304229736,0.07513548367270384,0.6628896594047546,0.9062621424439848,High
2628,0.9995759129524231,0.05263449870256831,0.6628896594047546,0.9139650211438747,High
2629,0.9999762773513794,0.026878414106785375,0.6628896594047546,0.9231598057912322,High
2630,0.9999203681945801,0.025539237381528523,0.6628896594047546,0.9236033644849769,High
2631,0.9999762773513794,0.02743818366445039,0.6628896594047546,0.9229638864460495,High
2632,0.9999587535858154,0.07848156953480245,0.6628896594047546,0.9050908037759936,High
2633,0.9999438524246216,0.0654907645249756,0.6628896594047546,0.9096308800068956,High
2634,0.9999250173568726,0.017367361610382992,0.6628896594047546,0.926465607167445,High
2635,0.9999426603317261,0.08433740821964036,0.6628896594047546,0.9030340182719601,High
2636,0.9999287128448486,0.058682252690222536,0.6628896594047546,0.9120070642195549,High
2637,0.9999537467956543,0.09515047689804002,0.6628896594047546,0.8992544510246813,High
2638,0.9999611377716064,0.07590414490383646,0.6628896594047546,0.9059939752804376,High
2639,0.9999549388885498,0.06488443534485044,0.6628896594047546,0.9098481020101007,High
2640,0.9999510049819946,0.0765226964066894,0.6628896594047546,0.9057729224991137,High
2641,0.9999123811721802,-0.03371335729125102,0.6628896594047546,0.932538491487503,High
2642,0.9999663829803467,0.025898674589835524,0.6628896594047546,0.9234982442738066,High
2643,0.9999393224716187,0.07396555727125609,0.6628896594047546,0.9066626759877752,High
2644,0.9999301433563232,0.1125680569585164,0.6628896594047546,0.8931476585744221,High
2645,0.9999402761459351,0.05971357010844991,0.6628896594047546,0.9116512887272707,High
2646,0.9994353652000427,0.0015192516878425044,0.6628896594047546,0.9317920872685995,High
2647,0.9999663829803467,0.025898674589835524,0.6628896594047546,0.9234982442738066,High
2648,0.999961256980896,0.10124389922183141,0.6628896594047546,0.8971251208737842,High
2649,0.9999362230300903,0.018523895578789973,0.6628896594047546,0.9260658568709861,High
2650,0.42137208580970764,0.18845448166122158,0.6628896594047546,0.6062363034040079,Medium
2651,0.9999514818191528,0.10260453591701246,0.6628896594047546,0.8966444872867574,High
2652,0.9999611377716064,0.06638061205913681,0.6628896594047546,0.9093272117760824,High
2653,0.9999438524246216,0.1037248917047433,0.6628896594047546,0.896248935493977,High
2654,0.9999338388442993,0.022509062911116096,0.6628896594047546,0.924669975421066,High
2655,0.9998908042907715,0.08918858994389767,0.6628896594047546,0.9013127694500405,High
2656,0.9999587535858154,0.11326949515173146,0.6628896594047546,0.8929150298100684,High
2657,0.9999762773513794,0.026878414106785375,0.6628896594047546,0.9231598057912322,High
2658,0.9999487400054932,0.08338110624427364,0.6628896594047546,0.9033714657769981,High
2659,0.9999138116836548,0.025664366952761863,0.6628896594047546,0.9235566187051288,High
2660,0.9999266862869263,0.032280271549559925,0.6628896594047546,0.9212468337467928,High
2661,0.9999604225158691,0.10803415826364099,0.6628896594047546,0.8947481427789598,High
2662,0.999725878238678,0.07867087426382613,0.6628896594047546,0.9049197621553201,High
2663,0.9999250173568726,0.02486206132325408,0.6628896594047546,0.9238424622679401,High
2664,0.9999550580978394,0.1163564033901816,0.6628896594047546,0.8918329429965571,High
2665,0.9999009370803833,0.10415474005860814,0.6628896594047546,0.8960791766652171,High
2666,0.9999592304229736,0.07513548367270384,0.6628896594047546,0.9062621424439848,High
2667,0.9999043941497803,0.03978665814855176,0.6628896594047546,0.9186095550545009,High
2668,0.9999362230300903,0.025363020946094106,0.6628896594047546,0.9236721629924297,High
2669,0.9999362230300903,0.02198921036196899,0.6628896594047546,0.9248529966968734,High
2670,0.9999696016311646,0.03279745422973912,0.6628896594047546,0.9210851317136373,High
2671,0.999914288520813,0.031366426412030246,0.6628896594047546,0.9215611065106416,High
2672,0.9999362230300903,0.02593783040064368,0.6628896594047546,0.9234709796833372,High
2673,0.9999524354934692,0.1058744867988024,0.6628896594047546,0.8955004515129666,High
2674,0.9998794794082642,0.033067309773249454,0.6628896594047546,0.9209501213126391,High
2675,0.9999592304229736,0.07513548367270384,0.6628896594047546,0.9062621424439848,High
2676,0.9999524354934692,0.07644697912941978,0.6628896594047546,0.9058000791972506,High
2677,0.9998793601989746,0.07368138480046471,0.6628896594047546,0.9067351354484688,High
2678,0.9999375343322754,0.08665227040472645,0.6628896594047546,0.9022215217283561,High
2679,0.9999275207519531,0.018523895578789973,0.6628896594047546,0.9260619527667533,High
2680,0.9999592304229736,0.03759906689158654,0.6628896594047546,0.9193998883173758,High
2681,0.9999542236328125,0.1037248917047433,0.6628896594047546,0.8962536144585919,High
2682,0.9999256134033203,0.04434328479151617,0.6628896594047546,0.9170243022749499,High
2683,0.999961256980896,0.10124389922183141,0.6628896594047546,0.8971251208737842,High
2684,0.9999762773513794,0.02743818366445039,0.6628896594047546,0.9229638864460495,High
2685,0.9998847246170044,0.07462213516501026,0.6628896594047546,0.9064082868089914,High
2686,0.9999438524246216,0.1037248917047433,0.6628896594047546,0.896248935493977,High
2687,0.9999403953552246,0.09387615921321996,0.6628896594047546,0.8996944421452461,High
2688,0.9999504089355469,0.10588015462806716,0.6628896594047546,0.89549754390073,High
2689,0.9999582767486572,0.044056576714817774,0.6628896594047546,0.9171393426467315,High
2690,0.9997414946556091,0.08306947573127066,0.6628896594047546,0.903387284989798,High
2691,0.9999592304229736,0.07411658574484414,0.6628896594047546,0.9066187567187357,High
2692,0.9999287128448486,0.09791134043457572,0.6628896594047546,0.8982768835090312,High
2693,0.9999592304229736,0.0660499053387964,0.6628896594047546,0.9094420948608524,High
2694,0.9998576641082764,0.043476334358561464,0.6628896594047546,0.9172971577437142,High
2695,0.999961256980896,0.10189454144534565,0.6628896594047546,0.8968973960955542,High
2696,0.9287131428718567,0.17717462951545349,0.6628896594047546,0.83848772882311,High
2697,0.9999573230743408,0.10424251638003301,0.6628896594047546,0.8960738465313928,High
2698,0.9999572038650513,0.08502295333961846,0.6628896594047546,0.902800633990893,High
2699,0.9999115467071533,0.03442417762070027,0.6628896594047546,0.9204896418900669,High
2700,0.9999362230300903,0.020741712880298357,0.6628896594047546,0.9252896208154582,High
2701,0.9998900890350342,0.11180509486128509,0.6628896594047546,0.8933966649034085,High
2702,0.9996763467788696,0.08024702869785916,0.6628896594047546,0.9043458159662626,High
2703,0.9998846054077148,0.0846102996981617,0.6628896594047546,0.902912399420066,High
2704,0.999929666519165,0.08569551075604542,0.6628896594047546,0.9025528411290303,High
2705,0.9999362230300903,0.02625567509901716,0.6628896594047546,0.9233597340389066,High
2706,0.9999240636825562,0.03268682441397719,0.6628896594047546,0.9211033481513512,High
2707,0.999951958656311,0.10184140520330953,0.6628896594047546,0.8969118214551325,High
2708,0.9999644756317139,0.10470974612613193,0.6628896594047546,0.8959135347710759,High
2709,0.9999592304229736,0.1037248917047433,0.6628896594047546,0.8962558496327709,High
2710,0.9999704360961914,0.02938777323730324,0.6628896594047546,0.9222789074911809,High
2711,0.9999362230300903,0.027322914555804934,0.6628896594047546,0.9229862002290309,High
2712,0.9999350309371948,0.08569551075604542,0.6628896594047546,0.9025552551171437,High
2713,0.9999438524246216,0.049016628863941536,0.6628896594047546,0.9153968274882577,High
2714,0.999970555305481,-0.0014743491563160571,0.6628896594047546,0.9325646579265594,High
2715,0.9999452829360962,0.10904388788296943,0.6628896594047546,0.8943879424826905,High
2716,0.9999661445617676,0.11034719623611267,0.6628896594047546,0.8939411722906424,High
2717,0.9999598264694214,0.09600289743950619,0.6628896594047546,0.8989588158465055,High
2718,0.9998950958251953,0.06583904707932209,0.6628896594047546,0.909487046603597,High
2719,0.9999297857284546,0.02730332453376827,0.6628896594047546,0.9229901659114721,High
2720,0.9999445676803589,0.0921945847408655,0.6628896594047546,0.9002848707568806,High
2721,0.9999755620956421,0.025898674589835524,0.6628896594047546,0.9235023867966184,High
2722,0.9999510049819946,0.0765226964066894,0.6628896594047546,0.9057729224991137,High
2723,0.9999592304229736,0.0756496183449964,0.6628896594047546,0.9060821953086824,High
2724,0.9999755620956421,0.03186440760766274,0.6628896594047546,0.9214143802403789,High
2725,0.9999039173126221,0.08178333088420431,0.6628896594047546,0.9039105109807658,High
2726,0.9999592304229736,0.07608790951159572,0.6628896594047546,0.9059287934003727,High
2727,0.9999039173126221,0.08178333088420431,0.6628896594047546,0.9039105109807658,High
2728,0.9999533891677856,0.07279781754223791,0.6628896594047546,0.9070777029852778,High
2729,0.9999203681945801,0.025288893562192882,0.6628896594047546,0.9236909848217444,High
2730,0.9999748468399048,0.03976601092488996,0.6628896594047546,0.9186484912538031,High
2731,0.8527798652648926,0.19536764304771254,0.6628896594047546,0.7979501723415953,High
2732,0.9994239807128906,-0.006441218252082215,0.6628896594047546,0.9323186993598938,High
2733,0.9999227523803711,0.03624735008644053,0.6628896594047546,0.9198565979218637,High
2734,0.9999405145645142,0.021968216163412935,0.6628896594047546,0.9248622818173232,High
2735,0.9999592304229736,0.07513548367270384,0.6628896594047546,0.9062621424439848,High
2736,0.9999371767044067,0.03387186877288295,0.6628896594047546,0.9206944834855669,High
2737,0.9999604225158691,0.1117339633910413,0.6628896594047546,0.8934532109843697,High
2738,0.999947190284729,0.10890298083506966,0.6628896594047546,0.8944381242168046,High
2739,0.9999349117279053,0.022131453962649483,0.6628896594047546,0.9248026153901875,High
2740,0.9999762773513794,0.026878414106785375,0.6628896594047546,0.9231598057912322,High
2741,0.9999392032623291,0.07440531067785772,0.6628896594047546,0.9065087026908198,High
2742,0.999947190284729,0.076096473059302,0.6628896594047546,0.9059204019383232,High
2743,0.9999294281005859,0.02292090652357981,0.6628896594047546,0.9245238334011038,High
2744,0.9999312162399292,0.00938815896587819,0.6628896594047546,0.9292610997090037,High
2745,0.9999524354934692,0.11347686328796736,0.6628896594047546,0.8928396197417591,High
2746,0.9999592304229736,0.07513548367270384,0.6628896594047546,0.9062621424439848,High
2747,0.999961256980896,0.10189454144534565,0.6628896594047546,0.8968973960955542,High
2748,0.9997146725654602,0.0877858221066643,0.6628896594047546,0.9017244938178433,High
2749,0.9891418218612671,0.14581652771679637,0.6628896594047546,0.8766559550967133,High
2750,0.9997068047523499,0.0033413385773307658,0.6628896594047546,0.9312765165767458,High
2751,0.9999290704727173,-0.01839427636090296,0.6628896594047546,0.9325460016727447,High
2752,0.9999769926071167,0.017774278955766776,0.6628896594047546,0.9263465809196351,High
2753,0.9999603033065796,0.08536066735915077,0.6628896594047546,0.902683834793209,High
2754,0.9999524354934692,0.07625137950618222,0.6628896594047546,0.9058685390653838,High
2755,0.9998923540115356,0.08178333088420431,0.6628896594047546,0.9039053253766703,High
2756,0.9999579191207886,0.0640490931734976,0.6628896594047546,0.9101418128745816,High
2757,0.9999592304229736,0.07513548367270384,0.6628896594047546,0.9062621424439848,High
2758,0.9998993873596191,0.03838263021545363,0.6628896594047546,0.9190987296569063,High
2759,0.9911808967590332,0.19051269445194569,0.6628896594047546,0.8619298804434058,High
2760,0.9999250173568726,0.013690533848996322,0.6628896594047546,0.9277524968839304,High
2761,0.9998973608016968,0.0510645170851437,0.6628896594047546,0.9146591453805207,High
2762,0.9928239583969116,0.18955962041397612,0.6628896594047546,0.8630028221728115,High
2763,0.9999426603317261,0.08433740821964036,0.6628896594047546,0.9030340182719601,High
2764,0.9984986782073975,0.06508010242083972,0.6628896594047546,0.9091242952665214,High
2765,0.9956270456314087,0.1756618507050013,0.6628896594047546,0.8691284546683343,High
2766,0.9999592304229736,0.07513548367270384,0.6628896594047546,0.9062621424439848,High
2767,0.9993385672569275,-0.013793861948298014,0.6628896594047546,0.932280284166336,High
2768,0.9998568296432495,0.04516926825287282,0.6628896594047546,0.9167042434505143,High
2769,0.9999558925628662,0.10930335775383848,0.6628896594047546,0.8943018963994683,High
2770,0.9999159574508667,0.040030464116393105,0.6628896594047546,0.9185294383721744,High
2771,0.9999275207519531,0.018481040972174623,0.6628896594047546,0.9260769518790687,High
2772,0.9999300241470337,0.08569551075604542,0.6628896594047546,0.9025529901406423,High
2773,0.9999281167984009,0.024293735784051473,0.6628896594047546,0.9240427769158133,High
2774,0.9996393918991089,0.058052040601014654,0.6628896594047546,0.9120974321042657,High
2775,0.999948263168335,0.06297344376166225,0.6628896594047546,0.9105139390296554,High
2776,0.999948263168335,0.10124389922183141,0.6628896594047546,0.8971192796185962,High
2777,0.9999592304229736,0.07513548367270384,0.6628896594047546,0.9062621424439848,High
2778,0.9999494552612305,0.07534463753445275,0.6628896594047546,0.9061845576509816,High
2779,0.999948263168335,0.11271659360270048,0.6628896594047546,0.893103836585292,High
2780,0.99992835521698,0.024042830045105545,0.6628896594047546,0.9241306833314115,High
2781,0.9999203681945801,0.024293735784051473,0.6628896594047546,0.9240392900440939,High
2782,0.999961256980896,0.10124389922183141,0.6628896594047546,0.8971251208737842,High
2783,0.9999579191207886,0.10124389922183141,0.6628896594047546,0.8971236307576648,High
2784,0.9992631077766418,-0.006928041578052824,0.6628896594047546,0.932246309518814,High
2785,0.9999425411224365,0.135782252226464,0.6628896594047546,0.885028263264927,High
2786,0.9999630451202393,0.09818290642606892,0.6628896594047546,0.8981972730150055,High
2787,0.9998971223831177,0.027679680115068495,0.6628896594047546,0.9228437489130799,High
2788,0.9999755620956421,0.033322300405975946,0.6628896594047546,0.9209041177609693,High
2789,0.9999250173568726,0.017113330973416163,0.6628896594047546,0.9265545178903835,High
2790,0.9999039173126221,0.09185913112597827,0.6628896594047546,0.900383980896145,High
2791,0.9999611377716064,0.07608790951159572,0.6628896594047546,0.9059296576677219,High
2792,0.9998010993003845,-0.005936325271728604,0.6628896594047546,0.9324884235858917,High
2793,0.9999294281005859,0.024042830045105545,0.6628896594047546,0.9241311601685697,High
2794,0.9999604225158691,0.07963081488920054,0.6628896594047546,0.9046893129600139,High
2795,0.999961256980896,0.10715162454912347,0.6628896594047546,0.8950574170092319,High
2796,0.9999281167984009,0.024293735784051473,0.6628896594047546,0.9240427769158133,High
2797,0.9999039173126221,0.08613192623587418,0.6628896594047546,0.9023885026076814,High
2798,0.9999592304229736,0.1037248917047433,0.6628896594047546,0.8962558496327709,High
2799,0.999961256980896,0.10449230304074486,0.6628896594047546,0.8959881795371644,High
2800,0.9999362230300903,0.0192837364249846,0.6628896594047546,0.925799912574818,High
2801,0.9999294281005859,0.024042830045105545,0.6628896594047546,0.9241311601685697,High
2802,0.9999421834945679,0.07469459094716246,0.6628896594047546,0.9064087957010706,High
2803,0.9999725818634033,0.11554810786641401,0.6628896594047546,0.8921237440453086,High
2804,0.9999294281005859,0.023540678920781488,0.6628896594047546,0.9243069130620831,High
2805,0.999897837638855,0.04839446937862746,0.6628896594047546,0.9155938706940582,High
2806,0.9999611377716064,0.07608790951159572,0.6628896594047546,0.9059296576677219,High
2807,0.9999755620956421,0.025542719469796582,0.6628896594047546,0.9236269710886321,High
2808,0.999948263168335,0.10124389922183141,0.6628896594047546,0.8971192796185962,High
2809,0.9999507665634155,0.07568415186623045,0.6628896594047546,0.9060663236813072,High
2810,0.9999592304229736,0.07513548367270384,0.6628896594047546,0.9062621424439848,High
2811,0.999948263168335,0.12191667910549486,0.6628896594047546,0.8898838066593139,High
2812,0.9999117851257324,0.03990857487878752,0.6628896594047546,0.9185702220590258,High
2813,0.9999487400054932,0.10612986240401545,0.6628896594047546,0.8954094011210885,High
2814,0.9999755620956421,0.025898674589835524,0.6628896594047546,0.9235023867966184,High
2815,0.999961256980896,0.1074584490893184,0.6628896594047546,0.8949500284201637,High
2816,0.999947190284729,0.076096473059302,0.6628896594047546,0.9059204019383232,High
2817,0.999919056892395,0.025539237381528523,0.6628896594047546,0.9236027684385292,High
2818,0.9999349117279053,0.02200552752803453,0.6628896594047546,0.9248466896423028,High
2819,0.9999597072601318,0.07223341500372649,0.6628896594047546,0.9072781048967059,High
2820,0.9999109506607056,0.09719996078113297,0.6628896594047546,0.898517849563014,High
2821,0.9999630451202393,0.10189454144534565,0.6628896594047546,0.8968982007582587,High
2822,0.9999291896820068,0.026287799289723357,0.6628896594047546,0.9233453315259863,High
2823,0.9999611377716064,0.07300733691685424,0.6628896594047546,0.9070078580758814,High
2824,0.999961256980896,0.10124389922183141,0.6628896594047546,0.8971251208737842,High
2825,0.9999524354934692,0.1195639347210617,0.6628896594047546,0.8907091447401759,High
2826,0.999951958656311,0.10184140520330953,0.6628896594047546,0.8969118214551325,High
2827,0.999961256980896,0.10189454144534565,0.6628896594047546,0.8968973960955542,High
2828,0.9998877048492432,0.04817224432653733,0.6628896594047546,0.9156670897069643,High
2829,0.9998917579650879,0.04240932985467771,0.6628896594047546,0.9176859575161033,High
2830,0.9999755620956421,0.025542719469796582,0.6628896594047546,0.9236269710886321,High
2831,0.9998598098754883,0.04082634732875012,0.6628896594047546,0.9182256068784647,High
2832,0.9999291896820068,0.024419146220057586,0.6628896594047546,0.9239993601003693,High
2833,0.9999663829803467,0.025898674589835524,0.6628896594047546,0.9234982442738066,High
2834,0.9999362230300903,0.018903944526362015,0.6628896594047546,0.9259328397393359,High
2835,0.9999203681945801,0.025539237381528523,0.6628896594047546,0.9236033644849769,High
2836,0.999961256980896,0.06297344376166225,0.6628896594047546,0.9105197802848434,High
2837,0.9999494552612305,0.10482026617578627,0.6628896594047546,0.8958680876265149,High
2838,0.9999762773513794,0.02743818366445039,0.6628896594047546,0.9229638864460495,High
2839,0.9999362230300903,0.02112026179054438,0.6628896594047546,0.925157128696872,High
2840,0.9857327938079834,0.06737811960707762,0.6628896594047546,0.9025753233902084,High
2841,0.9999362230300903,0.018903944526362015,0.6628896594047546,0.9259328397393359,High
2842,0.9999592304229736,0.112370092175685,0.6628896594047546,0.8932300294679414,High
2843,0.9997838139533997,0.07675394132015345,0.6628896594047546,0.9056167657176948,High
2844,0.9999043941497803,0.03954274218538434,0.6628896594047546,0.9186949256416096,High
2845,0.9999250173568726,0.013562703529353737,0.6628896594047546,0.9277972374958052,High
2846,0.9999475479125977,0.11116345579255016,0.6628896594047546,0.8936471069932983,High
2847,0.9999736547470093,0.03565650998981729,0.6628896594047546,0.9200862801392756,High
2848,0.9999226331710815,0.031954890746681675,0.6628896594047546,0.9213588990861344,High
2849,0.9999281167984009,0.024293735784051473,0.6628896594047546,0.9240427769158133,High
2850,0.9999362230300903,0.023142011375415494,0.6628896594047546,0.9244495163421672,High
2851,0.9999630451202393,0.10290222867913579,0.6628896594047546,0.896545510226432,High
2852,0.9999662637710571,-0.004158269698867234,0.6628896594047546,0.9325627505779266,High
2853,0.9999592304229736,0.1037248917047433,0.6628896594047546,0.8962558496327709,High
2854,0.9999592304229736,0.1037248917047433,0.6628896594047546,0.8962558496327709,High
2855,0.9999603033065796,0.1052091195397093,0.6628896594047546,0.8957368765300134,High
2856,0.9999042749404907,0.04334072371025377,0.6628896594047546,0.9173656023055828,High
2857,0.9999300241470337,0.09691981834946206,0.6628896594047546,0.8986244824829465,High
2858,0.9999474287033081,0.1037248917047433,0.6628896594047546,0.8962505448193859,High
2859,0.9999592304229736,0.07964959498684676,0.6628896594047546,0.9046822034840347,High
2860,0.9999512434005737,0.10290793200746173,0.6628896594047546,0.896538209248133,High
2861,0.9999592304229736,0.07513548367270384,0.6628896594047546,0.9062621424439848,High
2862,0.9997209906578064,0.07984165128803933,0.6628896594047546,0.9045077848249888,High
2863,0.9999290704727173,-0.01839427636090296,0.6628896594047546,0.9325460016727447,High
2864,0.9999362230300903,0.024987343599951806,0.6628896594047546,0.9238036500635795,High
2865,0.9999209642410278,0.05103436095270908,0.6628896594047546,0.9146803394559652,High
2866,0.9999643564224243,0.11722865424368556,0.6628896594047546,0.8915318573252874,High
2867,0.9070791602134705,0.17867960454706144,0.6628896594047546,0.8282256715239155,High
2868,0.9997283816337585,0.01278631197724267,0.6628896594047546,0.9279804914438751,High
2869,0.9999426603317261,0.08739301566748225,0.6628896594047546,0.9019645556652154,High
2870,0.9999406337738037,0.1013335221665771,0.6628896594047546,0.8970844843208606,High
2871,0.9998970031738281,0.027180811328361365,0.6628896594047546,0.9230182933837826,High
2872,0.9999039173126221,0.08921772920132853,0.6628896594047546,0.9013084715697725,High
2873,0.9999533891677856,0.10943311491852664,0.6628896594047546,0.8942553489035766,High
2874,0.9998857975006104,0.07060836915918978,0.6628896594047546,0.9078136115505091,High
2875,0.9999558925628662,0.10290222867913579,0.6628896594047546,0.8965422915756142,High
2876,0.9999349117279053,0.022131453962649483,0.6628896594047546,0.9248026153901875,High
2877,0.9999338388442993,0.02200552752803453,0.6628896594047546,0.9248462128051446,High
2878,0.9999542236328125,0.05218390721050992,0.6628896594047546,0.9142929590315735,High
2879,0.9999611377716064,0.07608790951159572,0.6628896594047546,0.9059296576677219,High
2880,0.9999524354934692,0.1058744867988024,0.6628896594047546,0.8955004515129666,High
2881,0.9999535083770752,0.10260453591701246,0.6628896594047546,0.8966454111587514,High
2882,0.9999592304229736,0.07513548367270384,0.6628896594047546,0.9062621424439848,High
2883,0.9999501705169678,0.0765226964066894,0.6628896594047546,0.905772564871245,High
2884,0.9999755620956421,0.025898674589835524,0.6628896594047546,0.9235023867966184,High
2885,0.9999438524246216,0.1037248917047433,0.6628896594047546,0.896248935493977,High
2886,0.9999651908874512,0.08536066735915077,0.6628896594047546,0.9026860103627433,High
2887,0.9999316930770874,0.023289433433239304,0.6628896594047546,0.9243958920640064,High
2888,0.9998807907104492,0.03978665814855176,0.6628896594047546,0.9185989454277309,High
2889,0.9999412298202515,0.10401600757686819,0.6628896594047546,0.8961458826481602,High
2890,0.9999290704727173,-0.026971082281712522,0.6628896594047546,0.9325460016727447,High
2891,0.9999592304229736,0.1037248917047433,0.6628896594047546,0.8962558496327709,High
2892,0.9999507665634155,0.09706763475670505,0.6628896594047546,0.8985821046696411,High
2893,0.9999392032623291,0.10372078186045591,0.6628896594047546,0.8962482877769105,High
2894,0.999961256980896,0.10176421785760131,0.6628896594047546,0.8969430093512647,High
2895,0.9999381303787231,0.0960466392265319,0.6628896594047546,0.8989337608616257,High
2896,0.999976634979248,0.01722493416372428,0.6628896594047546,0.9265386727829156,High
2897,0.9999411106109619,0.08741179464159521,0.6628896594047546,0.901957297570861,High
2898,0.9999116659164429,0.04467306248872238,0.6628896594047546,0.9169025917909038,High
2899,0.9999510049819946,0.0765226964066894,0.6628896594047546,0.9057729224991137,High
2900,0.9999362230300903,0.02023658242472892,0.6628896594047546,0.9254664164749075,High
2901,0.9998536109924316,0.06508934549546408,0.6628896594047546,0.9097307859041327,High
2902,0.9999213218688965,0.02578738745880027,0.6628896594047546,0.9235169291904453,High
2903,0.9999362230300903,0.025112597625077338,0.6628896594047546,0.9237598111547854,High
2904,0.999953031539917,0.10895790827719437,0.6628896594047546,0.894421522216431,High
2905,0.9999411106109619,0.11020241013092946,0.6628896594047546,0.893980582149594,High
2906,0.9999592304229736,0.1037248917047433,0.6628896594047546,0.8962558496327709,High
2907,0.9999438524246216,0.07513548367270384,0.6628896594047546,0.9062552283051909,High
2908,0.9995579123497009,0.08382827904566775,0.6628896594047546,0.9030390917921004,High
2909,0.9999362230300903,0.018523895578789973,0.6628896594047546,0.9260658568709861,High
2910,0.9999542236328125,0.1037248917047433,0.6628896594047546,0.8962536144585919,High
2911,0.9999762773513794,0.027339324437905765,0.6628896594047546,0.9229984871753402,High
2912,0.9999580383300781,0.08347832075083589,0.6628896594047546,0.9033416130248356,High
2913,0.999944806098938,0.07375792165066164,0.6628896594047546,0.9067378220477414,High
2914,0.9999250173568726,0.017367361610382992,0.6628896594047546,0.926465607167445,High
2915,0.9999039173126221,0.08178333088420431,0.6628896594047546,0.9039105109807658,High
2916,0.9998923540115356,0.08178333088420431,0.6628896594047546,0.9039053253766703,High
2917,0.9999592304229736,0.07608790951159572,0.6628896594047546,0.9059287934003727,High
2918,0.9999755620956421,0.025898674589835524,0.6628896594047546,0.9235023867966184,High
2919,0.8766118288040161,0.1832999392522222,0.6628896594047546,0.8128982641835515,High
2920,0.9999504089355469,0.10588015462806716,0.6628896594047546,0.89549754390073,High
2921,0.9999039173126221,0.08178333088420431,0.6628896594047546,0.9039105109807658,High
2922,0.9999316930770874,0.023289433433239304,0.6628896594047546,0.9243958920640064,High
2923,0.9998406171798706,0.0284821577357125,0.6628896594047546,0.9225374305625355,High
2924,0.9999592304229736,0.07513548367270384,0.6628896594047546,0.9062621424439848,High
2925,0.9999755620956421,0.025898674589835524,0.6628896594047546,0.9235023867966184,High
2926,0.9999592304229736,0.07513548367270384,0.6628896594047546,0.9062621424439848,High
2927,0.9998350143432617,-0.007861217877436877,0.6628896594047546,0.9325036823749542,High
2928,0.9999592304229736,0.07598267327009212,0.6628896594047546,0.9059656260848988,High
2929,0.9999297857284546,0.029854387908643365,0.6628896594047546,0.9220972937302657,High
2930,0.9999536275863647,0.047602204859995,0.6628896594047546,0.9158962866333523,High
2931,0.9998695850372314,0.040162803935833935,0.6628896594047546,0.9184622578096987,High
2932,0.9999290704727173,-0.014113160465862196,0.6628896594047546,0.9325460016727447,High
2933,0.9999356269836426,0.010897191924398197,0.6628896594047546,0.9287349349291217,High
2934,0.9999592304229736,0.1037248917047433,0.6628896594047546,0.8962558496327709,High
2935,0.9999755620956421,0.025898674589835524,0.6628896594047546,0.9235023867966184,High
2936,0.9999381303787231,0.025018058909989538,0.6628896594047546,0.9237937639724155,High
2937,0.9998975992202759,0.0460258336765611,0.6628896594047546,0.9164228037828142,High
2938,0.9999648332595825,0.03785912242286671,0.6628896594047546,0.9193114020788308,High
2939,0.9999755620956421,0.025898674589835524,0.6628896594047546,0.9235023867966184,High
2940,0.9998867511749268,0.10349406341584938,0.6628896594047546,0.8963040357931916,High
2941,0.9999327659606934,0.023289433433239304,0.6628896594047546,0.9243963689011646,High
2942,0.9999592304229736,0.07513548367270384,0.6628896594047546,0.9062621424439848,High
2943,0.9999290704727173,-0.03158838478328896,0.6628896594047546,0.9325460016727447,High
2944,0.9999611377716064,0.10487307168345145,0.6628896594047546,0.8958548509075724,High
2945,0.9999630451202393,0.0969427627012946,0.6628896594047546,0.8986313233186765,High
2946,0.9999438524246216,0.1037248917047433,0.6628896594047546,0.896248935493977,High
2947,0.8490939736366272,0.12851098660820004,0.6628896594047546,0.8196913538429375,High
2948,0.9996178150177002,0.06386325976920071,0.6628896594047546,0.9100537898383023,High
2949,0.999961256980896,0.09567989636031654,0.6628896594047546,0.8990725218753143,High
2950,0.9999573230743408,0.10424251638003301,0.6628896594047546,0.8960738465313928,High
2951,0.9999417066574097,0.02285333379631105,0.6628896594047546,0.9245530270876119,High
2952,0.99994957447052,0.07924180749993026,0.6628896594047546,0.9048206077677093,High
2953,0.9999291896820068,0.024293735784051473,0.6628896594047546,0.9240432537529715,High
2954,0.9999138116836548,0.025664366952761863,0.6628896594047546,0.9235566187051288,High
2955,0.9999762773513794,0.027339324437905765,0.6628896594047546,0.9229984871753402,High
2956,0.9999611377716064,0.1058744867988024,0.6628896594047546,0.8955043556171994,High
2957,0.8987858891487122,0.1702296980855465,0.6628896594047546,0.8274511727667689,High
2958,0.9999592304229736,0.07513548367270384,0.6628896594047546,0.9062621424439848,High
2959,0.9999580383300781,0.09048637567052636,0.6628896594047546,0.9008887938029438,High
2960,0.9999630451202393,0.10271121603956329,0.6628896594047546,0.8966123646502825,High
2961,0.9999630451202393,0.10271121603956329,0.6628896594047546,0.8966123646502825,High
2962,0.9999592304229736,0.07608790951159572,0.6628896594047546,0.9059287934003727,High
2963,0.99994957447052,0.04729589307129367,0.6628896594047546,0.9160016778177321,High
2964,0.9999250173568726,0.016859185728168913,0.6628896594047546,0.9266434687262199,High
2965,0.9999611377716064,0.07608228694092056,0.6628896594047546,0.9059316255674582,High
2966,0.99992835521698,0.023289433433239304,0.6628896594047546,0.9243943721455646,High
2967,0.9999663829803467,0.025898674589835524,0.6628896594047546,0.9234982442738066,High
2968,0.9999550580978394,0.1009739031148299,0.6628896594047546,0.8972168180929302,High
2969,0.999908447265625,0.08326156435956417,0.6628896594047546,0.9033951856246346,High
2970,0.9999512434005737,0.10290793200746173,0.6628896594047546,0.896538209248133,High
2971,0.9999487400054932,0.10612986240401545,0.6628896594047546,0.8954094011210885,High
2972,0.9999603033065796,0.08536066735915077,0.6628896594047546,0.902683834793209,High
2973,0.9999438524246216,0.07513548367270384,0.6628896594047546,0.9062552283051909,High
2974,0.9998908042907715,0.08326156435956417,0.6628896594047546,0.9033872284045571,High
2975,0.9999316930770874,0.028011469108889075,0.6628896594047546,0.922743179577529,High
2976,0.9999301433563232,0.06883157638640836,0.6628896594047546,0.90845542677466,High
2977,0.9999362230300903,0.01947803181642238,0.6628896594047546,0.9257319091878148,High
2978,0.9999592304229736,0.10195276387375535,0.6628896594047546,0.8968760943736167,High
2979,0.9998592138290405,0.04626117815596842,0.6628896594047546,0.9163231478680368,High
2980,0.9999504089355469,0.0765226964066894,0.6628896594047546,0.9057726542782122,High
2981,0.9999611377716064,0.1058744867988024,0.6628896594047546,0.8955043556171994,High
2982,0.9999393224716187,0.07375792165066164,0.6628896594047546,0.9067353484549833,High
2983,0.999947190284729,0.10482026617578627,0.6628896594047546,0.8958670743475537,High
2984,0.9998950958251953,0.046419225635844885,0.6628896594047546,0.9162839841088141,High
2985,0.9999432563781738,0.09266835062197154,0.6628896594047546,0.9001184566520456,High
2986,0.9999203681945801,0.025539237381528523,0.6628896594047546,0.9236033644849769,High
2987,0.9998651742935181,0.08570933338057418,0.6628896594047546,0.9025189757484396,High
2988,0.9999558925628662,0.10290222867913579,0.6628896594047546,0.8965422915756142,High
2989,0.9999438524246216,0.07513548367270384,0.6628896594047546,0.9062552283051909,High
2990,0.9998923540115356,0.08500358721728934,0.6628896594047546,0.9027782356600906,High
2991,0.9998492002487183,0.051160841824547054,0.6628896594047546,0.9146037654333538,High
2992,0.9999338388442993,0.02200552752803453,0.6628896594047546,0.9248462128051446,High
2993,0.999947190284729,0.10517700023479493,0.6628896594047546,0.8957422174269006,High
2994,0.9999592304229736,0.1037248917047433,0.6628896594047546,0.8962558496327709,High
2995,0.9999063014984131,0.10536196917452573,0.6628896594047546,0.8956590604627593,High
2996,0.9998971223831177,0.026565090106502653,0.6628896594047546,0.9232338554160778,High
2997,0.9999290704727173,-0.03213265136641341,0.6628896594047546,0.9325460016727447,High
2998,0.9999524354934692,0.1130440316211147,0.6628896594047546,0.8929911108251575,High
2999,0.9998791217803955,0.09162169221140448,0.6628896594047546,0.9004559384476728,High
3000,0.9999592304229736,0.07513548367270384,0.6628896594047546,0.9062621424439848,High
3001,0.9999592304229736,0.07513548367270384,0.6628896594047546,0.9062621424439848,High
3002,0.9999715089797974,0.027172924563458545,0.6628896594047546,0.9230545813641847,High
3003,0.999894380569458,0.10415474005860814,0.6628896594047546,0.8960762262353007,High
3004,0.990308940410614,0.14439449727473658,0.6628896594047546,0.8776788720788726,High
3005,0.9999511241912842,0.0765226964066894,0.6628896594047546,0.9057729821037585,High
3006,0.9998971223831177,0.028320478216368294,0.6628896594047546,0.922619469577625,High
3007,0.9998500347137451,0.08250832926527146,0.6628896594047546,0.9036325322592912,High
3008,0.9999762773513794,0.026878414106785375,0.6628896594047546,0.9231598057912322,High
3009,0.9999494552612305,0.10424251638003301,0.6628896594047546,0.8960703000550286,High
3010,0.9998676776885986,0.08178333088420431,0.6628896594047546,0.9038942091104197,High
3011,0.9999755620956421,0.025898674589835524,0.6628896594047546,0.9235023867966184,High
3012,0.999931812286377,0.08569551075604542,0.6628896594047546,0.9025537948033467,High
3013,0.9999498128890991,0.10184140520330953,0.6628896594047546,0.8969108379784937,High
3014,0.9999464750289917,0.13903222951614802,0.6628896594047546,0.8838925593528809,High
3015,0.9999510049819946,0.0765226964066894,0.6628896594047546,0.9057729224991137,High
3016,0.9999290704727173,-0.024825584741462126,0.6628896594047546,0.9325460016727447,High
3017,0.9999592304229736,0.07513548367270384,0.6628896594047546,0.9062621424439848,High
3018,0.999961256980896,0.10124389922183141,0.6628896594047546,0.8971251208737842,High
3019,0.9999316930770874,0.023289433433239304,0.6628896594047546,0.9243958920640064,High
3020,0.9999556541442871,0.08358858637883954,0.6628896594047546,0.9033019471714284,High
3021,0.9999611377716064,0.07506529819103203,0.6628896594047546,0.9062875716299191,High
3022,0.9999661445617676,0.019151643932898366,0.6628896594047546,0.9258596155967674,High
3023,0.6583452224731445,0.15549603342660662,0.6628896594047546,0.7244096702945536,High
3024,0.9999247789382935,0.03399235134901679,0.6628896594047546,0.9206467415496337,High
3025,0.9999375343322754,0.09808484012876967,0.6628896594047546,0.898220122324941,High
3026,0.9998394250869751,0.04124006898933241,0.6628896594047546,0.9180716251819655,High
3027,0.9997665286064148,0.07718305362598132,0.6628896594047546,0.9054587980045118,High
3028,0.9998915195465088,0.048820857802981066,0.6628896594047546,0.9154418035249076,High
3029,0.9999582767486572,0.08536066735915077,0.6628896594047546,0.902682910921215,High
3030,0.999806821346283,0.005976233950546694,0.6628896594047546,0.9303993047029256,High
3031,0.9999487400054932,0.0765226964066894,0.6628896594047546,0.9057719092201525,High
3032,0.9999294281005859,0.02552072737928679,0.6628896594047546,0.9236138961016063,High
3033,0.9998831748962402,0.0836611120425324,0.6628896594047546,0.9032439594484437,High
3034,0.8046090602874756,0.1670784513139339,0.6628896594047546,0.786174551050438,High
3035,0.9998676776885986,0.08178333088420431,0.6628896594047546,0.9038942091104197,High
3036,0.9999673366546631,-0.051069519165132804,0.6628896594047546,0.9325632274150848,High
3037,0.9999510049819946,0.10588015462806716,0.6628896594047546,0.8954978121216315,High
3038,0.9999114274978638,0.06461246252106023,0.6628896594047546,0.9099237123726185,High
3039,0.999961256980896,0.10124389922183141,0.6628896594047546,0.8971251208737842,High
3040,0.999975323677063,0.03952796872771647,0.6628896594047546,0.9187320146390706,High
3041,0.9999487400054932,0.0765226964066894,0.6628896594047546,0.9057719092201525,High
3042,0.9999419450759888,0.08580707488659128,0.6628896594047546,0.902519307112981,High
3043,0.9536872506141663,0.18728331323508618,0.6628896594047546,0.8461880260843488,High
3044,0.9999039173126221,0.08178333088420431,0.6628896594047546,0.9039105109807658,High
3045,0.9998977184295654,0.10415474005860814,0.6628896594047546,0.8960777461537425,High
3046,0.9998301267623901,-0.03946754477809811,0.6628896594047546,0.9325014770030975,High
3047,0.999941349029541,0.07034089535869958,0.6628896594047546,0.9079322017268415,High
3048,0.9999455213546753,0.11329786437120043,0.6628896594047546,0.8928991401187768,High
3049,0.9999604225158691,0.06605752078726135,0.6628896594047546,0.9094399658956925,High
3050,0.999941349029541,0.09974226008737436,0.6628896594047546,0.8976417240718054,High
3051,0.9999297857284546,0.029988971720498525,0.6628896594047546,0.9220501893961165,High
3052,0.9999704360961914,0.02650080607224803,0.6628896594047546,0.9232893459989502,High
3053,0.9999402761459351,0.09695318595868241,0.6628896594047546,0.8986174231796894,High
3054,0.999940037727356,0.03333452905696377,0.6628896594047546,0.9208838636883238,High
3055,0.999931812286377,0.08569551075604542,0.6628896594047546,0.9025537948033467,High
3056,0.9999755620956421,0.025898674589835524,0.6628896594047546,0.9235023867966184,High
3057,0.9999494552612305,0.07534463753445275,0.6628896594047546,0.9061845576509816,High
3058,0.9999727010726929,-0.0008587191288352836,0.6628896594047546,0.9325656414031982,High
3059,0.9999457597732544,0.10192165598077929,0.6628896594047546,0.8968809322647137,High
3060,0.9998867511749268,0.10415474005860814,0.6628896594047546,0.8960727989682261,High
3061,0.9998867511749268,0.10415474005860814,0.6628896594047546,0.8960727989682261,High
3062,0.9999755620956421,0.025898674589835524,0.6628896594047546,0.9235023867966184,High
3063,0.9999029636383057,0.05641922965241997,0.6628896594047546,0.9127875291793769,High
3064,0.9999240636825562,0.0310494883943937,0.6628896594047546,0.9216764157582055,High
3065,0.9999550580978394,0.10184140520330953,0.6628896594047546,0.8969131923619623,High
3066,0.9999630451202393,0.07559785365730709,0.6628896594047546,0.9061020414840721,High
3067,0.999947190284729,0.10517700023479493,0.6628896594047546,0.8957422174269006,High
3068,0.9999043941497803,0.03978665814855176,0.6628896594047546,0.9186095550545009,High
3069,0.999929666519165,0.08513279548262292,0.6628896594047546,0.9027497914747281,High
3070,0.9999592304229736,0.07513548367270384,0.6628896594047546,0.9062621424439848,High
3071,0.9999371767044067,0.024323495567306175,0.6628896594047546,0.9240364141075189,High
3072,0.762351930141449,0.13138441831602476,0.6628896594047546,0.7796517331723686,High
3073,0.9999592304229736,0.1037248917047433,0.6628896594047546,0.8962558496327709,High
3074,0.9999314546585083,0.013434844377045119,0.6628896594047546,0.9278448790243848,High
3075,0.999947190284729,0.10517700023479493,0.6628896594047546,0.8957422174269006,High
3076,0.999962329864502,0.10555253194922631,0.6628896594047546,0.8956175762563542,High
3077,0.9999715089797974,0.027172924563458545,0.6628896594047546,0.9230545813641847,High
3078,0.9999755620956421,0.025898674589835524,0.6628896594047546,0.9235023867966184,High
3079,0.9999039173126221,0.08178333088420431,0.6628896594047546,0.9039105109807658,High
3080,0.9999527931213379,0.07465729040510638,0.6628896594047546,0.9064266192623723,High
3081,0.9999372959136963,0.02375461909451071,0.6628896594047546,0.924235580477642,High
3082,0.9999592304229736,0.07513548367270384,0.6628896594047546,0.9062621424439848,High
3083,0.9992198944091797,-0.005277029238145103,0.6628896594047546,0.9322268784046173,High
3084,0.9997915625572205,0.07958235177312079,0.6628896594047546,0.9046303089308756,High
3085,0.9996115565299988,0.10156654067653581,0.6628896594047546,0.8968548401024306,High
3086,0.9999200105667114,0.030595933197420266,0.6628896594047546,0.9218333421354805,High
3087,0.9998791217803955,0.03790099895855237,0.6628896594047546,0.9192581810861711,High
3088,0.9999350309371948,0.08569551075604542,0.6628896594047546,0.9025552551171437,High
3089,0.9999755620956421,0.025898674589835524,0.6628896594047546,0.9235023867966184,High
3090,0.9999535083770752,0.10260453591701246,0.6628896594047546,0.8966454111587514,High
3091,0.9883278012275696,0.1910031780652089,0.6628896594047546,0.8604743271303018,High
3092,0.9999755620956421,0.025898674589835524,0.6628896594047546,0.9235023867966184,High
3093,0.9999715089797974,0.027172924563458545,0.6628896594047546,0.9230545813641847,High
3094,0.9999535083770752,0.07505789655744954,0.6628896594047546,0.9062867349345984,High
3095,0.7912807464599609,0.13318808562886636,0.6628896594047546,0.7920384318573656,High
3096,0.9999592304229736,0.07513548367270384,0.6628896594047546,0.9062621424439848,High
3097,0.9999294281005859,0.023415070342781896,0.6628896594047546,0.9243508760643829,High
3098,0.9999592304229736,0.07513548367270384,0.6628896594047546,0.9062621424439848,High
3099,0.9999250173568726,0.023644521981575406,0.6628896594047546,0.9242686010375277,High
3100,0.9999603033065796,0.08540940038047301,0.6628896594047546,0.9026667782357461,High
3101,0.9999291896820068,0.03058521485742871,0.6628896594047546,0.9218412360772895,High
3102,0.999961256980896,0.09993104328497371,0.6628896594047546,0.8975846204516843,High
3103,0.9999504089355469,0.0765226964066894,0.6628896594047546,0.9057726542782122,High
3104,0.999970555305481,0.02650080607224803,0.6628896594047546,0.9232893758012726,High
3105,0.9999611377716064,0.07610587618526876,0.6628896594047546,0.9059233693319363,High
3106,0.9999592304229736,0.07463175714210746,0.6628896594047546,0.9064384467296934,High
3107,0.9999536275863647,0.1058744867988024,0.6628896594047546,0.8955009879547696,High
3108,0.9999755620956421,0.025898674589835524,0.6628896594047546,0.9235023867966184,High
3109,0.9999592304229736,0.1037248917047433,0.6628896594047546,0.8962558496327709,High
3110,0.9999663829803467,0.025898674589835524,0.6628896594047546,0.9234982442738066,High
3111,0.9999151229858398,0.03750650882119566,0.6628896594047546,0.9194124352953025,High
3112,0.999961256980896,0.10189454144534565,0.6628896594047546,0.8968973960955542,High
3113,0.9999611377716064,0.07610587618526876,0.6628896594047546,0.9059233693319363,High
3114,0.9999407529830933,0.02852214900483796,0.6628896594047546,0.9225684947297916,High
3115,0.9998742341995239,0.051541710978841415,0.6628896594047546,0.9144817265072133,High
3116,0.999962568283081,0.11219894264053337,0.6628896594047546,0.8932914517236862,High
3117,0.9997227787971497,0.08732489795312115,0.6628896594047546,0.9018894531549146,High
3118,0.999948263168335,0.10124389922183141,0.6628896594047546,0.8971192796185962,High
3119,0.9999039173126221,0.08178333088420431,0.6628896594047546,0.9039105109807658,High
3120,0.999929666519165,0.08524448650734356,0.6628896594047546,0.902710699616076,High
3121,0.9998950958251953,0.10415474005860814,0.6628896594047546,0.896076554060847,High
3122,0.9999524354934692,0.07610587618526876,0.6628896594047546,0.9059194652277035,High
3123,0.9999592304229736,0.07513548367270384,0.6628896594047546,0.9062621424439848,High
3124,0.9997588992118835,0.06928630488546239,0.6628896594047546,0.9082192327966189,High
3125,0.9999611377716064,0.1058744867988024,0.6628896594047546,0.8955043556171994,High
3126,0.9998527765274048,0.043565067468531615,0.6628896594047546,0.917263895783368,High
3127,0.9998779296875,0.1099406388499643,0.6628896594047546,0.894043770682374,High
3128,0.999919056892395,0.025288893562192882,0.6628896594047546,0.9236903887752966,High
3129,0.9999336004257202,0.09682916188230095,0.6628896594047546,0.8986578215718618,High
3130,0.9999592304229736,0.07513548367270384,0.6628896594047546,0.9062621424439848,High
3131,0.9999419450759888,0.08580707488659128,0.6628896594047546,0.902519307112981,High
3132,0.9999711513519287,0.03594990961324829,0.6628896594047546,0.9199824577828241,High
3133,0.9999419450759888,0.0854696653865945,0.6628896594047546,0.9026374004379799,High
3134,0.9999438524246216,0.07598267327009212,0.6628896594047546,0.9059587119461049,High
3135,0.99992835521698,0.023289433433239304,0.6628896594047546,0.9243943721455646,High
3136,0.9999316930770874,0.030211603430466805,0.6628896594047546,0.9219731325649768,High
3137,0.9999167919158936,0.09866176350087785,0.6628896594047546,0.8980088710177957,High
3138,0.9998937845230103,0.024148715594040526,0.6628896594047546,0.9240780665769979,High
3139,0.9999438524246216,0.07513548367270384,0.6628896594047546,0.9062552283051909,High
3140,0.9999375343322754,0.09478705354848838,0.6628896594047546,0.8993743476280395,High
3141,0.9999592304229736,0.0756496183449964,0.6628896594047546,0.9060821953086824,High
3142,0.9999592304229736,0.07513548367270384,0.6628896594047546,0.9062621424439848,High
3143,0.9992631077766418,-0.006928041578052824,0.6628896594047546,0.932246309518814,High
3144,0.9999611377716064,0.07590414490383646,0.6628896594047546,0.9059939752804376,High
3145,0.9999762773513794,0.02743818366445039,0.6628896594047546,0.9229638864460495,High
3146,0.9997466206550598,0.08121263655221284,0.6628896594047546,0.9040394734812921,High
3147,0.9999710321426392,0.026039317128246142,0.6628896594047546,0.9234511353502524,High
3148,0.999948263168335,0.1074584490893184,0.6628896594047546,0.8949441871649757,High
3149,0.9999592304229736,0.07513548367270384,0.6628896594047546,0.9062621424439848,High
3150,0.999908447265625,0.0831748532195477,0.6628896594047546,0.9034255345236405,High
3151,0.9999362230300903,0.01903057037830924,0.6628896594047546,0.9258885206911543,High
3152,0.9999250173568726,0.017494333966913023,0.6628896594047546,0.9264211668426595,High
3153,0.9999535083770752,0.10290793200746173,0.6628896594047546,0.8965392225270942,High
3154,0.9999644756317139,0.1101560666923429,0.6628896594047546,0.894007322572902,High
3155,0.9999403953552246,0.023938009533819415,0.6628896594047546,0.9241727945330361,High
3156,0.9999592304229736,0.07608790951159572,0.6628896594047546,0.9059287934003727,High
3157,0.9999579191207886,0.10124389922183141,0.6628896594047546,0.8971236307576648,High
3158,0.9999510049819946,0.0765226964066894,0.6628896594047546,0.9057729224991137,High
3159,0.9999572038650513,0.10974656604759248,0.6628896594047546,0.894147369543102,High
3160,0.9999452829360962,0.0864434458009063,0.6628896594047546,0.9022980972114125,High
3161,0.9999603033065796,0.11326694627950346,0.6628896594047546,0.8929166371710855,High
3162,0.9999327659606934,0.02483852047405921,0.6628896594047546,0.9238541884368777,High
3163,0.9999290704727173,-0.002896760332667725,0.6628896594047546,0.9325460016727447,High
3164,0.9999728202819824,0.025493807098958432,0.6628896594047546,0.9236428685232075,High
3165,0.9548889994621277,0.07647009214904421,0.6628896594047546,0.8855134464065106,High
3166,0.9999598264694214,0.09515047689804002,0.6628896594047546,0.8992571630360185,High
3167,0.9999250173568726,0.018650607133045116,0.6628896594047546,0.9260164712345132,High
3168,0.9997914433479309,-0.002263381830953759,0.6628896594047546,0.9324840724468231,High
3169,0.9706481099128723,0.1484865304427917,0.6628896594047546,0.8673992748251407,High
3170,0.9999281167984009,0.030690814876022543,0.6628896594047546,0.9218037992336233,High
3171,0.9995324611663818,0.005370821931357184,0.6628896594047546,0.9304877278879898,High
3172,0.9999407529830933,0.08480081309591109,0.6628896594047546,0.9028709622979161,High
3173,0.9999338388442993,0.02200552752803453,0.6628896594047546,0.9248462128051446,High
3174,0.9999419450759888,0.08978914324038967,0.6628896594047546,0.9011255831891515,High
3175,0.99992835521698,0.023289433433239304,0.6628896594047546,0.9243943721455646,High
3176,0.9997685551643372,-0.009070673714146715,0.6628896594047546,0.9324737608432769,High
3177,0.999948263168335,0.09073405651786132,0.6628896594047546,0.9007977245649856,High
3178,0.9999611377716064,0.1058744867988024,0.6628896594047546,0.8955043556171994,High
3179,0.9999536275863647,0.07610587618526876,0.6628896594047546,0.9059200016695065,High
3180,0.9998242259025574,0.04912757300075421,0.6628896594047546,0.9153041740461411,High
3181,0.9999250173568726,0.014456910644863763,0.6628896594047546,0.9274842650053767,High
3182,0.9999579191207886,0.10124389922183141,0.6628896594047546,0.8971236307576648,High
3183,0.9998676776885986,0.046432332600040316,0.6628896594047546,0.9162670585098772,High
3184,0.9999039173126221,0.08178333088420431,0.6628896594047546,0.9039105109807658,High
3185,0.9999327659606934,0.023289433433239304,0.6628896594047546,0.9243963689011646,High
3186,0.9999592304229736,0.0654907645249756,0.6628896594047546,0.9096377941456896,High
3187,0.9999498128890991,0.10184140520330953,0.6628896594047546,0.8969108379784937,High
3188,0.9999322891235352,0.0021270732244761392,0.6628896594047546,0.931802986357975,High
3189,0.9992963075637817,-0.008052324769315389,0.6628896594047546,0.9322612702846527,High
3190,0.9999728202819824,0.03279745422973912,0.6628896594047546,0.9210865920274343,High
3191,0.9998977184295654,0.10415474005860814,0.6628896594047546,0.8960777461537425,High
3192,0.9999762773513794,0.0295149752094378,0.6628896594047546,0.922237009405304,High
3193,0.9999281167984009,0.024293735784051473,0.6628896594047546,0.9240427769158133,High
3194,0.9999393224716187,0.07429117483144776,0.6628896594047546,0.9065487098417081,High
3195,0.9999713897705078,0.027172924563458545,0.6628896594047546,0.92305452175954,High
3196,0.9999039173126221,0.08178333088420431,0.6628896594047546,0.9039105109807658,High
3197,0.9999362230300903,0.026371520844721386,0.6628896594047546,0.92331918802791,High
3198,0.9997665286064148,0.07967765113937386,0.6628896594047546,0.9045856888748244,High
3199,0.9999592304229736,0.1037248917047433,0.6628896594047546,0.8962558496327709,High
3200,0.9999470710754395,0.08388967428553135,0.6628896594047546,0.9031927219044983,High
3201,0.9849713444709778,0.17669183481731432,0.6628896594047546,0.8639728857661342,High
3202,0.9999781847000122,0.03613022626107698,0.6628896594047546,0.9199225358045794,High
3203,0.9997794032096863,0.07819222602106501,0.6628896594047546,0.9051113693167757,High
3204,0.9999663829803467,0.025898674589835524,0.6628896594047546,0.9234982442738066,High
3205,0.9999535083770752,0.10260453591701246,0.6628896594047546,0.8966454111587514,High
3206,0.9999536275863647,0.1058744867988024,0.6628896594047546,0.8955009879547696,High
3207,0.9637719988822937,0.07023741453272714,0.6628896594047546,0.8916922392717608,High
3208,0.9999039173126221,0.08926251197566742,0.6628896594047546,0.9012927975987538,High
3209,0.7624384164810181,0.18377345311897803,0.6628896594047546,0.7613544928243733,High
3210,0.9999592304229736,0.1037248917047433,0.6628896594047546,0.8962558496327709,High
3211,0.9999514818191528,0.09869018097839477,0.6628896594047546,0.8980145115152736,High
3212,0.9998236298561096,0.012167498089865947,0.6628896594047546,0.9282399320440504,High
3213,0.9999028444290161,0.04776559421015858,0.6628896594047546,0.9158162419795236,High
3214,0.9999494552612305,0.07557030446782831,0.6628896594047546,0.9061055742243002,High
3215,0.9999657869338989,0.06115790155514411,0.6628896594047546,0.911157246615047,High
3216,0.9999438524246216,0.04729589307129367,0.6628896594047546,0.9159990850156844,High
3217,0.9999611377716064,0.10595930866203768,0.6628896594047546,0.8954746679650673,High
3218,0.9999468326568604,0.069019728809388,0.6628896594047546,0.9083970836118588,High
3219,0.7830725312232971,0.11297282369263806,0.6628896594047546,0.7954200736983146,High
3220,0.9999498128890991,0.10184140520330953,0.6628896594047546,0.8969108379784937,High
3221,0.9999592304229736,0.1037248917047433,0.6628896594047546,0.8962558496327709,High
3222,0.999961256980896,0.10369581626038671,0.6628896594047546,0.8962669499102898,High
3223,0.9999762773513794,-0.0014743491563160571,0.6628896594047546,0.9325672507286071,High
3224,0.9999611377716064,0.07567652368017419,0.6628896594047546,0.9060736427087194,High
3225,0.9999496936798096,0.09822575678361173,0.6628896594047546,0.8981762553207432,High
3226,0.9999507665634155,0.07568415186623045,0.6628896594047546,0.9060663236813072,High
3227,0.9999641180038452,0.1143963592218672,0.6628896594047546,0.8925230413736344,High
3228,0.9999061822891235,0.02788430788215679,0.6628896594047546,0.9227761823104437,High
3229,0.9999527931213379,0.07534463753445275,0.6628896594047546,0.906186047767101,High
3230,0.9999275207519531,0.018523895578789973,0.6628896594047546,0.9260619527667533,High
3231,0.999947190284729,0.07501969770611927,0.6628896594047546,0.9062972733119372,High
3232,0.999929666519165,0.08569551075604542,0.6628896594047546,0.9025528411290303,High
3233,0.9999611377716064,0.10595930866203768,0.6628896594047546,0.8954746679650673,High
3234,0.9998445510864258,0.039822832338678005,0.6628896594047546,0.9185699825908408,High
3235,0.9998993873596191,0.09346158241649166,0.6628896594047546,0.8998210963865428,High
3236,0.9998794794082642,0.04106968444269188,0.6628896594047546,0.9181492901783342,High
3237,0.991544246673584,0.20257003253579686,0.6628896594047546,0.8578733076546768,High
3238,0.9999312162399292,0.013442359343405985,0.6628896594047546,0.927842129576869,High
3239,0.9999301433563232,0.06883157638640836,0.6628896594047546,0.90845542677466,High
3240,0.9996939897537231,0.0044009320783564565,0.6628896594047546,0.9308998772008436,High
3241,0.9999501705169678,0.0765226964066894,0.6628896594047546,0.905772564871245,High
3242,0.9999563694000244,0.08299988475551867,0.6628896594047546,0.903508320565137,High
3243,0.9999216794967651,0.01779848516625826,0.6628896594047546,0.9263131940044469,High
3244,0.9998676776885986,0.09002554186315087,0.6628896594047546,0.9010094352677885,High
3245,0.9999405145645142,0.09804364504263113,0.6628896594047546,0.8982358817095969,High
3246,0.9999438524246216,0.08211187065391334,0.6628896594047546,0.9038134928617675,High
3247,0.9999487400054932,0.048418180008217515,0.6628896594047546,0.9156084899596177,High
3248,0.9999039173126221,0.07884803172796673,0.6628896594047546,0.9049378656854491,High
3249,0.9999291896820068,0.024293735784051473,0.6628896594047546,0.9240432537529715,High
3250,0.9999606609344482,0.017774278955766776,0.6628896594047546,0.9263392197460053,High
3251,0.9999545812606812,0.10176421785760131,0.6628896594047546,0.8969399993167035,High
3252,0.9999592304229736,0.1037248917047433,0.6628896594047546,0.8962558496327709,High
3253,0.9999362230300903,0.018903944526362015,0.6628896594047546,0.9259328397393359,High
3254,0.9999592304229736,0.07608790951159572,0.6628896594047546,0.9059287934003727,High
3255,0.9999502897262573,0.1086124006432288,0.6628896594047546,0.8945411981907787,High
3256,0.9999401569366455,0.12116157208021461,0.6628896594047546,0.8901444284325083,High
3257,0.9998694658279419,0.08097783860358093,0.6628896594047546,0.9041769360713424,High
3258,0.999908447265625,0.08358377253782046,0.6628896594047546,0.903282412762245,High
3259,0.9999039173126221,0.08178333088420431,0.6628896594047546,0.9039105109807658,High
3260,0.999947190284729,0.076096473059302,0.6628896594047546,0.9059204019383232,High
3261,0.9999345541000366,0.01238048482135401,0.6628896594047546,0.928215305578029,High
3262,0.999894380569458,0.10415474005860814,0.6628896594047546,0.8960762262353007,High
3263,0.9999291896820068,0.024419146220057586,0.6628896594047546,0.9239993601003693,High
3264,0.9999494552612305,0.055870559331998804,0.6628896594047546,0.9130004850218406,High
3265,0.9999349117279053,0.022131453962649483,0.6628896594047546,0.9248026153901875,High
3266,0.999914288520813,0.031207476538108958,0.6628896594047546,0.9216167389665141,High
3267,0.9999542236328125,0.1037248917047433,0.6628896594047546,0.8962536144585919,High
3268,0.9999438524246216,0.10545534682603502,0.6628896594047546,0.8956432762015248,High
3269,0.9999362230300903,0.01947803181642238,0.6628896594047546,0.9257319091878148,High
3270,0.9999592304229736,0.07513548367270384,0.6628896594047546,0.9062621424439848,High
3271,0.9999644756317139,0.1087871016316771,0.6628896594047546,0.8944864603441351,High
3272,0.9999290704727173,-0.01839427636090296,0.6628896594047546,0.9325460016727447,High
3273,0.9999494552612305,0.1034448763603677,0.6628896594047546,0.8963494740619115,High
3274,0.9998651742935181,0.08923675937214276,0.6628896594047546,0.9012843766513906,High
3275,0.9999362230300903,0.019429045694251634,0.6628896594047546,0.9257490543305745,High
3276,0.999948263168335,0.10124389922183141,0.6628896594047546,0.8971192796185962,High
3277,0.9999696016311646,0.03673043594156633,0.6628896594047546,0.9197085881144977,High
3278,0.9999504089355469,0.0765226964066894,0.6628896594047546,0.9057726542782122,High
3279,0.9998986721038818,0.05185758789284245,0.6628896594047546,0.9143821666442739,High
3280,0.889293909072876,0.16925666389179084,0.6628896594047546,0.8235203466806894,High
3281,0.9999327659606934,0.023289433433239304,0.6628896594047546,0.9243963689011646,High
3282,0.9998676776885986,0.08178333088420431,0.6628896594047546,0.9038942091104197,High
3283,0.9999544620513916,0.09898774883973327,0.6628896594047546,0.8979117038683125,High
3284,0.9999294281005859,0.023289433433239304,0.6628896594047546,0.9243948489827228,High
3285,0.9999039173126221,0.08178333088420431,0.6628896594047546,0.9039105109807658,High
3286,0.9999592304229736,0.07411658574484414,0.6628896594047546,0.9066187567187357,High
3287,0.999894380569458,0.11180509486128509,0.6628896594047546,0.8933986020543637,High
3288,0.9999593496322632,0.05936053581971501,0.6628896594047546,0.9117834337971756,High
3289,0.9999039173126221,0.08221243100370951,0.6628896594047546,0.903760325938939,High
3290,0.9999498128890991,0.1014578083547536,0.6628896594047546,0.8970450968754883,High
3291,0.9999542236328125,0.0824360510108203,0.6628896594047546,0.9037047087014649,High
3292,0.999948263168335,0.06297344376166225,0.6628896594047546,0.9105139390296554,High
3293,0.99993896484375,0.11082996353259772,0.6628896594047546,0.8937599549823713,High
3294,0.9999349117279053,0.02200552752803453,0.6628896594047546,0.9248466896423028,High
3295,0.999970555305481,-0.0014743491563160571,0.6628896594047546,0.9325646579265594,High
3296,0.9998564720153809,0.04814376984215696,0.6628896594047546,0.9156630188826528,High
3297,0.9999390840530396,0.07970420609561113,0.6628896594047546,0.9046540296899613,High
3298,0.999778687953949,0.061856587976475086,0.6628896594047546,0.9108285148068359,High
3299,0.9999592304229736,0.07557030446782831,0.6628896594047546,0.9061099551656911,High
3300,0.9999762773513794,0.027118086352215576,0.6628896594047546,0.9230759205053317,High
3301,0.9999392032623291,0.10372078186045591,0.6628896594047546,0.8962482877769105,High
3302,0.999894380569458,0.10415474005860814,0.6628896594047546,0.8960762262353007,High
3303,0.9999548196792603,0.10347227381712515,0.6628896594047546,0.8963422989401597,High
3304,0.9998773336410522,0.048415448434977026,0.6628896594047546,0.9155773191067179,High
3305,0.9999362230300903,0.018523895578789973,0.6628896594047546,0.9260658568709861,High
3306,0.9999550580978394,0.017774278955766776,0.6628896594047546,0.9263366865486024,High
3307,0.999961256980896,0.10124389922183141,0.6628896594047546,0.8971251208737842,High
3308,0.9999538660049438,0.1163564033901816,0.6628896594047546,0.8918324065547542,High
3309,0.9997760653495789,-0.0154424340531788,0.6628896594047546,0.9324771583080291,High
3310,0.9998666048049927,-0.011641696450037764,0.6628896594047546,0.9325178980827331,High
3311,0.9999290704727173,-0.025351573429959418,0.6628896594047546,0.9325460016727447,High
3312,0.9999291896820068,0.024293735784051473,0.6628896594047546,0.9240432537529715,High
3313,0.999961256980896,0.11505814257683583,0.6628896594047546,0.8922901356995326,High
3314,0.9999611377716064,0.04772235915832779,0.6628896594047546,0.9158576002913656,High
3315,0.9999487400054932,0.10612986240401545,0.6628896594047546,0.8954094011210885,High
3316,0.9999487400054932,0.051140935714138136,0.6628896594047546,0.9146555254625456,High
3317,0.9998500347137451,0.08250832926527146,0.6628896594047546,0.9036325322592912,High
3318,0.9999611377716064,0.07567652368017419,0.6628896594047546,0.9060736427087194,High
3319,0.999961256980896,0.10189454144534565,0.6628896594047546,0.8968973960955542,High
3320,0.999961256980896,0.10391080202064518,0.6628896594047546,0.8961917048941993,High
3321,0.999931812286377,0.0471626517181134,0.6628896594047546,0.9160402954666229,High
3322,0.9999316930770874,0.02200552752803453,0.6628896594047546,0.9248452591308282,High
3323,0.9999244213104248,0.08580707488659128,0.6628896594047546,0.9025114392998707,High
3324,0.9999775886535645,0.0380017259306884,0.6628896594047546,0.9192672426993139,High
3325,0.999937891960144,0.09387420211347991,0.6628896594047546,0.8996939946419044,High
3326,0.9999755620956421,0.025898674589835524,0.6628896594047546,0.9235023867966184,High
3327,0.9995070695877075,0.0027966344614532845,0.6628896594047546,0.9313772792129816,High
3328,0.9999452829360962,0.07792589203165678,0.6628896594047546,0.9052792410306498,High
3329,0.9939271807670593,0.18943778114806947,0.6628896594047546,0.8635419428045356,High
3330,0.9999622106552124,0.0833726663892882,0.6628896594047546,0.9033804695976877,High
3331,0.9999755620956421,0.025898674589835524,0.6628896594047546,0.9235023867966184,High
3332,0.7884147763252258,0.17099706010821564,0.6628896594047546,0.7775155952882659,High
3333,0.9999592304229736,0.07513548367270384,0.6628896594047546,0.9062621424439848,High
3334,0.9999725818634033,-0.0031930633717206502,0.6628896594047546,0.9325655817985534,High
3335,0.9999041557312012,0.03942074294004627,0.6628896594047546,0.9187375359705107,High
3336,0.9999362230300903,0.02099410727728268,0.6628896594047546,0.9252012827765136,High
3337,0.999947190284729,0.11008008594195856,0.6628896594047546,0.8940261374293934,High
3338,0.9999438524246216,0.10966036617861619,0.6628896594047546,0.8941715194281216,High
3339,0.9999510049819946,0.10612986240401545,0.6628896594047546,0.8954104144000496,High
3340,0.9999039173126221,0.08178333088420431,0.6628896594047546,0.9039105109807658,High
3341,0.9996178150177002,0.0869538191322628,0.6628896594047546,0.9019720940612306,High
3342,0.9999043941497803,0.03978665814855176,0.6628896594047546,0.9186095550545009,High
3343,0.9999685287475586,0.025898674589835524,0.6628896594047546,0.9234992277504454,High
3344,0.9998923540115356,0.09002554186315087,0.6628896594047546,0.9010205515340391,High
3345,0.9999362230300903,0.01903057037830924,0.6628896594047546,0.9258885206911543,High
3346,0.9999117851257324,0.03978665814855176,0.6628896594047546,0.9186128929146083,High
3347,0.9998784065246582,0.018401072169960342,0.6628896594047546,0.9260828276366321,High
3348,0.9999755620956421,0.025898674589835524,0.6628896594047546,0.9235023867966184,High
3349,0.9999556541442871,0.11461066230934147,0.6628896594047546,0.8924442205957527,High
3350,0.9999403953552246,0.02834186419009377,0.6628896594047546,0.9226314454033402,High
3351,0.9999611377716064,0.10568466307366553,0.6628896594047546,0.8955707939209975,High
3352,0.9999327659606934,0.023289433433239304,0.6628896594047546,0.9243963689011646,High
3353,0.9998014569282532,0.03460985702031272,0.6628896594047546,0.9203751226403941,High
3354,0.9999350309371948,0.08569551075604542,0.6628896594047546,0.9025552551171437,High
3355,0.9999039173126221,0.07094538430577435,0.6628896594047546,0.9077037922832164,High
3356,0.999894380569458,0.10415474005860814,0.6628896594047546,0.8960762262353007,High
3357,0.9999043941497803,0.03954274218538434,0.6628896594047546,0.9186949256416096,High
3358,0.9999755620956421,0.025898674589835524,0.6628896594047546,0.9235023867966184,High
3359,0.9998880624771118,0.08358377253782046,0.6628896594047546,0.9032732336469496,High
3360,0.999948263168335,0.10124389922183141,0.6628896594047546,0.8971192796185962,High
3361,0.9999039173126221,0.08178333088420431,0.6628896594047546,0.9039105109807658,High
3362,0.9999710321426392,0.026039317128246142,0.6628896594047546,0.9234511353502524,High
3363,0.999948263168335,0.09953229080856352,0.6628896594047546,0.8977183425632399,High
3364,0.9999630451202393,0.10271121603956329,0.6628896594047546,0.8966123646502825,High
3365,0.9999115467071533,0.10803059577146729,0.6628896594047546,0.8947273955372984,High
3366,0.9998829364776611,0.03210305299985794,0.6628896594047546,0.9212891609040902,High
3367,0.9999362230300903,0.018523895578789973,0.6628896594047546,0.9260658568709861,High
3368,0.9999327659606934,0.023289433433239304,0.6628896594047546,0.9243963689011646,High
3369,0.9999349117279053,0.021842252909825888,0.6628896594047546,0.9249038357586757,High
3370,0.9999592304229736,0.11006392174414886,0.6628896594047546,0.894037189118979,High
3371,0.9999536275863647,0.1058744867988024,0.6628896594047546,0.8955009879547696,High
3372,0.9999715089797974,0.027172924563458545,0.6628896594047546,0.9230545813641847,High
3373,0.9999362230300903,0.01903057037830924,0.6628896594047546,0.9258885206911543,High
3374,0.9999345541000366,0.01238048482135401,0.6628896594047546,0.928215305578029,High
3375,0.9999762773513794,0.026878414106785375,0.6628896594047546,0.9231598057912322,High
3376,0.9999159574508667,0.03990857487878752,0.6628896594047546,0.9185720996053363,High
3377,0.9999419450759888,0.04653315705058336,0.6628896594047546,0.9162651783555837,High
3378,0.9999611377716064,0.1058744867988024,0.6628896594047546,0.8955043556171994,High
3379,0.5642122030258179,0.16315916167041977,0.6628896594047546,0.6793677166579221,Medium
3380,0.999961256980896,0.10124389922183141,0.6628896594047546,0.8971251208737842,High
3381,0.9999558925628662,0.10290222867913579,0.6628896594047546,0.8965422915756142,High
3382,0.999919056892395,0.024293735784051473,0.6628896594047546,0.9240386939976462,High
3383,0.999940037727356,0.03081103421089293,0.6628896594047546,0.9217670868844485,High
3384,0.9999343156814575,0.10638841698264839,0.6628896594047546,0.8953124101122863,High
3385,0.9999263286590576,0.023638128205237807,0.6628896594047546,0.9242714349056936,High
3386,0.9999510049819946,0.07619851446757797,0.6628896594047546,0.9058863861778027,High
3387,0.9996201992034912,0.08820483875268903,0.6628896594047546,0.9015353100776874,High
3388,0.9999775886535645,0.03411639974650771,0.6628896594047546,0.9206271068637771,High
3389,0.9999039173126221,0.08178333088420431,0.6628896594047546,0.9039105109807658,High
3390,0.9999327659606934,0.02200552752803453,0.6628896594047546,0.9248457359679864,High
3391,0.9999064207077026,0.11165280781453146,0.6628896594047546,0.8934573265434022,High
3392,0.9998359680175781,0.063874396605624,0.6628896594047546,0.9101480607954991,High
3393,0.9999630451202393,0.10290222867913579,0.6628896594047546,0.896545510226432,High
3394,0.9999039173126221,0.08178333088420431,0.6628896594047546,0.9039105109807658,High
3395,0.9999592304229736,0.1037248917047433,0.6628896594047546,0.8962558496327709,High
3396,0.9999592304229736,0.07513548367270384,0.6628896594047546,0.9062621424439848,High
3397,0.9998456239700317,0.10520205349451728,0.6628896594047546,0.8956877320234552,High
3398,0.9999562501907349,0.0501713466693785,0.6628896594047546,0.9149982492906411,High
3399,0.9999762773513794,0.02650080607224803,0.6628896594047546,0.9232919686033203,High
3400,0.9999266862869263,0.03702270826708787,0.6628896594047546,0.9195869808956579,High
3401,0.9999696016311646,0.02645514141413463,0.6628896594047546,0.9233049411990989,High
3402,0.9999592304229736,0.10487307168345145,0.6628896594047546,0.8958539866402232,High
3403,0.9999762773513794,0.03527965603415284,0.6628896594047546,0.9202193711166536,High
3404,0.9999507665634155,0.09869018097839477,0.6628896594047546,0.8980142134920497,High
3405,0.9997051358222961,0.07713749288260019,0.6628896594047546,0.9054471175118418,High
3406,0.9999630451202393,0.1091795178734018,0.6628896594047546,0.894348459008439,High
3407,0.999941349029541,0.06974868097193576,0.6628896594047546,0.908139476762209,High
3408,0.9992080330848694,0.12383062670368578,0.6628896594047546,0.8888808244426198,High
3409,0.9979192614555359,0.06424496341665353,0.6628896594047546,0.9091558533994165,High
3410,0.9998809099197388,0.09055804183827776,0.6628896594047546,0.9008290207409716,High
3411,0.9999592304229736,0.1037248917047433,0.6628896594047546,0.8962558496327709,High
3412,0.9999696016311646,0.02645514141413463,0.6628896594047546,0.9233049411990989,High
3413,0.999951958656311,0.10184140520330953,0.6628896594047546,0.8969118214551325,High
3414,0.9999727010726929,0.013679475697981114,0.6628896594047546,0.9277778249089048,High
3415,0.9999755620956421,0.025898674589835524,0.6628896594047546,0.9235023867966184,High
3416,0.9999392032623291,0.028304421254744194,0.6628896594047546,0.9226440139889095,High
3417,0.9999250173568726,0.02360482515510265,0.6628896594047546,0.9242824949267932,High
3418,0.9999145269393921,0.09866176350087785,0.6628896594047546,0.8980078279365121,High
3419,0.9999438524246216,0.07513548367270384,0.6628896594047546,0.9062552283051909,High
3420,0.9999203681945801,0.024419146220057586,0.6628896594047546,0.9239953963914918,High
3421,0.9999611377716064,0.07608228694092056,0.6628896594047546,0.9059316255674582,High
3422,0.9999039173126221,0.046432332600040316,0.6628896594047546,0.9162833603802233,High
3423,0.999908447265625,0.09145647118174444,0.6628896594047546,0.9005269682368716,High
3424,0.9999438524246216,0.04889676649358354,0.6628896594047546,0.915438779317883,High
3425,0.9999755620956421,0.025898674589835524,0.6628896594047546,0.9235023867966184,High
3426,0.40680956840515137,0.16309090325793457,0.6628896594047546,0.6085604125822952,Medium
3427,0.99994957447052,0.10424251638003301,0.6628896594047546,0.8960703596596734,High
3428,0.999908447265625,0.08326156435956417,0.6628896594047546,0.9033951856246346,High
3429,0.9998847246170044,0.08403407491415182,0.6628896594047546,0.9031141078967918,High
3430,0.999941349029541,0.1002996922105926,0.6628896594047546,0.897446622828679,High
3431,0.9999727010726929,0.027339324437905765,0.6628896594047546,0.9229968778499312,High
3432,0.9999507665634155,0.07568415186623045,0.6628896594047546,0.9060663236813072,High
3433,0.9999527931213379,0.07534463753445275,0.6628896594047546,0.906186047767101,High
3434,0.9999281167984009,0.024293735784051473,0.6628896594047546,0.9240427769158133,High
3435,0.9990817308425903,0.05270269897180202,0.6628896594047546,0.9137187661199858,High
3436,0.9999611377716064,0.07608790951159572,0.6628896594047546,0.9059296576677219,High
3437,0.6158720850944519,0.07959879190379271,0.6628896594047546,0.7318607900268946,High
3438,0.9999592304229736,0.1037248917047433,0.6628896594047546,0.8962558496327709,High
3439,0.9999527931213379,0.07504050511563665,0.6628896594047546,0.9062924941136866,High
3440,0.9999438524246216,0.07513548367270384,0.6628896594047546,0.9062552283051909,High
3441,0.9999291896820068,0.030833170269786825,0.6628896594047546,0.9217544516829641,High
3442,0.9999603033065796,0.09689720496638726,0.6628896594047546,0.8986460466306762,High
3443,0.9993245601654053,-0.012596790088199361,0.6628896594047546,0.9322739660739898,High
3444,0.9999725818634033,0.025898674589835524,0.6628896594047546,0.923501045692111,High
3445,0.9999350309371948,0.08535802515191715,0.6628896594047546,0.9026733750785886,High
3446,0.9999603033065796,0.10008987500862643,0.6628896594047546,0.8975286121158924,High
3447,0.999908447265625,0.08326156435956417,0.6628896594047546,0.9033951856246346,High
3448,0.9999438524246216,0.0654907645249756,0.6628896594047546,0.9096308800068956,High
3449,0.9999536275863647,0.06746308368440257,0.6628896594047546,0.9089449790448096,High
3450,0.9999039173126221,0.08178333088420431,0.6628896594047546,0.9039105109807658,High
3451,0.9999338388442993,0.02200552752803453,0.6628896594047546,0.9248462128051446,High
3452,0.9999039173126221,0.08178333088420431,0.6628896594047546,0.9039105109807658,High
3453,0.9997631907463074,0.07883673390107804,0.6628896594047546,0.9048784899897863,High
3454,0.9999438524246216,0.07411658574484414,0.6628896594047546,0.9066118425799418,High
3455,0.9999548196792603,0.10290222867913579,0.6628896594047546,0.896541814738456,High
3456,0.999961256980896,0.10124389922183141,0.6628896594047546,0.8971251208737842,High
3457,0.9999510049819946,0.10588015462806716,0.6628896594047546,0.8954978121216315,High
3458,0.9999362230300903,0.027322914555804934,0.6628896594047546,0.9229862002290309,High
3459,0.9999536275863647,0.1058744867988024,0.6628896594047546,0.8955009879547696,High
3460,0.954018235206604,0.08967573982396554,0.6628896594047546,0.8804996287855348,High
3461,0.9999755620956421,0.025898674589835524,0.6628896594047546,0.9235023867966184,High
3462,0.999947190284729,0.07534463753445275,0.6628896594047546,0.9061835443720204,High
3463,0.9998676776885986,0.08178333088420431,0.6628896594047546,0.9038942091104197,High
3464,0.9998397827148438,0.050011535599499335,0.6628896594047546,0.9150017906823413,High
3465,0.9999039173126221,0.08178333088420431,0.6628896594047546,0.9039105109807658,High
3466,0.9999524354934692,0.07610587618526876,0.6628896594047546,0.9059194652277035,High
3467,0.999931812286377,0.04679888069625304,0.6628896594047546,0.916167615324274,High
3468,0.9999592304229736,0.07513548367270384,0.6628896594047546,0.9062621424439848,High
3469,0.9999518394470215,0.02997558788778354,0.6628896594047546,0.9220647979109219,High
3470,0.9999381303787231,0.09536931622892225,0.6628896594047546,0.8991708239107891,High
3471,0.9695861339569092,-0.06509835287558774,0.6628896594047546,0.9188916802406311,High
3472,0.9999536275863647,0.11364313088209926,0.6628896594047546,0.8927819625256158,High
3473,0.9999579191207886,0.10124389922183141,0.6628896594047546,0.8971236307576648,High
3474,0.9999483823776245,0.08492061494520448,0.6628896594047546,0.9028324887200604,High
3475,0.9999579191207886,0.10124389922183141,0.6628896594047546,0.8971236307576648,High
3476,0.999947190284729,0.076096473059302,0.6628896594047546,0.9059204019383232,High
3477,0.9999611377716064,0.07567652368017419,0.6628896594047546,0.9060736427087194,High
3478,0.9998950958251953,0.04629877741026611,0.6628896594047546,0.9163261409877667,High
3479,0.9999344348907471,4.542773356164265e-05,0.6628896594047546,0.9325325159541115,High
3480,0.9999039173126221,0.08178333088420431,0.6628896594047546,0.9039105109807658,High
3481,0.999936580657959,0.01238048482135401,0.6628896594047546,0.9282161996477006,High
3482,0.9999542236328125,0.07513548367270384,0.6628896594047546,0.9062599072698058,High
3483,0.9999755620956421,0.025898674589835524,0.6628896594047546,0.9235023867966184,High
3484,0.9999144077301025,0.0908215405264291,0.6628896594047546,0.9007518761752468,High
3485,0.9999250173568726,0.018650607133045116,0.6628896594047546,0.9260164712345132,High
3486,0.999940037727356,0.1041007411837146,0.6628896594047546,0.8961156894439609,High
3487,0.9999663829803467,0.025898674589835524,0.6628896594047546,0.9234982442738066,High
3488,0.9999592304229736,0.07608790951159572,0.6628896594047546,0.9059287934003727,High
3489,0.9998445510864258,0.0449277807042322,0.6628896594047546,0.9167832506628967,High
3490,0.9999349117279053,0.029316650849436465,0.6628896594047546,0.9222877964798121,High
3491,0.9363299608230591,0.07607742759589964,0.6628896594047546,0.8772993145927627,High
3492,0.999961256980896,0.1074584490893184,0.6628896594047546,0.8949500284201637,High
3493,0.9999558925628662,0.10878950898822803,0.6628896594047546,0.8944817434674319,High
3494,0.9999592304229736,0.07513548367270384,0.6628896594047546,0.9062621424439848,High
3495,0.9999362230300903,0.019730996077752527,0.6628896594047546,0.9256433716963491,High
3496,0.9966417551040649,0.057323251762654626,0.6628896594047546,0.9110035656794576,High
3497,0.999961256980896,0.10124389922183141,0.6628896594047546,0.8971251208737842,High
3498,0.9502934217453003,0.17954475600909892,0.6628896594047546,0.8473693011026869,High
3499,0.9999462366104126,0.09880742448848495,0.6628896594047546,0.8979711219032734,High
3500,0.9999291896820068,0.02454452837559118,0.6628896594047546,0.9239554763459326,High
3501,0.9999510049819946,0.0765226964066894,0.6628896594047546,0.9057729224991137,High
3502,0.999961256980896,0.06297344376166225,0.6628896594047546,0.9105197802848434,High
3503,0.9999611377716064,0.10286107583988158,0.6628896594047546,0.8965590494528218,High
3504,0.9998866319656372,0.10433734765617808,0.6628896594047546,0.8960088267044318,High
3505,0.9999316930770874,0.023289433433239304,0.6628896594047546,0.9243958920640064,High
3506,0.999951958656311,0.10053018629299326,0.6628896594047546,0.8973707480737433,High
3507,0.9998748302459717,-0.01170043461519088,0.6628896594047546,0.9325215935707092,High
3508,0.9999291896820068,0.02454452837559118,0.6628896594047546,0.9239554763459326,High
3509,0.9999250173568726,0.01724036061470391,0.6628896594047546,0.9265100575159327,High
3510,0.9999536275863647,0.1058744867988024,0.6628896594047546,0.8955009879547696,High
3511,0.9999375343322754,0.08676361878277394,0.6628896594047546,0.9021825497960395,High
3512,0.9999524354934692,0.07625137950618222,0.6628896594047546,0.9058685390653838,High
3513,0.9999363422393799,0.09346564053390721,0.6628896594047546,0.8998363057413398,High
3514,0.9999536275863647,0.11015162666542017,0.6628896594047546,0.8940039890014535,High
3515,0.9999611377716064,0.07608790951159572,0.6628896594047546,0.9059296576677219,High
3516,0.9999412298202515,0.08502295333961846,0.6628896594047546,0.9027934516311976,High
3517,0.999933123588562,0.09569062478397755,0.6628896594047546,0.8990561009400183,High
3518,0.9999527931213379,0.06488665842314534,0.6628896594047546,0.9098463404560586,High
3519,0.9999592304229736,0.07513548367270384,0.6628896594047546,0.9062621424439848,High
3520,0.9998738765716553,0.04119131184621039,0.6628896594047546,0.9181042171920221,High
3521,0.999832034111023,-0.044719463653321134,0.6628896594047546,0.9325023412704467,High
3522,0.9999527931213379,0.10290793200746173,0.6628896594047546,0.8965388947015479,High
3523,0.9999762773513794,0.02743818366445039,0.6628896594047546,0.9229638864460495,High
3524,0.5875548720359802,0.1685730337728525,0.6628896594047546,0.6879770475754824,Medium
3525,0.999894380569458,0.10415474005860814,0.6628896594047546,0.8960762262353007,High
3526,0.9999542236328125,0.10238227849982068,0.6628896594047546,0.8967235290803147,High
3527,0.9999444484710693,0.114797317427688,0.6628896594047546,0.8923738547118479,High
3528,0.9999592304229736,0.048656960640384495,0.6628896594047546,0.9155296255052966,High
3529,0.9999041557312012,0.03942074294004627,0.6628896594047546,0.9187375359705107,High
3530,0.9999312162399292,0.00938815896587819,0.6628896594047546,0.9292610997090037,High
3531,0.9998650550842285,0.04997262774500433,0.6628896594047546,0.9150267631162443,High
3532,0.9999294281005859,0.038090995880704415,0.6628896594047546,0.9192143021261101,High
3533,0.9999604225158691,0.07454159664364701,0.6628896594047546,0.9064705393459577,High
3534,0.9999514818191528,0.10124389922183141,0.6628896594047546,0.8971207101300708,High
3535,0.9999524354934692,0.07644697912941978,0.6628896594047546,0.9058000791972506,High
3536,0.9999630451202393,0.10300991263728532,0.6628896594047546,0.8965078208410797,High
3537,0.9999316930770874,0.022165990727884055,0.6628896594047546,0.9247890970108809,High
3538,0.9999240636825562,0.033915397532667035,0.6628896594047546,0.9206733475598098,High
3539,0.9999592304229736,0.1037248917047433,0.6628896594047546,0.8962558496327709,High
3540,0.9998676776885986,0.08178333088420431,0.6628896594047546,0.9038942091104197,High
3541,0.9999604225158691,0.0780247606550879,0.6628896594047546,0.9052514319419533,High
3542,0.9936256408691406,0.13766700992402198,0.6628896594047546,0.8815259929567986,High
3543,0.9999512434005737,0.11240498269498611,0.6628896594047546,0.8932142415074994,High
3544,0.9977865219116211,0.13973645373785887,0.6628896594047546,0.8826741079329298,High
3545,0.9998569488525391,0.033217538276880454,0.6628896594047546,0.9208874085467563,High
3546,0.9999203681945801,0.024419146220057586,0.6628896594047546,0.9239953963914918,High
3547,0.9999438524246216,0.07513548367270384,0.6628896594047546,0.9062552283051909,High
3548,0.9999611377716064,0.07567652368017419,0.6628896594047546,0.9060736427087194,High
3549,0.9998977184295654,0.10834092240480997,0.6628896594047546,0.8946125823325718,High
3550,0.999901294708252,0.0981002776364644,0.6628896594047546,0.8981984173269018,High
3551,0.9999548196792603,0.10290222867913579,0.6628896594047546,0.896541814738456,High
3552,0.9999290704727173,-0.004120647270996591,0.6628896594047546,0.9325460016727447,High
3553,0.9999542236328125,0.07513548367270384,0.6628896594047546,0.9062599072698058,High
3554,0.9999536275863647,0.1058744867988024,0.6628896594047546,0.8955009879547696,High
3555,0.9999762773513794,0.02686845484525291,0.6628896594047546,0.9231632915327687,High
3556,0.9999755620956421,0.032370563689358756,0.6628896594047546,0.9212372256117852,High
3557,0.9999755620956421,0.025898674589835524,0.6628896594047546,0.9235023867966184,High
3558,0.9999548196792603,0.1110578239123991,0.6628896594047546,0.8936873564068138,High
3559,0.9999281167984009,0.023172318200481157,0.6628896594047546,0.9244352730700629,High
3560,0.9999403953552246,0.028883076610519476,0.6628896594047546,0.9224420210561911,High
3561,0.9999039173126221,0.08178333088420431,0.6628896594047546,0.9039105109807658,High
3562,0.9999494552612305,0.04729589307129367,0.6628896594047546,0.9160016182130873,High
3563,0.999961256980896,0.10124389922183141,0.6628896594047546,0.8971251208737842,High
3564,0.9999496936798096,0.09822575678361173,0.6628896594047546,0.8981762553207432,High
3565,0.9997939467430115,0.0668393603591384,0.6628896594047546,0.9090914288093753,High
3566,0.9999611377716064,0.07610587618526876,0.6628896594047546,0.9059233693319363,High
3567,0.999945878982544,0.00898185075215352,0.6628896594047546,0.9294099236993775,High
3568,0.9999474287033081,0.04729589307129367,0.6628896594047546,0.9160006943410933,High
3569,0.9999535083770752,0.10124389922183141,0.6628896594047546,0.8971216340020648,High
3570,0.9999107122421265,0.10393207490243173,0.6628896594047546,0.8961615202135922,High
3571,0.9999039173126221,0.09002554186315087,0.6628896594047546,0.9010257371381346,High
3572,0.9999611377716064,0.10307643803120103,0.6628896594047546,0.8964836726858599,High
3573,0.999961256980896,0.10124389922183141,0.6628896594047546,0.8971251208737842,High
3574,0.9999250173568726,0.01985029846341113,0.6628896594047546,0.9255965792688852,High
3575,0.9999488592147827,0.10557864695710895,0.6628896594047546,0.8956023861321505,High
3576,0.9999393224716187,0.07375792165066164,0.6628896594047546,0.9067353484549833,High
3577,0.9999403953552246,0.026848882454516332,0.6628896594047546,0.9231539890107923,High
3578,0.999948263168335,0.10124389922183141,0.6628896594047546,0.8971192796185962,High
3579,0.9998676776885986,0.08178333088420431,0.6628896594047546,0.9038942091104197,High
3580,0.999961256980896,0.10189454144534565,0.6628896594047546,0.8968973960955542,High
3581,0.9999507665634155,0.07568415186623045,0.6628896594047546,0.9060663236813072,High
3582,0.9999402761459351,0.09426697002125062,0.6628896594047546,0.8995575987577905,High
3583,0.9999362230300903,0.02486206132325408,0.6628896594047546,0.9238474988604236,High
3584,0.999958872795105,0.10537731676758438,0.6628896594047546,0.8956773518491646,High
3585,0.9999423027038574,0.07034089535869958,0.6628896594047546,0.9079326487616773,High
3586,0.9999754428863525,0.11053309860882371,0.6628896594047546,0.8938802787853278,High
3587,0.999908447265625,0.0823247805803799,0.6628896594047546,0.9037230599473491,High
3588,0.9999250173568726,0.013562703529353737,0.6628896594047546,0.9277972374958052,High
3589,0.9999542236328125,0.1037248917047433,0.6628896594047546,0.8962536144585919,High
3590,0.9924801588058472,0.13091763247956295,0.6628896594047546,0.8833728140943417,High
3591,0.9999611377716064,0.07508893500182534,0.6628896594047546,0.9062792987461415,High
3592,0.9999755620956421,0.025898674589835524,0.6628896594047546,0.9235023867966184,High
3593,0.9999573230743408,0.10424251638003301,0.6628896594047546,0.8960738465313928,High
3594,0.9999592304229736,0.07608790951159572,0.6628896594047546,0.9059287934003727,High
3595,0.9999362230300903,0.019604528209767103,0.6628896594047546,0.9256876354501441,High
3596,0.9999338388442993,0.02200552752803453,0.6628896594047546,0.9248462128051446,High
3597,0.9999563694000244,0.08502295333961846,0.6628896594047546,0.902800246560702,High
3598,0.9999057054519653,0.04701011536187827,0.6628896594047546,0.9160819410762845,High
3599,0.9999510049819946,0.10588015462806716,0.6628896594047546,0.8954978121216315,High
3600,0.9999488592147827,0.0765226964066894,0.6628896594047546,0.9057719688247973,High
3601,0.9999618530273438,0.1014062167376174,0.6628896594047546,0.8970685779641605,High
3602,0.999756395816803,0.07729693051302533,0.6628896594047546,0.9054143813387211,High
3603,0.9999592304229736,0.04749985337326568,0.6628896594047546,0.9159346130487881,High
3604,0.9999300241470337,0.09547869888400418,0.6628896594047546,0.8991288742958566,High
3605,0.9999533891677856,0.11130281758071814,0.6628896594047546,0.8936009529718096,High
3606,0.99992835521698,0.023289433433239304,0.6628896594047546,0.9243943721455646,High
3607,0.999961256980896,0.10161413259202756,0.6628896594047546,0.8969955391942155,High
3608,0.9999372959136963,0.02350347012806442,0.6628896594047546,0.9243234826158983,High
3609,0.9999687671661377,0.09525261090248688,0.6628896594047546,0.8992254394479845,High
3610,0.9999507665634155,0.10663251552805403,0.6628896594047546,0.895234396399669,High
3611,0.9999203681945801,0.024293735784051473,0.6628896594047546,0.9240392900440939,High
3612,0.9998676776885986,0.08178333088420431,0.6628896594047546,0.9038942091104197,High
3613,0.9999573230743408,0.049016628863941536,0.6628896594047546,0.9154029071620248,High
3614,0.9999592304229736,0.1037248917047433,0.6628896594047546,0.8962558496327709,High
3615,0.999908447265625,0.08323830981564317,0.6628896594047546,0.903403324715007,High
3616,0.9964883327484131,0.06385402271781648,0.6628896594047546,0.908648773666501,High
3617,0.9999314546585083,0.013186533750931928,0.6628896594047546,0.9279317877435245,High
3618,0.9999611377716064,0.07590414490383646,0.6628896594047546,0.9059939752804376,High
3619,0.9999516010284424,0.1144361721624359,0.6628896594047546,0.8925034742055039,High
3620,0.9999362230300903,0.019157167675703746,0.6628896594047546,0.9258442116370663,High
3621,0.9999611377716064,0.07608228694092056,0.6628896594047546,0.9059316255674582,High
3622,0.9999641180038452,0.11146219283921849,0.6628896594047546,0.8935499996075613,High
3623,0.9998810291290283,0.08290478099030651,0.6628896594047546,0.9035077216424063,High
3624,0.999948263168335,0.10124389922183141,0.6628896594047546,0.8971192796185962,High
3625,0.999961256980896,0.06297344376166225,0.6628896594047546,0.9105197802848434,High
3626,0.9999762773513794,0.026878414106785375,0.6628896594047546,0.9231598057912322,High
3627,0.9999327659606934,0.02200552752803453,0.6628896594047546,0.9248457359679864,High
3628,0.9999611377716064,0.10547047760729167,0.6628896594047546,0.8956457588342283,High
3629,0.999961256980896,0.09993104328497371,0.6628896594047546,0.8975846204516843,High
3630,0.9999592304229736,0.07964959498684676,0.6628896594047546,0.9046822034840347,High
3631,0.9999527931213379,0.07481249425286507,0.6628896594047546,0.9063722979156567,High
3632,0.9999250173568726,0.018650607133045116,0.6628896594047546,0.9260164712345132,High
3633,0.9533666372299194,0.17905819911044774,0.6628896594047546,0.8489225429852935,High
3634,0.9999186992645264,0.03949900203612711,0.6628896594047546,0.9187166719954853,High
3635,0.9999592304229736,0.0654907645249756,0.6628896594047546,0.9096377941456896,High
3636,0.999961256980896,0.10124389922183141,0.6628896594047546,0.8971251208737842,High
3637,0.9999523162841797,0.10708831037918032,0.6628896594047546,0.8950755536551896,High
3638,0.9998908042907715,0.06797301502163111,0.6628896594047546,0.9087382206728337,High
3639,0.8893951773643494,0.19214740771560157,0.6628896594047546,0.8155541540932864,High
3640,0.999908447265625,0.0823247805803799,0.6628896594047546,0.9037230599473491,High
3641,0.9999514818191528,0.09689720496638726,0.6628896594047546,0.8986420531194762,High
3642,0.9999557733535767,0.10526485640378341,0.6628896594047546,0.8957153122673428,High
3643,0.9940385818481445,0.12511925849724065,0.6628896594047546,0.8861035532385817,High
3644,0.9999130964279175,0.025664366952761863,0.6628896594047546,0.9235562908795826,High
3645,0.9999245405197144,0.08569551075604542,0.6628896594047546,0.9025505463502065,High
3646,0.9999487400054932,0.0765226964066894,0.6628896594047546,0.9057719092201525,High
3647,0.999961256980896,0.10124389922183141,0.6628896594047546,0.8971251208737842,High
3648,0.9999542236328125,0.07513548367270384,0.6628896594047546,0.9062599072698058,High
3649,0.9999203681945801,0.024293735784051473,0.6628896594047546,0.9240392900440939,High
3650,0.9999291896820068,0.024293735784051473,0.6628896594047546,0.9240432537529715,High
3651,0.9999755620956421,0.025898674589835524,0.6628896594047546,0.9235023867966184,High
3652,0.9999494552612305,0.10424251638003301,0.6628896594047546,0.8960703000550286,High
3653,0.9999663829803467,0.025898674589835524,0.6628896594047546,0.9234982442738066,High
3654,0.9999592304229736,0.0756496183449964,0.6628896594047546,0.9060821953086824,High
3655,0.9999364614486694,0.08433740821964036,0.6628896594047546,0.903031246655978,High
3656,0.999966025352478,0.07653287458845293,0.6628896594047546,0.9057761252626785,High
3657,0.9999349117279053,0.02200552752803453,0.6628896594047546,0.9248466896423028,High
3658,0.9999536275863647,0.07610587618526876,0.6628896594047546,0.9059200016695065,High
3659,0.9999345541000366,0.01238048482135401,0.6628896594047546,0.928215305578029,High
3660,0.9999338388442993,0.02099410727728268,0.6628896594047546,0.9252002098929076,High
3661,0.9997838139533997,0.041268822314233455,0.6628896594047546,0.9180365573697667,High
3662,0.999947190284729,0.07571791056567134,0.6628896594047546,0.906052898811094,High
3663,0.9997915625572205,0.07946794142354907,0.6628896594047546,0.9046703525532257,High
3664,0.9999592304229736,0.1037248917047433,0.6628896594047546,0.8962558496327709,High
3665,0.9983776807785034,0.0683072055630436,0.6628896594047546,0.9079403603237477,High
3666,0.9999579191207886,0.09746097677979715,0.6628896594047546,0.8984476536123768,High
3667,0.9999294281005859,0.024293735784051473,0.6628896594047546,0.9240433431599386,High
3668,0.9999349117279053,0.02225735200043255,0.6628896594047546,0.9247585510769635,High
3669,0.9999327659606934,0.02225735200043255,0.6628896594047546,0.9247575974026471,High
3670,0.9996470212936401,0.009026450539381448,0.6628896594047546,0.9292598158929121,High
3671,0.9999402761459351,0.09572930420580444,0.6628896594047546,0.8990457817931966,High
3672,0.9999592304229736,0.10487307168345145,0.6628896594047546,0.8958539866402232,High
3673,0.9999580383300781,0.08866821131238078,0.6628896594047546,0.9015251513282948,High
3674,0.9999611377716064,0.10905294030390628,0.6628896594047546,0.8943918968904131,High
3675,0.9998691082000732,0.0924639188615109,0.6628896594047546,0.9001566589694551,High
3676,0.9999592304229736,0.1037248917047433,0.6628896594047546,0.8962558496327709,High
3677,0.9999362230300903,0.01947803181642238,0.6628896594047546,0.9257319091878148,High
3678,0.9999611377716064,0.07610587618526876,0.6628896594047546,0.9059233693319363,High
3679,0.999961256980896,0.09993104328497371,0.6628896594047546,0.8975846204516843,High
3680,0.9682278633117676,0.2034642539915763,0.6628896594047546,0.8470679755137301,High
3681,0.9999548196792603,0.11063168878921714,0.6628896594047546,0.8938365036999275,High
3682,0.9999550580978394,0.1009739031148299,0.6628896594047546,0.8972168180929302,High
3683,0.9999611377716064,0.07608790951159572,0.6628896594047546,0.9059296576677219,High
3684,0.999961256980896,0.11159107131319462,0.6628896594047546,0.893503610641807,High
3685,0.9999507665634155,0.07568415186623045,0.6628896594047546,0.9060663236813072,High
3686,0.9999513626098633,0.08798306358934749,0.6628896594047546,0.9017619727991177,High
3687,0.9999250173568726,0.019908559299830708,0.6628896594047546,0.9255761879761383,High
3688,0.999947190284729,0.07571791056567134,0.6628896594047546,0.906052898811094,High
3689,0.999961256980896,0.10124389922183141,0.6628896594047546,0.8971251208737842,High
3690,0.9999592304229736,0.11347341859022703,0.6628896594047546,0.8928438652228516,High
3691,0.9999063014984131,0.11089380345958472,0.6628896594047546,0.8937229184629887,High
3692,0.4766845107078552,0.19401656446011523,0.6628896594047546,0.6291801611582132,Medium
3693,0.9998917579650879,0.040388373045415205,0.6628896594047546,0.9183932923993451,High
3694,0.9879563450813293,0.041202587682291125,0.6628896594047546,0.9127373725380504,High
3695,0.9999548196792603,0.06488050098364084,0.6628896594047546,0.9098494194318792,High
3696,0.9999622106552124,0.08196411700849682,0.6628896594047546,0.9038734618809646,High
3697,0.9999438524246216,0.1037248917047433,0.6628896594047546,0.896248935493977,High
3698,0.9999611377716064,0.07610587618526876,0.6628896594047546,0.9059233693319363,High
3699,0.9999039173126221,0.08178333088420431,0.6628896594047546,0.9039105109807658,High
3700,0.9999061822891235,0.025539237381528523,0.6628896594047546,0.9235969569856636,High
3701,0.9999250173568726,0.016859185728168913,0.6628896594047546,0.9266434687262199,High
3702,0.9999446868896484,0.09400214474786472,0.6628896594047546,0.8996522843590756,High
3703,0.999961256980896,0.10176421785760131,0.6628896594047546,0.8969430093512647,High
3704,0.9999312162399292,0.007849416375254381,0.6628896594047546,0.9297996596157221,High
3705,0.9999524354934692,0.1058744867988024,0.6628896594047546,0.8955004515129666,High
3706,0.9999611377716064,0.11015162666542017,0.6628896594047546,0.8940073566638833,High
3707,0.9999696016311646,0.0361060831058343,0.6628896594047546,0.9199271116070039,High
3708,0.9999039173126221,0.08178333088420431,0.6628896594047546,0.9039105109807658,High
3709,0.9999250173568726,0.020646176761206836,0.6628896594047546,0.9253180218646567,High
3710,0.9999573230743408,0.07096165210629946,0.6628896594047546,0.9077221490271995,High
3711,0.9998829364776611,0.08995498428678822,0.6628896594047546,0.9010409849536646,High
3712,0.9999438524246216,0.07513548367270384,0.6628896594047546,0.9062552283051909,High
3713,0.999929666519165,0.08422551259959754,0.6628896594047546,0.9030673404837871,High
3714,0.9999362230300903,0.020867924309340036,0.6628896594047546,0.9252454468152936,High
3715,0.999961256980896,0.10124389922183141,0.6628896594047546,0.8971251208737842,High
3716,0.999894380569458,0.10415474005860814,0.6628896594047546,0.8960762262353007,High
3717,0.9999488592147827,0.10517700023479493,0.6628896594047546,0.8957429624849603,High
3718,0.9999679327011108,0.08569562050698404,0.6628896594047546,0.9025700284585418,High
3719,0.9998867511749268,0.10415474005860814,0.6628896594047546,0.8960727989682261,High
3720,0.9999039173126221,0.08071136370637882,0.6628896594047546,0.9042856994930047,High
3721,0.9999438524246216,0.1037248917047433,0.6628896594047546,0.896248935493977,High
3722,0.9999494552612305,0.10424251638003301,0.6628896594047546,0.8960703000550286,High
3723,0.9999063014984131,0.1050941446193488,0.6628896594047546,0.8957527990570713,High
3724,0.9994543194770813,-0.019337251522025145,0.6628896594047546,0.9323323786258697,High
3725,0.9998887777328491,0.08290478099030651,0.6628896594047546,0.9035112085141257,High
3726,0.8812556266784668,0.15660003339884587,0.6628896594047546,0.8243329402757359,High
3727,0.9999250173568726,0.016859185728168913,0.6628896594047546,0.9266434687262199,High
3728,0.9999309778213501,0.08422551259959754,0.6628896594047546,0.9030679365302349,High
3729,0.9999338388442993,0.02099410727728268,0.6628896594047546,0.9252002098929076,High
3730,0.9999418258666992,0.09434395763689013,0.6628896594047546,0.899531368348054,High
3731,0.9999533891677856,0.10176421785760131,0.6628896594047546,0.8969394628749006,High
3732,0.9999611377716064,0.07610587618526876,0.6628896594047546,0.9059233693319363,High
3733,0.9999397993087769,0.08178435530548522,0.6628896594047546,0.9039263052920518,High
3734,0.999908447265625,0.0823247805803799,0.6628896594047546,0.9037230599473491,High
3735,0.9999402761459351,0.09695318595868241,0.6628896594047546,0.8986174231796894,High
3736,0.999919056892395,0.025288893562192882,0.6628896594047546,0.9236903887752966,High
3737,0.9999362230300903,0.02023658242472892,0.6628896594047546,0.9254664164749075,High
3738,0.999919056892395,0.025288893562192882,0.6628896594047546,0.9236903887752966,High
3739,0.9999589920043945,0.04969277710913911,0.6628896594047546,0.9151670003342652,High
3740,0.9999024868011475,0.10415474005860814,0.6628896594047546,0.8960798919209544,High
3741,0.999908447265625,0.0831748532195477,0.6628896594047546,0.9034255345236405,High
3742,0.9999397993087769,0.08271921181652026,0.6628896594047546,0.9035991055131894,High
3743,0.999911904335022,0.11315447997010109,0.6628896594047546,0.8929342148817109,High
3744,0.9999592304229736,0.0654907645249756,0.6628896594047546,0.9096377941456896,High
3745,0.9999611377716064,0.10595930866203768,0.6628896594047546,0.8954746679650673,High
3746,0.9999312162399292,0.008743864692912995,0.6628896594047546,0.9294866027045415,High
3747,0.999944806098938,0.10311089799802348,0.6628896594047546,0.8964642803261648,High
3748,0.9999510049819946,0.10588015462806716,0.6628896594047546,0.8954978121216315,High
3749,0.9999592304229736,0.10874968628429182,0.6628896594047546,0.8944971715299289,High
3750,0.9999704360961914,0.02650080607224803,0.6628896594047546,0.9232893459989502,High
3751,0.9999362230300903,0.033420615763288586,0.6628896594047546,0.9208520048064116,High
3752,0.999950647354126,0.0714500989233986,0.6628896594047546,0.9075481826066536,High
3753,0.9999039173126221,0.08178333088420431,0.6628896594047546,0.9039105109807658,High
3754,0.9999611377716064,0.10487307168345145,0.6628896594047546,0.8958548509075724,High
3755,0.9999604225158691,0.08153044316165137,0.6628896594047546,0.9040244430646561,High
3756,0.9998501539230347,0.0823960210887788,0.6628896594047546,0.903671869923386,High
3757,0.9999488592147827,0.10517700023479493,0.6628896594047546,0.8957429624849603,High
3758,0.9999750852584839,0.02650080607224803,0.6628896594047546,0.9232914321615173,High
3759,0.9999362230300903,0.023504803765338145,0.6628896594047546,0.9243225390056943,High
3760,0.9987346529960632,0.01977042379129912,0.6628896594047546,0.9250888684615279,High
3761,0.9999533891677856,0.10943311491852664,0.6628896594047546,0.8942553489035766,High
3762,0.41387584805488586,0.18067506312200515,0.6628896594047546,0.6055857899228316,Medium
3763,0.9999762773513794,0.026523087884881114,0.6628896594047546,0.9232841699688987,High
3764,0.9999630451202393,0.10048315186389456,0.6628896594047546,0.8973921871117665,High
3765,0.9999438524246216,0.1037248917047433,0.6628896594047546,0.896248935493977,High
3766,0.9992432594299316,-0.005277029238145103,0.6628896594047546,0.9322373986244201,High
3767,0.9999303817749023,0.10350976536892403,0.6628896594047546,0.896318179840069,High
3768,0.9999151229858398,0.025664366952761863,0.6628896594047546,0.9235571849492542,High
3769,0.9999374151229858,0.08422551259959754,0.6628896594047546,0.9030708273555065,High
3770,0.999839186668396,0.04780133068086101,0.6628896594047546,0.9157750941829633,High
3771,0.9999542236328125,0.1037248917047433,0.6628896594047546,0.8962536144585919,High
3772,0.9999762773513794,0.0295149752094378,0.6628896594047546,0.922237009405304,High
3773,0.9999727010726929,0.027339324437905765,0.6628896594047546,0.9229968778499312,High
3774,0.9999362230300903,0.022100613304703698,0.6628896594047546,0.9248140056669163,High
3775,0.9999642372131348,0.049853596705230596,0.6628896594047546,0.9151130678591018,High
3776,0.9999266862869263,0.10269932074952387,0.6628896594047546,0.8966001665268054,High
3777,0.9997915625572205,0.07772443924663375,0.6628896594047546,0.905280578315146,High
3778,0.9999542236328125,0.07513548367270384,0.6628896594047546,0.9062599072698058,High
3779,0.9999510049819946,0.10588015462806716,0.6628896594047546,0.8954978121216315,High
3780,0.9999643564224243,0.10452641126682871,0.6628896594047546,0.8959776423671874,High
3781,0.9999494552612305,0.10424251638003301,0.6628896594047546,0.8960703000550286,High
3782,0.9999592304229736,0.1037248917047433,0.6628896594047546,0.8962558496327709,High
3783,0.9999421834945679,0.07469459094716246,0.6628896594047546,0.9064087957010706,High
3784,0.9999579191207886,0.10124389922183141,0.6628896594047546,0.8971236307576648,High
3785,0.9999700784683228,0.0665670296776738,0.6628896594047546,0.9092659889231168,High
3786,0.9989043474197388,0.04568810115656219,0.6628896594047546,0.9160940349336432,High
3787,0.983859121799469,0.19710993293578405,0.6628896594047546,0.8563260512224907,High
3788,0.9999316930770874,0.023289433433239304,0.6628896594047546,0.9243958920640064,High
3789,0.9999290704727173,-0.004252494977440624,0.6628896594047546,0.9325460016727447,High
3790,0.9999611377716064,0.1053876486189333,0.6628896594047546,0.8956747489801536,High
3791,0.9999281167984009,0.030566819041255577,0.6628896594047546,0.9218471977757918,High
3792,0.9999250173568726,0.01827038672286163,0.6628896594047546,0.9261495483780775,High
3793,0.9999123811721802,0.10259138841103888,0.6628896594047546,0.8966315055436395,High
3794,0.9999514818191528,0.10124389922183141,0.6628896594047546,0.8971207101300708,High
3795,0.9998573064804077,0.04706787744617702,0.6628896594047546,0.9160399388491145,High
3796,0.999961256980896,0.09993104328497371,0.6628896594047546,0.8975846204516843,High
3797,0.9999039173126221,0.06644932396273662,0.6628896594047546,0.9092774134032796,High
3798,0.9999314546585083,0.02108552465240976,0.6628896594047546,0.9251671409280072,High
3799,0.9999349117279053,0.02200552752803453,0.6628896594047546,0.9248466896423028,High
3800,0.9999270439147949,-0.03536722344060872,0.6628896594047546,0.9325450778007507,High
3801,0.999929666519165,0.08569551075604542,0.6628896594047546,0.9025528411290303,High
3802,0.9999250173568726,0.016181707765064113,0.6628896594047546,0.9268805860133066,High
3803,0.9999725818634033,0.025898674589835524,0.6628896594047546,0.923501045692111,High
3804,0.9999034404754639,0.11322372309125406,0.6628896594047546,0.8929061650920417,High
3805,0.9999498128890991,0.10220037357877204,0.6628896594047546,0.8967851990470819,High
3806,0.9999592304229736,0.07513548367270384,0.6628896594047546,0.9062621424439848,High
3807,0.9999592304229736,0.1037248917047433,0.6628896594047546,0.8962558496327709,High
3808,0.9999755620956421,-0.002106890196709399,0.6628896594047546,0.9325669229030609,High
3809,0.9999592304229736,0.0831019215192993,0.6628896594047546,0.9034738891976763,High
3810,0.9998676776885986,0.046432332600040316,0.6628896594047546,0.9162670585098772,High
3811,0.9999338388442993,0.02200552752803453,0.6628896594047546,0.9248462128051446,High
3812,0.999950647354126,0.10079056284636984,0.6628896594047546,0.8972790202336136,High
3813,0.9999281167984009,0.024293735784051473,0.6628896594047546,0.9240427769158133,High
3814,0.999961256980896,0.10045278747202369,0.6628896594047546,0.8974020099862169,High
3815,0.9999362230300903,0.026573959468920494,0.6628896594047546,0.9232483345094403,High
3816,0.9999039173126221,0.09156863581606894,0.6628896594047546,0.9004856542546132,High
3817,0.9999527931213379,0.07534463753445275,0.6628896594047546,0.906186047767101,High
3818,0.9999314546585083,0.012930616894656799,0.6628896594047546,0.9280213586432208,High
3819,0.999961256980896,0.10165625292775587,0.6628896594047546,0.8969807970767106,High
3820,0.9999146461486816,-0.004101399557702501,0.6628896594047546,0.9325395047664642,High
3821,0.9695432186126709,0.12378830361806692,0.6628896594047546,0.8755464620694003,High
3822,0.9999039173126221,0.08178333088420431,0.6628896594047546,0.9039105109807658,High
3823,0.8714784979820251,0.17848052450782365,0.6628896594047546,0.8122750515334983,High
3824,0.9999426603317261,0.08433740821964036,0.6628896594047546,0.9030340182719601,High
3825,0.9999592304229736,0.1037248917047433,0.6628896594047546,0.8962558496327709,High
3826,0.9999039173126221,0.08178333088420431,0.6628896594047546,0.9039105109807658,High
3827,0.6808423399925232,0.13915032788130405,0.6628896594047546,0.7402543671388977,High
3828,0.9999630451202393,0.06499675896845392,0.6628896594047546,0.9098124246251708,High
3829,0.9999494552612305,0.07557030446782831,0.6628896594047546,0.9061055742243002,High
3830,0.9996998310089111,0.03420696380871413,0.6628896594047546,0.9204704185019109,High
3831,0.9998534917831421,0.040948029605601066,0.6628896594047546,0.9181801868609399,High
3832,0.9999592304229736,0.07608790951159572,0.6628896594047546,0.9059287934003727,High
3833,0.9999663829803467,0.025898674589835524,0.6628896594047546,0.9234982442738066,High
3834,0.9999542236328125,0.07513548367270384,0.6628896594047546,0.9062599072698058,High
3835,0.9999203681945801,0.025288893562192882,0.6628896594047546,0.9236909848217444,High
3836,0.9998745918273926,0.04119131184621039,0.6628896594047546,0.9181045152152459,High
3837,0.9998812675476074,0.0823247805803799,0.6628896594047546,0.9037108111928478,High
3838,0.9999556541442871,0.09873670186193118,0.6628896594047546,0.8980001067523463,High
3839,0.9999533891677856,0.06353531798265732,0.6628896594047546,0.9103195778311309,High
3840,0.9999504089355469,0.08494946811012583,0.6628896594047546,0.9028232841820095,High
3841,0.9999028444290161,0.04821322938387018,0.6628896594047546,0.9156595696687246,High
3842,0.999919056892395,0.024293735784051473,0.6628896594047546,0.9240386939976462,High
3843,0.9999525547027588,0.10290793200746173,0.6628896594047546,0.8965388052945807,High
3844,0.999947190284729,0.0760204544152322,0.6628896594047546,0.9059470084637476,High
3845,0.9999592304229736,0.10424251638003301,0.6628896594047546,0.8960746809964196,High
3846,0.9988320469856262,0.12785817316363307,0.6628896594047546,0.8873019953974434,High
3847,0.9999630451202393,0.10300991263728532,0.6628896594047546,0.8965078208410797,High
3848,0.9999593496322632,0.10176421785760131,0.6628896594047546,0.8969421450839155,High
3849,0.9999041557312012,0.03942074294004627,0.6628896594047546,0.9187375359705107,High
3850,0.7285869717597961,0.12414672215100075,0.6628896594047546,0.7669907194002411,High
3851,0.9999604225158691,0.113152806951553,0.6628896594047546,0.8929566157381905,High
3852,0.999908447265625,0.0831748532195477,0.6628896594047546,0.9034255345236405,High
3853,0.9999512434005737,0.10918514622914327,0.6628896594047546,0.8943411842705444,High
3854,0.9999300241470337,0.09376261655156698,0.6628896594047546,0.8997295031122097,High
3855,0.9998797178268433,0.08369810703214042,0.6628896594047546,0.9032294614813167,High
3856,0.9999498128890991,0.07131022305843882,0.6628896594047546,0.9075967517291984,High
3857,0.9988666772842407,0.05478496980571579,0.6628896594047546,0.9128931733850008,High
3858,0.999948263168335,0.10025477551222889,0.6628896594047546,0.897465472916957,High
3859,0.9998676776885986,0.08178333088420431,0.6628896594047546,0.9038942091104197,High
3860,0.9999203681945801,0.025789468306858798,0.6628896594047546,0.9235157836611113,High
3861,0.9995933175086975,0.06260788051231425,0.6628896594047546,0.910482145718929,High
3862,0.9999661445617676,0.11034876563195156,0.6628896594047546,0.8939406230020989,High
3863,0.9999300241470337,0.08535802515191715,0.6628896594047546,0.9026711101020871,High
3864,0.9999403953552246,0.039019422818286076,0.6628896594047546,0.9188942998834729,High
3865,0.9999326467514038,0.057414577584075754,0.6628896594047546,0.9124525088437271,High
3866,0.9999362230300903,0.0301529138154214,0.6628896594047546,0.921995700488165,High
3867,0.9999250173568726,0.0220016071904775,0.6628896594047546,0.9248436212144119,High
3868,0.9999592304229736,0.1037248917047433,0.6628896594047546,0.8962558496327709,High
3869,0.9998810291290283,0.08290478099030651,0.6628896594047546,0.9035077216424063,High
3870,0.9999494552612305,0.0660499053387964,0.6628896594047546,0.9094377139194614,High
3871,0.9999245405197144,0.08569551075604542,0.6628896594047546,0.9025505463502065,High
3872,0.9999046325683594,0.025539237381528523,0.6628896594047546,0.9235962715322487,High
3873,0.9999349117279053,0.02200552752803453,0.6628896594047546,0.9248466896423028,High
3874,0.9999039173126221,0.08750569255693358,0.6628896594047546,0.9019076843953107,High
3875,0.9796456694602966,0.19963561510995997,0.6628896594047546,0.8535460089089016,High
3876,0.9999630451202393,0.10810065314203254,0.6628896594047546,0.8947260616644183,High
3877,0.9999362230300903,0.022590337161736973,0.6628896594047546,0.9246426023169546,High
3878,0.9999592304229736,0.07513548367270384,0.6628896594047546,0.9062621424439848,High
3879,0.9999592304229736,0.1037248917047433,0.6628896594047546,0.8962558496327709,High
3880,0.9999438524246216,0.1037248917047433,0.6628896594047546,0.896248935493977,High
3881,0.9999438524246216,0.07513548367270384,0.6628896594047546,0.9062552283051909,High
3882,0.9994271993637085,0.0739189431394347,0.6628896594047546,0.9064485295748886,High
3883,0.999948263168335,0.09781790516021432,0.6628896594047546,0.8983183775401621,High
3884,0.9999327659606934,0.02200552752803453,0.6628896594047546,0.9248457359679864,High
3885,0.9999362230300903,0.02326768152912473,0.6628896594047546,0.9244055317883689,High
3886,0.999908447265625,0.09513936429693681,0.6628896594047546,0.8992379556465543,High
3887,0.999948263168335,0.10124389922183141,0.6628896594047546,0.8971192796185962,High
3888,0.999947190284729,0.07817819442376694,0.6628896594047546,0.9051917994607604,High
3889,0.9999362230300903,0.018903944526362015,0.6628896594047546,0.9259328397393359,High
3890,0.9999755620956421,0.025898674589835524,0.6628896594047546,0.9235023867966184,High
3891,0.9991939663887024,-0.0073968670915099954,0.6628896594047546,0.9322151958942413,High
3892,0.9999287128448486,0.09569062478397755,0.6628896594047546,0.8990541339867407,High
3893,0.9999337196350098,0.012930616894656799,0.6628896594047546,0.928022371922182,High
3894,0.9999334812164307,0.06531535271938638,0.6628896594047546,0.9096876249765594,High
3895,0.9998397827148438,0.040877655348477426,0.6628896594047546,0.9181986487701991,High
3896,0.9991124272346497,0.006759533498857495,0.6628896594047546,0.9298126725107819,High
3897,0.966693103313446,0.17453072789975077,0.6628896594047546,0.8565040706268566,High
3898,0.9999527931213379,0.10290793200746173,0.6628896594047546,0.8965388947015479,High
3899,0.9999363422393799,0.12259832113345537,0.6628896594047546,0.8896398675314979,High
3900,0.9999041557312012,0.039664713919484895,0.6628896594047546,0.9186521461277072,High
3901,0.9999592304229736,0.10487307168345145,0.6628896594047546,0.8958539866402232,High
3902,0.8393880128860474,0.1822829755529382,0.6628896594047546,0.7965034783547503,High
3903,0.9999349117279053,0.02225735200043255,0.6628896594047546,0.9247585510769635,High
3904,0.9999359846115112,0.12794663828935793,0.6628896594047546,0.8877677777129978,High
3905,0.9999279975891113,0.0921945847408655,0.6628896594047546,0.9002774201762836,High
3906,0.9998501539230347,0.0823960210887788,0.6628896594047546,0.903671869923386,High
3907,0.9999558925628662,0.11080637602789095,0.6628896594047546,0.8937758400035499,High
3908,0.9999501705169678,0.0765226964066894,0.6628896594047546,0.905772564871245,High
3909,0.9999474287033081,0.1037248917047433,0.6628896594047546,0.8962505448193859,High
3910,0.9999548196792603,0.10315920376693888,0.6628896594047546,0.8964518734577249,High
3911,0.999961256980896,0.0828915601100576,0.6628896594047546,0.903548439562905,High
3912,0.9999611377716064,0.07608228694092056,0.6628896594047546,0.9059316255674582,High
3913,0.9999327659606934,0.02200552752803453,0.6628896594047546,0.9248457359679864,High
3914,0.9999327659606934,0.024767479956147254,0.6628896594047546,0.923879052618147,High
3915,0.9999542236328125,0.07513548367270384,0.6628896594047546,0.9062599072698058,High
3916,0.9999592304229736,0.07513548367270384,0.6628896594047546,0.9062621424439848,High
3917,0.9999501705169678,0.10588015462806716,0.6628896594047546,0.8954974544937628,High
3918,0.9998977184295654,0.0460258336765611,0.6628896594047546,0.9164228633874589,High
3919,0.999961256980896,0.06297344376166225,0.6628896594047546,0.9105197802848434,High
3920,0.9802795648574829,0.17832001560235983,0.6628896594047546,0.8612917067641342,High
3921,0.9997290968894958,0.1515927608051872,0.6628896594047546,0.8793985621796407,High
3922,0.999961256980896,0.10124389922183141,0.6628896594047546,0.8971251208737842,High
3923,0.9999630451202393,0.10189454144534565,0.6628896594047546,0.8968982007582587,High
3924,0.999947190284729,0.07571791056567134,0.6628896594047546,0.906052898811094,High
3925,0.9999488592147827,0.047694946563431206,0.6628896594047546,0.9158616812699377,High
3926,0.999940037727356,0.08626910693120604,0.6628896594047546,0.902356761432339,High
3927,0.9999592304229736,0.10424251638003301,0.6628896594047546,0.8960746809964196,High
3928,0.9999513626098633,0.1009739031148299,0.6628896594047546,0.8972151789651989,High
3929,0.9999550580978394,0.1009739031148299,0.6628896594047546,0.8972168180929302,High
3930,0.9999207258224487,0.028859695071885683,0.6628896594047546,0.9224413533049639,High
3931,0.9999611377716064,0.07608790951159572,0.6628896594047546,0.9059296576677219,High
3932,0.9998923540115356,0.09172577264539877,0.6628896594047546,0.9004254707602523,High
3933,0.9648230671882629,0.17785337357302516,0.6628896594047546,0.8544996164639492,High
3934,0.9999300241470337,0.09376261655156698,0.6628896594047546,0.8997295031122097,High
3935,0.9999336004257202,0.09608493651603217,0.6628896594047546,0.8989183004500558,High
3936,0.9999592304229736,0.07513548367270384,0.6628896594047546,0.9062621424439848,High
3937,0.9999592304229736,0.08077951896251956,0.6628896594047546,0.9042867300925493,High
3938,0.9999592304229736,0.07513548367270384,0.6628896594047546,0.9062621424439848,High
3939,0.9999349117279053,0.02124638785554167,0.6628896594047546,0.9251123885276752,High
3940,0.9999159574508667,0.039664713919484895,0.6628896594047546,0.9186574509410922,High
3941,0.9999498128890991,0.08786268333513442,0.6628896594047546,0.901803390632355,High
3942,0.999961256980896,0.10256676098526402,0.6628896594047546,0.8966621192565827,High
3943,0.9999685287475586,-0.002106890196709399,0.6628896594047546,0.9325637638568878,High
3944,0.999967098236084,0.07822665136711138,0.6628896594047546,0.9051837802273063,High
3945,0.9999316930770874,0.023289433433239304,0.6628896594047546,0.9243958920640064,High
3946,0.9998961687088013,0.04898468234917441,0.6628896594047546,0.915386551096307,High
3947,0.9999762773513794,0.026878414106785375,0.6628896594047546,0.9231598057912322,High
3948,0.9999524354934692,0.07644697912941978,0.6628896594047546,0.9058000791972506,High
3949,0.9995260238647461,-0.002757699189716134,0.6628896594047546,0.9323646247386932,High
3950,0.9998676776885986,0.08178333088420431,0.6628896594047546,0.9038942091104197,High
3951,0.9999762773513794,0.026878414106785375,0.6628896594047546,0.9231598057912322,High
3952,0.9999725818634033,0.025898674589835524,0.6628896594047546,0.923501045692111,High
3953,0.999948263168335,0.10124389922183141,0.6628896594047546,0.8971192796185962,High
3954,0.9999349117279053,0.02200552752803453,0.6628896594047546,0.9248466896423028,High
3955,0.9999061822891235,0.026178764579917302,0.6628896594047546,0.9233731224662275,High
3956,0.9999592304229736,0.07513548367270384,0.6628896594047546,0.9062621424439848,High
3957,0.999894380569458,0.0460258336765611,0.6628896594047546,0.9164213434690172,High
3958,0.9999630451202393,0.10189454144534565,0.6628896594047546,0.8968982007582587,High
3959,0.9999504089355469,0.0765226964066894,0.6628896594047546,0.9057726542782122,High
3960,0.999961256980896,0.10124389922183141,0.6628896594047546,0.8971251208737842,High
3961,0.9999762773513794,0.026513122230464647,0.6628896594047546,0.9232876579479444,High
3962,0.9999630451202393,0.11252368877606556,0.6628896594047546,0.8931779991925067,High
3963,0.9999762773513794,0.026878414106785375,0.6628896594047546,0.9231598057912322,High
3964,0.9999758005142212,0.01139080454449204,0.6628896594047546,0.9285802605217782,High
3965,0.9999061822891235,0.026178764579917302,0.6628896594047546,0.9233731224662275,High
3966,0.9998859167098999,0.08235390755722838,0.6628896594047546,0.903702702913518,High
3967,0.9999542236328125,0.07513548367270384,0.6628896594047546,0.9062599072698058,High
3968,0.999948263168335,0.10124389922183141,0.6628896594047546,0.8971192796185962,High
3969,0.9999275207519531,0.02544862487540478,0.6628896594047546,0.9236382975129381,High
3970,0.9999022483825684,0.05540309531854937,0.6628896594047546,0.9131428483706855,High
3971,0.9999630451202393,0.10257467306861268,0.6628896594047546,0.8966601546901152,High
3972,0.9998812675476074,0.09084776637854935,0.6628896594047546,0.9007277661634885,High
3973,0.9999338388442993,0.02200552752803453,0.6628896594047546,0.9248462128051446,High
3974,0.999948263168335,0.10124389922183141,0.6628896594047546,0.8971192796185962,High
3975,0.9999517202377319,0.06244005333957947,0.6628896594047546,0.9107021753981485,High
3976,0.9999203681945801,0.026183146223587195,0.6628896594047546,0.9233779963902564,High
3977,0.9999762773513794,0.026878414106785375,0.6628896594047546,0.9231598057912322,High
3978,0.9999696016311646,0.026039317128246142,0.6628896594047546,0.9234504796991598,High
3979,0.9999580383300781,0.09452444672337806,0.6628896594047546,0.8994754689344459,High
3980,0.99992835521698,0.02826058516690333,0.6628896594047546,0.9226544690387822,High
3981,0.9997279047966003,0.015092478354122307,0.6628896594047546,0.9271731245957106,High
3982,0.9999041557312012,0.03942074294004627,0.6628896594047546,0.9187375359705107,High
3983,0.9999039173126221,0.08178333088420431,0.6628896594047546,0.9039105109807658,High
3984,0.9999562501907349,0.10767516787745651,0.6628896594047546,0.8948719118678138,High
3985,0.9999501705169678,0.10588015462806716,0.6628896594047546,0.8954974544937628,High
3986,0.9999592304229736,0.1037248917047433,0.6628896594047546,0.8962558496327709,High
3987,0.9999336004257202,0.09354745443487933,0.6628896594047546,0.8998064191784593,High
3988,0.9999312162399292,0.006426905664785765,0.6628896594047546,0.9302975383643861,High
3989,0.9999098777770996,0.06901820721543006,0.6628896594047546,0.9083809864738518,High
3990,0.9999592304229736,0.07513548367270384,0.6628896594047546,0.9062621424439848,High
3991,0.9999333620071411,0.0740837719559716,0.6628896594047546,0.9066186186391099,High
3992,0.9999403953552246,0.02421376264258679,0.6628896594047546,0.9240762809449676,High
3993,0.9996181726455688,-0.02415576096500982,0.6628896594047546,0.9324061095714569,High
3994,0.9999392032623291,0.07440531067785772,0.6628896594047546,0.9065087026908198,High
3995,0.9999545812606812,0.11374109926197684,0.6628896594047546,0.892748090825172,High
3996,0.9999450445175171,0.065444234535051,0.6628896594047546,0.9096477019451723,High
3997,0.9999362230300903,0.02011022859387024,0.6628896594047546,0.925510640315708,High
3998,0.99992835521698,0.024042830045105545,0.6628896594047546,0.9241306833314115,High
3999,0.9999362230300903,0.02644903506010421,0.6628896594047546,0.9232920580525261,High
4000,0.9999314546585083,0.019837819791588607,0.6628896594047546,0.9256038376292947,High
4001,0.9999592304229736,0.1037248917047433,0.6628896594047546,0.8962558496327709,High
4002,0.999961256980896,0.10124389922183141,0.6628896594047546,0.8971251208737842,High
4003,0.9999592304229736,0.1037248917047433,0.6628896594047546,0.8962558496327709,High
4004,0.9999270439147949,-0.03392079873458942,0.6628896594047546,0.9325450778007507,High
4005,0.9999066591262817,0.09676601352446795,0.6628896594047546,0.898667823754214,High
4006,0.9999643564224243,0.059836516007143015,0.6628896594047546,0.9116191057080772,High
4007,0.9999362230300903,0.025485341745251966,0.6628896594047546,0.9236293507127243,High
4008,0.9999592304229736,0.07481040928788818,0.6628896594047546,0.9063759184786703,High
4009,0.9997101426124573,0.08429635311162381,0.6628896594047546,0.9029437516058626,High
4010,0.9999592304229736,0.07513548367270384,0.6628896594047546,0.9062621424439848,High
4011,0.999908447265625,0.0831748532195477,0.6628896594047546,0.9034255345236405,High
4012,0.9999446868896484,0.11619670288924333,0.6628896594047546,0.8918841890095931,High
4013,0.9999755620956421,0.025898674589835524,0.6628896594047546,0.9235023867966184,High
4014,0.9999604225158691,0.08360789035747884,0.6628896594047546,0.9032973365461164,High
4015,0.9999294281005859,0.023540678920781488,0.6628896594047546,0.9243069130620831,High
4016,0.9999592304229736,0.1037248917047433,0.6628896594047546,0.8962558496327709,High
4017,0.9996274709701538,0.006156152443107743,0.6628896594047546,0.9302556285415035,High
4018,0.999970555305481,0.02650080607224803,0.6628896594047546,0.9232893758012726,High
4019,0.9999550580978394,0.10613517560394492,0.6628896594047546,0.89541037272174,High
4020,0.9999521970748901,0.017774278955766776,0.6628896594047546,0.9263354050487397,High
4021,0.999970555305481,0.02746404808349201,0.6628896594047546,0.9229522410973372,High
4022,0.9999592304229736,0.07513548367270384,0.6628896594047546,0.9062621424439848,High
4023,0.9999573230743408,0.10424251638003301,0.6628896594047546,0.8960738465313928,High
4024,0.9999611377716064,0.07709777929966533,0.6628896594047546,0.9055762032418975,High
4025,0.9999545812606812,0.0975924881468126,0.6628896594047546,0.8984001047154796,High
4026,0.9999514818191528,0.09781790516021432,0.6628896594047546,0.8983198080516367,High
4027,0.9999611377716064,0.07728110914666086,0.6628896594047546,0.905512037795449,High
4028,0.9999496936798096,0.060756912361879856,0.6628896594047546,0.9112903508683493,High
4029,0.9999514818191528,0.10129540780623902,0.6628896594047546,0.897102682125528,High
4030,0.9999039173126221,0.08178333088420431,0.6628896594047546,0.9039105109807658,High
4031,0.9999592304229736,0.07608790951159572,0.6628896594047546,0.9059287934003727,High
4032,0.999961256980896,0.10229568445459652,0.6628896594047546,0.8967569960423164,High
4033,0.9999592304229736,0.08275417048175582,0.6628896594047546,0.9035956020608166,High
4034,0.9999727010726929,0.027339324437905765,0.6628896594047546,0.9229968778499312,High
4035,0.999948263168335,0.10124389922183141,0.6628896594047546,0.8971192796185962,High
4036,0.9993079900741577,0.004607220132485712,0.6628896594047546,0.930653988447023,High
4037,0.9999078512191772,0.03978665814855176,0.6628896594047546,0.9186111345775875,High
4038,0.9999039173126221,0.08178333088420431,0.6628896594047546,0.9039105109807658,High
4039,0.9999039173126221,0.07938850505961015,0.6628896594047546,0.9047487000193738,High
4040,0.9999525547027588,0.10290793200746173,0.6628896594047546,0.8965388052945807,High
4041,0.9999068975448608,0.057341152423618924,0.6628896594047546,0.9124666145464783,High
4042,0.9999374151229858,0.09177374002962208,0.6628896594047546,0.9004289477549978,High
4043,0.9999366998672485,0.06974868097193576,0.6628896594047546,0.9081373905996418,High
4044,0.9999611377716064,0.1058744867988024,0.6628896594047546,0.8955043556171994,High
4045,0.9999501705169678,0.06461761607477601,0.6628896594047546,0.9099393429874149,High
4046,0.9999663829803467,0.028959978957524557,0.6628896594047546,0.9224267877451154,High
4047,0.9999592304229736,0.07513548367270384,0.6628896594047546,0.9062621424439848,High
4048,0.9999474287033081,0.07513548367270384,0.6628896594047546,0.9062568376305998,High
4049,0.9999501705169678,0.057761305418974174,0.6628896594047546,0.9123390517169454,High
4050,0.9999592304229736,0.07513548367270384,0.6628896594047546,0.9062621424439848,High
4051,0.9999438524246216,0.07513548367270384,0.6628896594047546,0.9062552283051909,High
4052,0.9999406337738037,0.1013335221665771,0.6628896594047546,0.8970844843208606,High
4053,0.999961256980896,0.10124389922183141,0.6628896594047546,0.8971251208737842,High
4054,0.9999445676803589,0.0921945847408655,0.6628896594047546,0.9002848707568806,High
4055,0.9998914003372192,0.09540433770847057,0.6628896594047546,0.8991375259533414,High
4056,0.9999039173126221,0.0802254313535884,0.6628896594047546,0.9044557758164814,High
4057,0.9999438524246216,0.1037248917047433,0.6628896594047546,0.896248935493977,High
4058,0.9999103546142578,0.09648761353183671,0.6628896594047546,0.8987669028793662,High
4059,0.9999510049819946,0.10588015462806716,0.6628896594047546,0.8954978121216315,High
4060,0.9999203681945801,0.025539237381528523,0.6628896594047546,0.9236033644849769,High
4061,0.9999592304229736,0.07513548367270384,0.6628896594047546,0.9062621424439848,High
4062,0.9999755620956421,0.025898674589835524,0.6628896594047546,0.9235023867966184,High
4063,0.9999587535858154,0.07919567055009169,0.6628896594047546,0.9048408684206423,High
4064,0.9989506006240845,0.0738861287241086,0.6628896594047546,0.9062455571083509,High
4065,0.9999041557312012,0.040450314552696987,0.6628896594047546,0.918377185906083,High
4066,0.999961256980896,0.10189454144534565,0.6628896594047546,0.8968973960955542,High
4067,0.9999314546585083,0.0006075058050638571,0.6628896594047546,0.9323344475245784,High
4068,0.9999003410339355,0.11586859193314036,0.6628896594047546,0.8919790602882293,High
4069,0.9999510049819946,0.10557864695710895,0.6628896594047546,0.8956033398064669,High
4070,0.9999663829803467,0.025898674589835524,0.6628896594047546,0.9234982442738066,High
4071,0.9999755620956421,0.025898674589835524,0.6628896594047546,0.9235023867966184,High
4072,0.9999587535858154,0.07996808374635112,0.6628896594047546,0.9045705238019516,High
4073,0.9999159574508667,0.040030464116393105,0.6628896594047546,0.9185294383721744,High
4074,0.9999362230300903,0.02023658242472892,0.6628896594047546,0.9254664164749075,High
4075,0.9999663829803467,0.03319889811383625,0.6628896594047546,0.9209431660404063,High
4076,0.9999527931213379,0.07501969770611927,0.6628896594047546,0.9062997767070178,High
4077,0.9999046325683594,0.040328520014122904,0.6628896594047546,0.9184200226108407,High
4078,0.9998880624771118,0.0846102996981617,0.6628896594047546,0.9029139491408301,High
4079,0.9999762773513794,0.027118086352215576,0.6628896594047546,0.9230759205053317,High
4080,0.9999294281005859,0.023540678920781488,0.6628896594047546,0.9243069130620831,High
4081,0.9999598264694214,0.08705932116780057,0.6628896594047546,0.9020890675416023,High
4082,0.9998921155929565,0.03978665814855176,0.6628896594047546,0.9186040416248592,High
4083,0.9999611377716064,0.07608790951159572,0.6628896594047546,0.9059296576677219,High
4084,0.9999520778656006,0.06373521247770864,0.6628896594047546,0.9102490187114153,High
4085,0.9999316930770874,0.023289433433239304,0.6628896594047546,0.9243958920640064,High
4086,0.9999592304229736,0.07513548367270384,0.6628896594047546,0.9062621424439848,High
4087,0.999894380569458,0.10415474005860814,0.6628896594047546,0.8960762262353007,High
4088,0.9999592304229736,0.07513548367270384,0.6628896594047546,0.9062621424439848,High
4089,0.99994957447052,0.1037248917047433,0.6628896594047546,0.8962515282960247,High
4090,0.9999327659606934,0.02200552752803453,0.6628896594047546,0.9248457359679864,High
4091,0.9998977184295654,0.11432503729568849,0.6628896594047546,0.8925181421207643,High
4092,0.9999504089355469,0.0765226964066894,0.6628896594047546,0.9057726542782122,High
4093,0.9999349117279053,0.02225735200043255,0.6628896594047546,0.9247585510769635,High
4094,0.999863862991333,0.0806291463522969,0.6628896594047546,0.9042964451618889,High
4095,0.9999611377716064,0.07693350224557005,0.6628896594047546,0.9056337002108309,High
4096,0.9999611377716064,0.07608228694092056,0.6628896594047546,0.9059316255674582,High
4097,0.9999516010284424,0.08749912923906561,0.6628896594047546,0.9019314392286836,High
4098,0.999948263168335,0.10124389922183141,0.6628896594047546,0.8971192796185962,High
4099,0.999950647354126,0.0714500989233986,0.6628896594047546,0.9075481826066536,High
4100,0.9999592304229736,0.07513548367270384,0.6628896594047546,0.9062621424439848,High
4101,0.9999611377716064,0.10487307168345145,0.6628896594047546,0.8958548509075724,High
4102,0.9998844861984253,0.0926522561266761,0.6628896594047546,0.9000976550654411,High
4103,0.9999206066131592,0.021517125807573922,0.6628896594047546,0.9250111929428282,High
4104,0.9999438524246216,0.07513548367270384,0.6628896594047546,0.9062552283051909,High
4105,0.9999630451202393,0.10251804291562139,0.6628896594047546,0.8966799752436622,High
4106,0.9999611377716064,0.07619601888556404,0.6628896594047546,0.9058918193868329,High
4107,0.99993896484375,0.10102825731399612,0.6628896594047546,0.8971905521588818,High
4108,0.9999592304229736,0.1037248917047433,0.6628896594047546,0.8962558496327709,High
4109,0.9989738464355469,0.06066195695430043,0.6628896594047546,0.9108844778429418,High
4110,0.999947190284729,0.07571791056567134,0.6628896594047546,0.906052898811094,High
4111,0.9999477863311768,0.0787652663135977,0.6628896594047546,0.9049865925202213,High
4112,0.9999016523361206,0.05712865660251665,0.6628896594047546,0.9125386337003955,High
4113,0.9999663829803467,0.025898674589835524,0.6628896594047546,0.9234982442738066,High
4114,0.9999362230300903,0.019157167675703746,0.6628896594047546,0.9258442116370663,High
4115,0.999941349029541,0.06974868097193576,0.6628896594047546,0.908139476762209,High
4116,0.9999524354934692,0.1058744867988024,0.6628896594047546,0.8955004515129666,High
4117,0.9998880624771118,0.05085865133972556,0.6628896594047546,0.9147270260662828,High
4118,0.9999589920043945,0.09134942265957174,0.6628896594047546,0.9005871743916138,High
4119,0.9999362230300903,0.019983846263373684,0.6628896594047546,0.9255548741313818,High
4120,0.9904154539108276,0.17714133939106658,0.6628896594047546,0.8662653994725565,High
4121,0.9999611377716064,0.10568466307366553,0.6628896594047546,0.8955707939209975,High
4122,0.9994767308235168,0.006654565487165587,0.6628896594047546,0.9300133538903288,High
4123,0.9999535083770752,0.10176421785760131,0.6628896594047546,0.8969395224795453,High
4124,0.9994966983795166,0.051352116233905454,0.6628896594047546,0.9143781816280085,High
4125,0.9998155236244202,-0.005936325271728604,0.6628896594047546,0.9324949204921722,High
4126,0.9999514818191528,0.06455910528819442,0.6628896594047546,0.9099603880068438,High
4127,0.9999039173126221,0.07125733916473187,0.6628896594047546,0.9075946080825813,High
4128,0.9999630451202393,0.1022642721093956,0.6628896594047546,0.8967687950258411,High
4129,0.9999592304229736,0.10791485217308977,0.6628896594047546,0.8947893634688496,High
4130,0.9999039173126221,0.08178333088420431,0.6628896594047546,0.9039105109807658,High
4131,0.999961256980896,0.10124389922183141,0.6628896594047546,0.8971251208737842,High
4132,0.9999592304229736,0.07513548367270384,0.6628896594047546,0.9062621424439848,High
4133,0.9997313618659973,0.014563019469018279,0.6628896594047546,0.927359984926261,High
4134,0.9999438524246216,0.1037248917047433,0.6628896594047546,0.896248935493977,High
4135,0.9999427795410156,0.05873199682282548,0.6628896594047546,0.9119959718654901,High
4136,0.9999611377716064,0.07517925947003734,0.6628896594047546,0.9062476851822673,High
4137,0.999961256980896,0.10124389922183141,0.6628896594047546,0.8971251208737842,High
4138,0.999961256980896,0.10111815917877309,0.6628896594047546,0.8971691298888546,High
4139,0.999948263168335,0.10124389922183141,0.6628896594047546,0.8971192796185962,High
4140,0.9999611377716064,0.10867169436420232,0.6628896594047546,0.8945253329693096,High
4141,0.9997618794441223,0.07763088977872068,0.6628896594047546,0.9052999691884859,High
4142,0.9999611377716064,0.10487307168345145,0.6628896594047546,0.8958548509075724,High
4143,0.9999592304229736,0.07513548367270384,0.6628896594047546,0.9062621424439848,High
4144,0.9999592304229736,0.1037248917047433,0.6628896594047546,0.8962558496327709,High
4145,0.9999209642410278,0.09478226485689656,0.6628896594047546,0.8993685730894997,High
4146,0.9999630451202393,0.10189454144534565,0.6628896594047546,0.8968982007582587,High
4147,0.9999067783355713,0.09419739616385914,0.6628896594047546,0.8995668696327493,High
4148,0.9999592304229736,0.07513548367270384,0.6628896594047546,0.9062621424439848,High
4149,0.9999362230300903,0.018523895578789973,0.6628896594047546,0.9260658568709861,High
4150,0.9999579191207886,0.0640490931734976,0.6628896594047546,0.9101418128745816,High
4151,0.999908447265625,0.0823247805803799,0.6628896594047546,0.9037230599473491,High
4152,0.9992746710777283,-0.006758581983452805,0.6628896594047546,0.9322515249252319,High
4153,0.9999110698699951,0.061085151050803144,0.6628896594047546,0.9111580925732742,High
4154,0.99992835521698,0.03622538243623141,0.6628896594047546,0.9198667899945174,High
4155,0.9999039173126221,0.046891853333552946,0.6628896594047546,0.9161225281234938,High
4156,0.9965542554855347,0.07496773198975193,0.6628896594047546,0.9047886287320993,High
4157,0.9999604225158691,0.13242489832023935,0.6628896594047546,0.8862113837591503,High
4158,0.9996916055679321,0.06054229403949607,0.6628896594047546,0.9112493276308388,High
4159,0.999947190284729,0.10517700023479493,0.6628896594047546,0.8957422174269006,High
4160,0.999931812286377,0.04679888069625304,0.6628896594047546,0.916167615324274,High
4161,0.9999349117279053,0.02200552752803453,0.6628896594047546,0.9248466896423028,High
4162,0.9999611377716064,0.1058744867988024,0.6628896594047546,0.8955043556171994,High
4163,0.999962329864502,0.11075293504270639,0.6628896594047546,0.8937974351736361,High
4164,0.9999376535415649,0.10018639835452031,0.6628896594047546,0.897484636550573,High
4165,0.9999561309814453,0.11105221792318537,0.6628896594047546,0.8936899145494864,High
4166,0.9999417066574097,0.017979185618183013,0.6628896594047546,0.9262589789499567,High
4167,0.9999300241470337,0.08569551075604542,0.6628896594047546,0.9025529901406423,High
4168,0.9999663829803467,0.025898674589835524,0.6628896594047546,0.9234982442738066,High
4169,0.9999281167984009,0.024293735784051473,0.6628896594047546,0.9240427769158133,High
4170,0.9999419450759888,0.08433740821964036,0.6628896594047546,0.9030336904464138,High
4171,0.9999488592147827,0.0765226964066894,0.6628896594047546,0.9057719688247973,High
4172,0.999894380569458,0.10415474005860814,0.6628896594047546,0.8960762262353007,High
4173,0.9999501705169678,0.09706763475670505,0.6628896594047546,0.8985818364487396,High
4174,0.9999592304229736,0.1107892911591607,0.6628896594047546,0.8937833098237249,High
4175,0.9999291896820068,0.029361781816417687,0.6628896594047546,0.9222694376416433,High
4176,0.999954104423523,0.116871109996875,0.6628896594047546,0.8916523784517011,High
4177,0.9999501705169678,0.10376166064880715,0.6628896594047546,0.8962389273865038,High
4178,0.9998331069946289,0.05764211254903717,0.6628896594047546,0.9123280787154419,High
4179,0.9999630451202393,0.0635460459172923,0.6628896594047546,0.9103201741930773,High
4180,0.9999510049819946,0.10612986240401545,0.6628896594047546,0.8954104144000496,High
4181,0.999962568283081,0.1075295554351578,0.6628896594047546,0.8949257372455676,High
4182,0.999961256980896,0.07901098558272035,0.6628896594047546,0.904906640647473,High
4183,0.9999488592147827,0.06714329798380025,0.6628896594047546,0.9090547582728085,High
4184,0.99994957447052,0.07780773325145096,0.6628896594047546,0.9053225337546771,High
4185,0.9999291896820068,0.02913160702218498,0.6628896594047546,0.9223499988196248,High
4186,0.9999039173126221,0.08178333088420431,0.6628896594047546,0.9039105109807658,High
4187,0.999894380569458,0.10415474005860814,0.6628896594047546,0.8960762262353007,High
4188,0.999961256980896,0.10124389922183141,0.6628896594047546,0.8971251208737842,High
4189,0.4475899040699005,0.15647324487048264,0.6628896594047546,0.6292277455571567,Medium
4190,0.9999592304229736,0.07726137343372175,0.6628896594047546,0.9055180810276285,High
4191,0.9999592304229736,0.1037248917047433,0.6628896594047546,0.8962558496327709,High
4192,0.9999327659606934,0.022131453962649483,0.6628896594047546,0.9248016617158711,High
4193,0.9999561309814453,0.0640490931734976,0.6628896594047546,0.9101410082118772,High
4194,0.9999550580978394,0.06319083782663037,0.6628896594047546,0.9104408909438001,High
4195,0.9999611377716064,0.07608790951159572,0.6628896594047546,0.9059296576677219,High
4196,0.9999755620956421,0.025898674589835524,0.6628896594047546,0.9235023867966184,High
4197,0.9999518394470215,0.08378016715888703,0.6628896594047546,0.9032331951660356,High
4198,0.9999563694000244,0.06986946244675185,0.6628896594047546,0.9081039683732053,High
4199,0.9999290704727173,-0.019164361519013018,0.6628896594047546,0.9325460016727447,High
4200,0.999947190284729,0.10517700023479493,0.6628896594047546,0.8957422174269006,High
4201,0.9999725818634033,0.025898674589835524,0.6628896594047546,0.923501045692111,High
4202,0.9998229146003723,0.002755526219105353,0.6628896594047546,0.9315337943732703,High
4203,0.9999443292617798,0.05197495627811799,0.6628896594047546,0.9143616215095526,High
4204,0.9999592304229736,0.04749985337326568,0.6628896594047546,0.9159346130487881,High
4205,0.9999276399612427,0.030294855418502853,0.6628896594047546,0.9219421466251762,High
4206,0.9999074935913086,0.09966891812392276,0.6628896594047546,0.8976521647722734,High
4207,0.9999504089355469,0.0765226964066894,0.6628896594047546,0.9057726542782122,High
4208,0.9999117851257324,0.03978665814855176,0.6628896594047546,0.9186128929146083,High
4209,0.9998666048049927,-0.011641696450037764,0.6628896594047546,0.9325178980827331,High
4210,0.9999039173126221,0.08178333088420431,0.6628896594047546,0.9039105109807658,High
4211,0.999936580657959,0.0471626517181134,0.6628896594047546,0.9160424412338348,High
4212,0.9999492168426514,0.08449362503638641,0.6628896594047546,0.9029822928160153,High
4213,0.9999663829803467,0.025898674589835524,0.6628896594047546,0.9234982442738066,High
4214,0.9999290704727173,-0.026719325427119966,0.6628896594047546,0.9325460016727447,High
4215,0.999931812286377,0.09409126001762846,0.6628896594047546,0.8996152825617926,High
4216,0.9999362230300903,0.02124638785554167,0.6628896594047546,0.9251129845741229,High
4217,0.9987180233001709,0.15831872104704048,0.6628896594047546,0.8765894840390992,High
4218,0.999931812286377,0.09483373720722715,0.6628896594047546,0.8993554155454331,High
4219,0.999908447265625,0.09055804183827776,0.6628896594047546,0.9008414185070849,High
4220,0.999947190284729,0.076096473059302,0.6628896594047546,0.9059204019383232,High
4221,0.9999487400054932,0.08455276655984356,0.6628896594047546,0.9029613846665486,High
4222,0.9999393224716187,0.08433740821964036,0.6628896594047546,0.9030325281558407,High
4223,0.9999536275863647,0.1058744867988024,0.6628896594047546,0.8955009879547696,High
4224,0.999731719493866,-0.0030157694091347276,0.6628896594047546,0.9324571907520294,High
4225,0.9998278617858887,-0.0033349936084484666,0.6628896594047546,0.9325004637241363,High
4226,0.9999362230300903,0.023644521981575406,0.6628896594047546,0.9242736376300112,High
4227,0.999785840511322,0.0578628931463363,0.6628896594047546,0.9122295266482024,High
4228,0.9999039173126221,0.08261937451771745,0.6628896594047546,0.9036178957090363,High
4229,0.9999487400054932,0.0765226964066894,0.6628896594047546,0.9057719092201525,High
4230,0.9999039173126221,0.08178333088420431,0.6628896594047546,0.9039105109807658,High
4231,0.9999290704727173,-0.004092122641155105,0.6628896594047546,0.9325460016727447,High
4232,0.9999542236328125,0.10386398330295205,0.6628896594047546,0.8962049323992188,High
4233,0.9999039173126221,0.08178333088420431,0.6628896594047546,0.9039105109807658,High
4234,0.9999611377716064,0.07619601888556404,0.6628896594047546,0.9058918193868329,High
4235,0.999961256980896,0.11009076485933145,0.6628896594047546,0.8940287179006591,High
4236,0.9999203681945801,0.025664366952761863,0.6628896594047546,0.9235595691350452,High
4237,0.9998134970664978,-0.0046454073534438756,0.6628896594047546,0.9324939966201782,High
4238,0.7671455144882202,0.16818450704793786,0.6628896594047546,0.7689288240129427,High
4239,0.9450578093528748,0.0502483733379131,0.6628896594047546,0.8902670124412427,High
4240,0.9998847246170044,0.08403407491415182,0.6628896594047546,0.9031141078967918,High
4241,0.9999592304229736,0.07598267327009212,0.6628896594047546,0.9059656260848988,High
4242,0.9995881915092468,0.08614334987106242,0.6628896594047546,0.9022424366645434,High
4243,0.999962568283081,0.0876012895235227,0.6628896594047546,0.9019006303146399,High
4244,0.9998950958251953,0.10426214157125568,0.6628896594047546,0.8960389635314203,High
4245,0.9999438524246216,0.1037248917047433,0.6628896594047546,0.896248935493977,High
4246,0.9998676776885986,0.08178333088420431,0.6628896594047546,0.9038942091104197,High
4247,0.9998676776885986,0.08178333088420431,0.6628896594047546,0.9038942091104197,High
4248,0.9998756647109985,0.08290478099030651,0.6628896594047546,0.9035053076542929,High
4249,0.9999604225158691,0.1129558660605593,0.6628896594047546,0.8930255450500383,High
4250,0.9999327659606934,0.023289433433239304,0.6628896594047546,0.9243963689011646,High
4251,0.9999642372131348,0.04692070129797066,0.6628896594047546,0.9161395812516429,High
4252,0.9999294281005859,0.023289433433239304,0.6628896594047546,0.9243948489827228,High
4253,0.9999291896820068,0.024293735784051473,0.6628896594047546,0.9240432537529715,High
4254,0.9999362230300903,0.01903057037830924,0.6628896594047546,0.9258885206911543,High
4255,0.9999270439147949,-0.015368589858296366,0.6628896594047546,0.9325450778007507,High
4256,0.9999039173126221,0.08178333088420431,0.6628896594047546,0.9039105109807658,High
4257,0.9994946718215942,0.005965388579255215,0.6628896594047546,0.9302626422374645,High
4258,0.9999438524246216,0.07513548367270384,0.6628896594047546,0.9062552283051909,High
4259,0.9999592304229736,0.10487307168345145,0.6628896594047546,0.8958539866402232,High
4260,0.9999579191207886,0.10124389922183141,0.6628896594047546,0.8971236307576648,High
4261,0.999908447265625,0.09138964283072443,0.6628896594047546,0.9005503581597286,High
4262,0.9999727010726929,-0.0008587191288352836,0.6628896594047546,0.9325656414031982,High
4263,0.9998475313186646,0.049435370364856124,0.6628896594047546,0.9152069353861858,High
4264,0.99992835521698,0.024042830045105545,0.6628896594047546,0.9241306833314115,High
4265,0.9999725818634033,0.025898674589835524,0.6628896594047546,0.923501045692111,High
4266,0.999908447265625,0.06971505781693377,0.6628896594047546,0.9081364629145553,High
4267,0.999885082244873,0.04780133068086101,0.6628896594047546,0.915795747192378,High
4268,0.999947190284729,0.10482026617578627,0.6628896594047546,0.8958670743475537,High
4269,0.9999611377716064,0.07608790951159572,0.6628896594047546,0.9059296576677219,High
4270,0.9999563694000244,0.08527302229960465,0.6628896594047546,0.9027127224247068,High
4271,0.9999375343322754,0.05463674678321384,0.6628896594047546,0.9134269549958854,High
4272,0.9999725818634033,0.025898674589835524,0.6628896594047546,0.923501045692111,High
4273,0.9997263550758362,-0.006052048496551721,0.6628896594047546,0.932454776763916,High
4274,0.9999252557754517,0.05630348487996584,0.6628896594047546,0.9128380534300582,High
4275,0.9999349117279053,0.02200552752803453,0.6628896594047546,0.9248466896423028,High
4276,0.9999455213546753,0.11472708081556715,0.6628896594047546,0.8923989143632484,High
4277,0.999914288520813,0.03065194563069651,0.6628896594047546,0.9218111747841085,High
4278,0.999961256980896,0.10124389922183141,0.6628896594047546,0.8971251208737842,High
4279,0.9999290704727173,-0.027541458494074633,0.6628896594047546,0.9325460016727447,High
4280,0.9999548196792603,0.10347227381712515,0.6628896594047546,0.8963422989401597,High
4281,0.999947190284729,0.10482026617578627,0.6628896594047546,0.8958670743475537,High
4282,0.9999203681945801,0.024169482660867603,0.6628896594047546,0.9240827786372082,High
4283,0.999908447265625,0.0831748532195477,0.6628896594047546,0.9034255345236405,High
4284,0.9999033212661743,0.11529197408216663,0.6628896594047546,0.8921822176405776,High
4285,0.9999039173126221,0.08964043179395875,0.6628896594047546,0.9011605256623518,High
4286,0.9999755620956421,0.025542719469796582,0.6628896594047546,0.9236269710886321,High
4287,0.9999253749847412,0.0960047778445029,0.6628896594047546,0.898942660497115,High
4288,0.9999725818634033,0.025898674589835524,0.6628896594047546,0.923501045692111,High
4289,0.9999592304229736,0.07513548367270384,0.6628896594047546,0.9062621424439848,High
4290,0.9993237257003784,-0.013399799991312245,0.6628896594047546,0.9322736084461212,High
4291,0.9999704360961914,0.02895649077688678,0.6628896594047546,0.9224298563523267,High
4292,0.9999362230300903,0.019157167675703746,0.6628896594047546,0.9258442116370663,High
4293,0.9999281167984009,0.024042830045105545,0.6628896594047546,0.9241305939244443,High
4294,0.9999524354934692,0.0765226964066894,0.6628896594047546,0.9057735781502062,High
4295,0.9999362230300903,0.018903944526362015,0.6628896594047546,0.9259328397393359,High
4296,0.9999039173126221,0.08178333088420431,0.6628896594047546,0.9039105109807658,High
4297,0.999913215637207,0.03583094250461649,0.6628896594047546,0.9199980490410783,High
4298,0.9999592304229736,0.07513548367270384,0.6628896594047546,0.9062621424439848,High
4299,0.9999063014984131,0.11483880053359635,0.6628896594047546,0.8923421694870847,High
4300,0.9999294281005859,0.025412284365514015,0.6628896594047546,0.9236518511564268,High
4301,0.9999592304229736,0.1037248917047433,0.6628896594047546,0.8962558496327709,High
4302,0.9999366998672485,0.10559085415198444,0.6628896594047546,0.8955926299866247,High
4303,0.9999603033065796,0.09706763475670505,0.6628896594047546,0.8985863962040649,High
4304,0.9999510049819946,0.10588015462806716,0.6628896594047546,0.8954978121216315,High
4305,0.999961256980896,0.10124389922183141,0.6628896594047546,0.8971251208737842,High
4306,0.9999494552612305,0.07557030446782831,0.6628896594047546,0.9061055742243002,High
4307,0.9999592304229736,0.07513548367270384,0.6628896594047546,0.9062621424439848,High
4308,0.9998846054077148,0.0846102996981617,0.6628896594047546,0.902912399420066,High
4309,0.999948263168335,0.10124389922183141,0.6628896594047546,0.8971192796185962,High
4310,0.9999507665634155,0.07431497617233185,0.6628896594047546,0.9065455351741717,High
4311,0.9999123811721802,0.09648761353183671,0.6628896594047546,0.8987678267513602,High
4312,0.8851167559623718,0.17355058190227063,0.6628896594047546,0.8201377534970623,High
4313,0.9998950958251953,0.10687557233416917,0.6628896594047546,0.8951242627644006,High
4314,0.9999349117279053,0.03174992861133963,0.6628896594047546,0.9214361492631459,High
4315,0.9999542236328125,0.07513548367270384,0.6628896594047546,0.9062599072698058,High
4316,0.9999663829803467,0.032658526155023515,0.6628896594047546,0.9211322962259908,High
4317,0.9999041557312012,0.03942074294004627,0.6628896594047546,0.9187375359705107,High
4318,0.9998977184295654,0.10415474005860814,0.6628896594047546,0.8960777461537425,High
4319,0.999911904335022,0.11714943158013286,0.6628896594047546,0.8915359818181997,High
4320,0.9999327659606934,0.025412284365514015,0.6628896594047546,0.9236533710748686,High
4321,0.9999611377716064,0.07590414490383646,0.6628896594047546,0.9059939752804376,High
4322,0.9999663829803467,0.025898674589835524,0.6628896594047546,0.9234982442738066,High
4323,0.9999462366104126,0.05282881927846195,0.6628896594047546,0.9140636337267815,High
4324,0.9998661279678345,0.04082634732875012,0.6628896594047546,0.9182284679014139,High
4325,0.9999755620956421,0.025898674589835524,0.6628896594047546,0.9235023867966184,High
4326,0.999961256980896,0.10189454144534565,0.6628896594047546,0.8968973960955542,High
4327,0.9999294281005859,0.029227916209618066,0.6628896594047546,0.9223163800109903,High
4328,0.9999314546585083,0.012930616894656799,0.6628896594047546,0.9280213586432208,High
4329,0.9999498128890991,0.10184140520330953,0.6628896594047546,0.8969108379784937,High
4330,0.9999039173126221,0.0810916211615923,0.6628896594047546,0.9041526093836801,High
4331,0.9792802929878235,0.1945848491463651,0.6628896594047546,0.8551493575835469,High
4332,0.9997938275337219,0.07889672640989331,0.6628896594047546,0.9048712910869664,High
4333,0.9997075200080872,0.06988612947537154,0.6628896594047546,0.9079861675879778,High
4334,0.9999338388442993,0.02200552752803453,0.6628896594047546,0.9248462128051446,High
4335,0.9999327659606934,0.0305276157505604,0.6628896594047546,0.9218630050901023,High
4336,0.9999592304229736,0.07633093661100387,0.6628896594047546,0.9058437339155797,High
4337,0.9999592304229736,0.1037248917047433,0.6628896594047546,0.8962558496327709,High
4338,0.999961256980896,0.10124389922183141,0.6628896594047546,0.8971251208737842,High
4339,0.9999362230300903,0.025805435120797804,0.6628896594047546,0.9235173180312833,High
4340,0.9620782136917114,0.15665209693252985,0.6628896594047546,0.8606848762344422,High
4341,0.9999755620956421,0.03659250562026373,0.6628896594047546,0.9197595459359685,High
4342,0.9999337196350098,-0.0020225644201211646,0.6628896594047546,0.9325480878353118,High
4343,0.9999039173126221,0.08178333088420431,0.6628896594047546,0.9039105109807658,High
4344,0.999961256980896,0.1074584490893184,0.6628896594047546,0.8949500284201637,High
4345,0.9999291896820068,0.03244361920087646,0.6628896594047546,0.9211907945570827,High
4346,0.9999501705169678,0.10588015462806716,0.6628896594047546,0.8954974544937628,High
4347,0.9999362230300903,0.02223389296930478,0.6628896594047546,0.924767357784306,High
4348,0.9999592304229736,0.07513548367270384,0.6628896594047546,0.9062621424439848,High
4349,0.8194853067398071,0.17699415883265363,0.6628896594047546,0.7893983404805774,High
4350,0.9999192953109741,0.07606984320501253,0.6628896594047546,0.9059171458072769,High
4351,0.9999462366104126,0.06099126167128044,0.6628896594047546,0.9112067788892949,High
4352,0.9999548196792603,0.07043974506958173,0.6628896594047546,0.9079036840017999,High
4353,0.9998971223831177,0.030777770888656075,0.6628896594047546,0.9217594171423242,High
4354,0.9999362230300903,0.019157167675703746,0.6628896594047546,0.9258442116370663,High
4355,0.9999755620956421,0.025898674589835524,0.6628896594047546,0.9235023867966184,High
4356,0.9999066591262817,0.08937738612823087,0.6628896594047546,0.9012538433428968,High
4357,0.999894380569458,0.10415474005860814,0.6628896594047546,0.8960762262353007,High
4358,0.9998158812522888,0.07465423358338619,0.6628896594047546,0.906366087749599,High
4359,0.9999301433563232,0.09887901939658783,0.6628896594047546,0.8979388217210972,High
4360,0.9999527931213379,0.11008008594195856,0.6628896594047546,0.894028640824474,High
4361,0.9998757839202881,0.03978665814855176,0.6628896594047546,0.9185966804512294,High
4362,0.9999250173568726,0.02077240973396266,0.6628896594047546,0.9252738403241921,High
4363,0.9999592304229736,0.07513548367270384,0.6628896594047546,0.9062621424439848,High
4364,0.9999512434005737,0.10315920376693888,0.6628896594047546,0.896450264132316,High
4365,0.9999510049819946,0.10588015462806716,0.6628896594047546,0.8954978121216315,High
4366,0.999961256980896,0.1135594266733686,0.6628896594047546,0.8928146862657461,High
4367,0.9999403953552246,0.025302025336106815,0.6628896594047546,0.9236953890022356,High
4368,0.9369521737098694,0.15145787919587572,0.6628896594047546,0.8511961493516034,High
4369,0.9999338388442993,0.02099410727728268,0.6628896594047546,0.9252002098929076,High
4370,0.9999592304229736,0.1037248917047433,0.6628896594047546,0.8962558496327709,High
4371,0.7202160954475403,0.14627877876095507,0.6628896594047546,0.755477605246242,High
4372,0.9994646906852722,-0.0013070229696835467,0.6628896594047546,0.9323370277881622,High
4373,0.9999690055847168,0.027970826874941346,0.6628896594047546,0.922774183066915,High
4374,0.999948263168335,0.10124389922183141,0.6628896594047546,0.8971192796185962,High
4375,0.9999604225158691,0.082433997482393,0.6628896594047546,0.9037081990523965,High
4376,0.9999325275421143,0.09678936885105915,0.6628896594047546,0.8986712722956381,High
4377,0.9998880624771118,0.0846102996981617,0.6628896594047546,0.9029139491408301,High
4378,0.9999337196350098,-0.025351573429959418,0.6628896594047546,0.9325480878353118,High
4379,0.9999579191207886,0.09399464746756514,0.6628896594047546,0.899660868871658,High
4380,0.999961256980896,0.1074584490893184,0.6628896594047546,0.8949500284201637,High
4381,0.5466535091400146,0.18230547192128194,0.6628896594047546,0.6647650928412766,Medium
4382,0.9999604225158691,0.08341959580483105,0.6628896594047546,0.9033632396395432,High
4383,0.9999362230300903,0.018523895578789973,0.6628896594047546,0.9260658568709861,High
4384,0.999947190284729,0.10482026617578627,0.6628896594047546,0.8958670743475537,High
4385,0.9999372959136963,0.08422551259959754,0.6628896594047546,0.9030707677508617,High
4386,0.9999154806137085,0.09589503093530521,0.6628896594047546,0.8989766313692984,High
4387,0.9998778104782104,0.040582003705142644,0.6628896594047546,0.9183192333784167,High
4388,0.9999290704727173,-0.02603506384429566,0.6628896594047546,0.9325460016727447,High
4389,0.9999291896820068,0.0289888108926184,0.6628896594047546,0.922399977464973,High
4390,0.999962329864502,0.11086719992467403,0.6628896594047546,0.8937574424649474,High
4391,0.9999641180038452,0.1100617289594506,0.6628896594047546,0.8940401619654801,High
4392,0.999947190284729,0.07571791056567134,0.6628896594047546,0.906052898811094,High
4393,0.9999641180038452,0.11103753601539851,0.6628896594047546,0.8936986294958983,High
4394,0.9999762773513794,0.027339324437905765,0.6628896594047546,0.9229984871753402,High
4395,0.999908447265625,0.07050573838772478,0.6628896594047546,0.9078597247147785,High
4396,0.9999063014984131,0.10473517238814795,0.6628896594047546,0.8958784393379916,High
4397,0.9999762773513794,0.02686845484525291,0.6628896594047546,0.9231632915327687,High
4398,0.999881386756897,0.08508237684278269,0.6628896594047546,0.9027457121056516,High
4399,0.9999630451202393,0.0644657255293617,0.6628896594047546,0.909998286328853,High
4400,0.9999644756317139,0.1126283216530059,0.6628896594047546,0.8931420333366701,High
4401,0.9999611377716064,0.1058522899525644,0.6628896594047546,0.8955121245133828,High
4402,0.9999314546585083,0.012930616894656799,0.6628896594047546,0.9280213586432208,High
4403,0.9999294281005859,0.023289433433239304,0.6628896594047546,0.9243948489827228,High
4404,0.9999253749847412,0.065444234535051,0.6628896594047546,0.9096388506554232,High
4405,0.999961256980896,0.10189454144534565,0.6628896594047546,0.8968973960955542,High
4406,0.9999611377716064,0.07610587618526876,0.6628896594047546,0.9059233693319363,High
4407,0.9999498128890991,0.10184140520330953,0.6628896594047546,0.8969108379784937,High
4408,0.9999362230300903,0.01903057037830924,0.6628896594047546,0.9258885206911543,High
4409,0.9986706972122192,0.12193568028417046,0.6628896594047546,0.8893022396455964,High
4410,0.9999542236328125,0.1037248917047433,0.6628896594047546,0.8962536144585919,High
4411,0.9999579191207886,0.09869018097839477,0.6628896594047546,0.8980174321428676,High
4412,0.9999327659606934,0.023289433433239304,0.6628896594047546,0.9243963689011646,High
4413,0.99962317943573,0.08748241261388429,0.6628896594047546,0.9017895003307764,High
4414,0.99994957447052,0.10424251638003301,0.6628896594047546,0.8960703596596734,High
4415,0.9999089241027832,0.05103436095270908,0.6628896594047546,0.9146749154332906,High
4416,0.9999488592147827,0.0765226964066894,0.6628896594047546,0.9057719688247973,High
4417,0.9999281167984009,0.024293735784051473,0.6628896594047546,0.9240427769158133,High
4418,0.9999762773513794,0.027339324437905765,0.6628896594047546,0.9229984871753402,High
4419,0.9999579191207886,0.09706763475670505,0.6628896594047546,0.8985853233204589,High
4420,0.9999603033065796,0.10008987500862643,0.6628896594047546,0.8975286121158924,High
4421,0.9994613528251648,0.03399051673718445,0.6628896594047546,0.9204388568140283,High
4422,0.99992835521698,0.023540678920781488,0.6628896594047546,0.9243064362249249,High
4423,0.9999504089355469,0.0765226964066894,0.6628896594047546,0.9057726542782122,High
4424,0.9999039173126221,0.08261937451771745,0.6628896594047546,0.9036178957090363,High
4425,0.995732843875885,0.07833351598194349,0.6628896594047546,0.9032409661302577,High
4426,0.9999336004257202,0.09679943105401334,0.6628896594047546,0.8986682273617624,High
4427,0.9999661445617676,0.105760619582903,0.6628896594047546,0.8955464741192657,High
4428,0.999961256980896,0.10124389922183141,0.6628896594047546,0.8971251208737842,High
4429,0.9999542236328125,0.04717564258174156,0.6628896594047546,0.9160458516516424,High
4430,0.9999755620956421,0.025898674589835524,0.6628896594047546,0.9235023867966184,High
4431,0.999961256980896,0.10189454144534565,0.6628896594047546,0.8968973960955542,High
4432,0.9998950958251953,0.10415474005860814,0.6628896594047546,0.896076554060847,High
4433,0.9999592304229736,0.07513548367270384,0.6628896594047546,0.9062621424439848,High
4434,0.9999604225158691,0.082433997482393,0.6628896594047546,0.9037081990523965,High
4435,0.9999222755432129,0.09750348601443698,0.6628896594047546,0.8984167119284858,High
4436,0.9999457597732544,0.10192165598077929,0.6628896594047546,0.8968809322647137,High
4437,0.9999516010284424,0.051740049557409074,0.6628896594047546,0.9144471171172633,High
4438,0.9998761415481567,0.08178333088420431,0.6628896594047546,0.9038980238076854,High
4439,0.9999494552612305,0.0745522833327632,0.6628896594047546,0.9064618816215729,High
4440,0.9999063014984131,0.10452055855023529,0.6628896594047546,0.895953554181261,High
4441,0.9999362230300903,0.01903057037830924,0.6628896594047546,0.9258885206911543,High
4442,0.9999579191207886,0.0640490931734976,0.6628896594047546,0.9101418128745816,High
4443,0.999944806098938,0.0794173440437651,0.6628896594047546,0.9047570242101551,High
4444,0.9998812675476074,0.0823247805803799,0.6628896594047546,0.9037108111928478,High
4445,0.9999281167984009,0.024293735784051473,0.6628896594047546,0.9240427769158133,High
4446,0.9998216032981873,0.005270644412400993,0.6628896594047546,0.9306529069591691,High
4447,0.9999438524246216,0.07513548367270384,0.6628896594047546,0.9062552283051909,High
4448,0.9999592304229736,0.07513548367270384,0.6628896594047546,0.9062621424439848,High
4449,0.999908447265625,0.0923896401168337,0.6628896594047546,0.9002003591095903,High
4450,0.9999110698699951,0.04269883083428727,0.6628896594047546,0.9175933046490546,High
4451,0.9999536275863647,0.1058744867988024,0.6628896594047546,0.8955009879547696,High
4452,0.9999592304229736,0.1037248917047433,0.6628896594047546,0.8962558496327709,High
4453,0.999947190284729,0.07571791056567134,0.6628896594047546,0.906052898811094,High
4454,0.9998950958251953,0.03194295949826731,0.6628896594047546,0.9213506772569663,High
4455,0.9999362230300903,0.019157167675703746,0.6628896594047546,0.9258442116370663,High
4456,0.9999611377716064,0.06746308368440257,0.6628896594047546,0.9089483467072395,High
4457,0.9999507665634155,0.07431497617233185,0.6628896594047546,0.9065455351741717,High
4458,0.9999611377716064,0.1058744867988024,0.6628896594047546,0.8955043556171994,High
4459,0.9990658164024353,0.10350025451258471,0.6628896594047546,0.8959324393210165,High
4460,0.898648202419281,0.14879793416396642,0.6628896594047546,0.8348903311110779,High
4461,0.9999611377716064,0.1058744867988024,0.6628896594047546,0.8955043556171994,High
4462,0.9999294281005859,0.023415070342781896,0.6628896594047546,0.9243508760643829,High
4463,0.9998716115951538,0.09363113796843675,0.6628896594047546,0.8997492349679593,High
4464,0.9998676776885986,0.08276239730299884,0.6628896594047546,0.9035515358638417,High
4465,0.9999512434005737,0.09872125647036328,0.6628896594047546,0.8980035456861174,High
4466,0.9999755620956421,0.025898674589835524,0.6628896594047546,0.9235023867966184,High
4467,0.9999579191207886,0.10124389922183141,0.6628896594047546,0.8971236307576648,High
4468,0.9999643564224243,0.060290034680871574,0.6628896594047546,0.9114603741722723,High
4469,0.9999275207519531,0.018650607133045116,0.6628896594047546,0.926017603722764,High
4470,0.9999725818634033,0.025898674589835524,0.6628896594047546,0.923501045692111,High
4471,0.9999245405197144,0.04794760378609042,0.6628896594047546,0.9157623137896908,High
4472,0.9999512434005737,0.10315920376693888,0.6628896594047546,0.896450264132316,High
4473,0.9999487400054932,0.06848121876582824,0.6628896594047546,0.908586426394454,High
4474,0.9985936284065247,0.1397974409125094,0.6628896594047546,0.883015963324741,High
4475,0.999921441078186,0.032181581637748646,0.6628896594047546,0.921279020832458,High
4476,0.999962568283081,0.0812196917154126,0.6628896594047546,0.9041341895474785,High
4477,0.9999403953552246,0.020393625392139625,0.6628896594047546,0.9254133289826242,High
4478,0.9998786449432373,0.03978665814855176,0.6628896594047546,0.9185979917534145,High
4479,0.9999059438705444,0.11439201472281951,0.6628896594047546,0.8924983955092446,High
4480,0.9945178627967834,0.10222540353302006,0.6628896594047546,0.8943320818831787,High
4481,0.9999338388442993,0.02200552752803453,0.6628896594047546,0.9248462128051446,High
4482,0.9999494552612305,0.10842792722237593,0.6628896594047546,0.8946054062602086,High
4483,0.999961256980896,0.09994304143718702,0.6628896594047546,0.8975804210984096,High
4484,0.999941349029541,0.06974868097193576,0.6628896594047546,0.908139476762209,High
4485,0.9999498128890991,0.10774176406876135,0.6628896594047546,0.8948457123755856,High
4486,0.9999611377716064,0.10487307168345145,0.6628896594047546,0.8958548509075724,High
4487,0.999961256980896,0.10124389922183141,0.6628896594047546,0.8971251208737842,High
4488,0.9999099969863892,0.053471992896608755,0.6628896594047546,0.913822221090084,High
4489,0.9999384880065918,0.06318689070921224,0.6628896594047546,0.9104348218542995,High
4490,0.9999412298202515,0.09515047689804002,0.6628896594047546,0.89924881838575,High
4491,0.9999043941497803,0.03978665814855176,0.6628896594047546,0.9186095550545009,High
4492,0.9999699592590332,0.035172198911643915,0.6628896594047546,0.9202541200865825,High
4493,0.9999281167984009,0.030566819041255577,0.6628896594047546,0.9218471977757918,High
4494,0.9999209642410278,0.09478226485689656,0.6628896594047546,0.8993685730894997,High
4495,0.9999281167984009,0.024293735784051473,0.6628896594047546,0.9240427769158133,High
4496,0.9999362230300903,0.018903944526362015,0.6628896594047546,0.9259328397393359,High
4497,0.999961256980896,0.10008987500862643,0.6628896594047546,0.8975290293484058,High
4498,0.9999438524246216,0.07513548367270384,0.6628896594047546,0.9062552283051909,High
4499,0.9999438524246216,0.07513548367270384,0.6628896594047546,0.9062552283051909,High
4500,0.99993896484375,0.10095135547915673,0.6628896594047546,0.8972174678010756,High
4501,0.999804675579071,0.06352998878967564,0.6628896594047546,0.9102545368349141,High
4502,0.9999611377716064,0.10487307168345145,0.6628896594047546,0.8958548509075724,High
4503,0.9999300241470337,0.09985317396369037,0.6628896594047546,0.8975978080179665,High
4504,0.9999294281005859,0.023289433433239304,0.6628896594047546,0.9243948489827228,High
4505,0.9999643564224243,0.08393306059409888,0.6628896594047546,0.9031853151026427,High
4506,0.9999604225158691,0.082433997482393,0.6628896594047546,0.9037081990523965,High
4507,0.999947190284729,0.076096473059302,0.6628896594047546,0.9059204019383232,High
4508,0.9999535083770752,0.11170654387222306,0.6628896594047546,0.8934597083744277,High
4509,0.9999494552612305,0.07534463753445275,0.6628896594047546,0.9061845576509816,High
4510,0.9999630451202393,0.10189454144534565,0.6628896594047546,0.8968982007582587,High
4511,0.9999507665634155,0.07568415186623045,0.6628896594047546,0.9060663236813072,High
4512,0.9999606609344482,0.017774278955766776,0.6628896594047546,0.9263392197460053,High
4513,0.999929666519165,0.08569551075604542,0.6628896594047546,0.9025528411290303,High
4514,0.9991098046302795,0.06190774319748682,0.6628896594047546,0.9105096368256885,High
4515,0.9999533891677856,0.10176421785760131,0.6628896594047546,0.8969394628749006,High
4516,0.9999160766601562,0.09391458132607278,0.6628896594047546,0.8996700569534313,High
4517,0.9999512434005737,0.10315920376693888,0.6628896594047546,0.896450264132316,High
4518,0.9999362230300903,0.018903944526362015,0.6628896594047546,0.9259328397393359,High
4519,0.9999762773513794,0.026523087884881114,0.6628896594047546,0.9232841699688987,High
4520,0.999961256980896,0.10124389922183141,0.6628896594047546,0.8971251208737842,High
4521,0.999947190284729,0.07571791056567134,0.6628896594047546,0.906052898811094,High
4522,0.9999531507492065,0.10315177709209505,0.6628896594047546,0.8964537277358605,High
4523,0.999961256980896,0.10189454144534565,0.6628896594047546,0.8968973960955542,High
4524,0.9999762773513794,0.03540258910842775,0.6628896594047546,0.9201763445406574,High
4525,0.9999592304229736,0.07411658574484414,0.6628896594047546,0.9066187567187357,High
4526,0.9999117851257324,0.03978665814855176,0.6628896594047546,0.9186128929146083,High
4527,0.999961256980896,0.10124389922183141,0.6628896594047546,0.8971251208737842,High
4528,0.9999203681945801,0.023172318200481157,0.6628896594047546,0.9244317861983435,High
4529,0.9999043941497803,0.03954274218538434,0.6628896594047546,0.9186949256416096,High
4530,0.9999527931213379,0.10290793200746173,0.6628896594047546,0.8965388947015479,High
4531,0.999966025352478,0.0575222107357356,0.6628896594047546,0.9124298576111296,High
4532,0.9999029636383057,0.09960228771122875,0.6628896594047546,0.8976734588587939,High
4533,0.9930137991905212,0.11729038579217027,0.6628896594047546,0.8883824975487291,High
4534,0.9999592304229736,0.1037248917047433,0.6628896594047546,0.8962558496327709,High
4535,0.4736472964286804,0.14510483980814948,0.6628896594047546,0.6449325153805403,Medium
4536,0.9999611377716064,0.1156621420908488,0.6628896594047546,0.8920786762649833,High
4537,0.9998756647109985,0.08327795291922468,0.6628896594047546,0.9033746974791715,High
4538,0.9999583959579468,0.09485151454656293,0.6628896594047546,0.8993611740102655,High
4539,0.999947190284729,0.076096473059302,0.6628896594047546,0.9059204019383232,High
4540,0.9999592304229736,0.07513548367270384,0.6628896594047546,0.9062621424439848,High
4541,0.9999338388442993,0.02200552752803453,0.6628896594047546,0.9248462128051446,High
4542,0.9999567270278931,0.11812599439982346,0.6628896594047546,0.8912143610035645,High
4543,0.9999611377716064,0.10286107583988158,0.6628896594047546,0.8965590494528218,High
4544,0.9999510049819946,0.10612986240401545,0.6628896594047546,0.8954104144000496,High
4545,0.999971866607666,0.027172924563458545,0.6628896594047546,0.9230547303757967,High
4546,0.9999507665634155,0.07996767547473393,0.6628896594047546,0.904567090418331,High
4547,0.9999518394470215,0.056517431683221764,0.6628896594047546,0.9127751525825184,High
4548,0.9998551607131958,0.07835277226988435,0.6628896594047546,0.9050892719865006,High
4549,0.9999245405197144,0.09207083580121173,0.6628896594047546,0.9003191825843982,High
4550,0.9995113611221313,0.0003280148602670119,0.6628896594047546,0.9322432332243521,High
4551,0.9999630451202393,0.10290222867913579,0.6628896594047546,0.896545510226432,High
4552,0.9998220801353455,0.08475606817769321,0.6628896594047546,0.902833247059896,High
4553,0.999948263168335,0.10124389922183141,0.6628896594047546,0.8971192796185962,High
4554,0.9999290704727173,-0.029754099912193244,0.6628896594047546,0.9325460016727447,High
4555,0.9999195337295532,0.034288032317195793,0.6628896594047546,0.9205408988273024,High
4556,0.9999622106552124,0.0825860240572589,0.6628896594047546,0.903655794413898,High
4557,0.9998846054077148,0.0846102996981617,0.6628896594047546,0.902912399420066,High
4558,0.9999527931213379,0.07504050511563665,0.6628896594047546,0.9062924941136866,High
4559,0.999961256980896,0.1074584490893184,0.6628896594047546,0.8949500284201637,High
4560,0.9999592304229736,0.1037248917047433,0.6628896594047546,0.8962558496327709,High
4561,0.9999542236328125,0.11118963945066618,0.6628896594047546,0.8936409527475189,High
4562,0.9999039173126221,0.08178333088420431,0.6628896594047546,0.9039105109807658,High
4563,0.9998977184295654,0.10415474005860814,0.6628896594047546,0.8960777461537425,High
4564,0.5204799771308899,0.1807918434012601,0.6628896594047546,0.6535167763994103,Medium
4565,0.9999423027038574,0.07034089535869958,0.6628896594047546,0.9079326487616773,High
4566,0.9999755620956421,0.025898674589835524,0.6628896594047546,0.9235023867966184,High
4567,0.9999592304229736,0.07513548367270384,0.6628896594047546,0.9062621424439848,High
4568,0.9999781847000122,0.09375931328298076,0.6628896594047546,0.8997523553469131,High
4569,0.9999696016311646,0.026039317128246142,0.6628896594047546,0.9234504796991598,High
4570,0.999961256980896,0.10176421785760131,0.6628896594047546,0.8969430093512647,High
4571,0.9999542236328125,0.1037248917047433,0.6628896594047546,0.8962536144585919,High
4572,0.9999362230300903,0.020741712880298357,0.6628896594047546,0.9252896208154582,High
4573,0.9999725818634033,-0.002106890196709399,0.6628896594047546,0.9325655817985534,High
4574,0.9999039173126221,0.08178333088420431,0.6628896594047546,0.9039105109807658,High
4575,0.9337058067321777,0.1931081590948618,0.6628896594047546,0.8351576713458359,High
4576,0.9998819828033447,0.03430871143899672,0.6628896594047546,0.9205167632178782,High
4577,0.9999294281005859,0.023540678920781488,0.6628896594047546,0.9243069130620831,High
4578,0.9999603033065796,0.08536066735915077,0.6628896594047546,0.902683834793209,High
4579,0.9998780488967896,0.03513449690163195,0.6628896594047546,0.9202259799689351,High
4580,0.999950647354126,0.1013437494168522,0.6628896594047546,0.8970854049339448,High
4581,0.9999556541442871,-0.0009240717396774567,0.6628896594047546,0.9325579524040222,High
4582,0.9999592304229736,0.07513548367270384,0.6628896594047546,0.9062621424439848,High
4583,0.9999412298202515,0.09750849760533659,0.6628896594047546,0.8984235111381963,High
4584,0.9999316930770874,0.02200552752803453,0.6628896594047546,0.9248452591308282,High
4585,0.999948263168335,0.10124389922183141,0.6628896594047546,0.8971192796185962,High
4586,0.999961256980896,0.10090676077666832,0.6628896594047546,0.8972431193295912,High
4587,0.999961256980896,0.09557749801572646,0.6628896594047546,0.8991083612959209,High
4588,0.9999462366104126,0.09019091521004047,0.6628896594047546,0.900986900150729,High
4589,0.9999611377716064,0.04784248636146471,0.6628896594047546,0.9158155557702677,High
4590,0.9999327659606934,0.03155399678440807,0.6628896594047546,0.9215037717282556,High
4591,0.9999592304229736,0.07513548367270384,0.6628896594047546,0.9062621424439848,High
4592,0.9999622106552124,0.0823734732024548,0.6628896594047546,0.9037301872130793,High
4593,0.9999593496322632,0.1093937676366189,0.6628896594047546,0.8942718026612593,High
4594,0.999961256980896,0.06353531798265732,0.6628896594047546,0.9103231243074951,High
4595,0.9999349117279053,0.02200552752803453,0.6628896594047546,0.9248466896423028,High
4596,0.9999536275863647,0.11306589209629136,0.6628896594047546,0.8929839961006486,High
4597,0.9487411379814148,0.09195809996721171,0.6628896594047546,0.8773260940829023,High
4598,0.9999592304229736,0.07513548367270384,0.6628896594047546,0.9062621424439848,High
4599,0.9999725818634033,0.025898674589835524,0.6628896594047546,0.923501045692111,High
4600,0.9998867511749268,0.10415474005860814,0.6628896594047546,0.8960727989682261,High
4601,0.9999392032623291,0.07440531067785772,0.6628896594047546,0.9065087026908198,High
4602,0.9999524354934692,0.11364313088209926,0.6628896594047546,0.8927814260838128,High
4603,0.5392434597015381,0.16198479280543082,0.6628896594047546,0.6685428082845101,Medium
4604,0.9999525547027588,0.10290793200746173,0.6628896594047546,0.8965388052945807,High
4605,0.9999316930770874,0.03195825749106629,0.6628896594047546,0.9213618036437671,High
4606,0.9999362230300903,0.02112026179054438,0.6628896594047546,0.925157128696872,High
4607,0.9999611377716064,0.07567652368017419,0.6628896594047546,0.9060736427087194,High
4608,0.9999362230300903,0.020741712880298357,0.6628896594047546,0.9252896208154582,High
4609,0.9998607635498047,0.11678398031605541,0.6628896594047546,0.8916408823677436,High
4610,0.9999494552612305,0.10424251638003301,0.6628896594047546,0.8960703000550286,High
4611,0.9998977184295654,0.10415474005860814,0.6628896594047546,0.8960777461537425,High
4612,0.9999755620956421,0.025898674589835524,0.6628896594047546,0.9235023867966184,High
4613,0.9999755620956421,0.025898674589835524,0.6628896594047546,0.9235023867966184,High
4614,0.9999622106552124,0.1066811051134145,0.6628896594047546,0.8952225160442435,High
4615,0.9999510049819946,0.0765226964066894,0.6628896594047546,0.9057729224991137,High
4616,0.9999512434005737,0.10315920376693888,0.6628896594047546,0.896450264132316,High
4617,0.9998749494552612,0.05848227700229325,0.6628896594047546,0.9120528562245513,High
4618,0.9999247789382935,0.03130490150895804,0.6628896594047546,0.9215873489936542,High
4619,0.9998576641082764,0.04323408302707532,0.6628896594047546,0.9173819457097344,High
4620,0.9999542236328125,0.04680172869454857,0.6628896594047546,0.91617672151216,High
4621,0.9999762773513794,0.026878414106785375,0.6628896594047546,0.9231598057912322,High
4622,0.999937891960144,0.08580707488659128,0.6628896594047546,0.9025174891713154,High
4623,0.9998666048049927,-0.00040789728065293573,0.6628896594047546,0.9325178980827331,High
4624,0.9999592304229736,0.07513548367270384,0.6628896594047546,0.9062621424439848,High
4625,0.9999755620956421,0.03659250562026373,0.6628896594047546,0.9197595459359685,High
4626,0.9999312162399292,0.003749785916523418,0.6628896594047546,0.9312345302762779,High
4627,0.9999622106552124,0.07567652368017419,0.6628896594047546,0.9060741195458776,High
4628,0.9999316930770874,0.023289433433239304,0.6628896594047546,0.9243958920640064,High
4629,0.9999525547027588,0.08380117317993213,0.6628896594047546,0.9032261708842161,High
4630,0.9998867511749268,0.10415474005860814,0.6628896594047546,0.8960727989682261,High
4631,0.9999524354934692,0.07625137950618222,0.6628896594047546,0.9058685390653838,High
4632,0.9999592304229736,0.1037248917047433,0.6628896594047546,0.8962558496327709,High
4633,0.9999338388442993,0.02200552752803453,0.6628896594047546,0.9248462128051446,High
4634,0.9977353811264038,0.11387142465409605,0.6628896594047546,0.8917038309170411,High
4635,0.9999687671661377,0.08569562050698404,0.6628896594047546,0.9025703860864105,High
4636,0.9999755620956421,0.025898674589835524,0.6628896594047546,0.9235023867966184,High
4637,0.9999438524246216,0.08100483896069738,0.6628896594047546,0.904200953954393,High
4638,0.9999611377716064,0.10487307168345145,0.6628896594047546,0.8958548509075724,High
4639,0.999948263168335,0.10124389922183141,0.6628896594047546,0.8971192796185962,High
4640,0.9998500347137451,0.08250832926527146,0.6628896594047546,0.9036325322592912,High
4641,0.9999592304229736,0.08154234267471655,0.6628896594047546,0.9040197417932804,High
4642,0.99973064661026,-0.01343732124471353,0.6628896594047546,0.9324567139148712,High
4643,0.9999426603317261,0.08433740821964036,0.6628896594047546,0.9030340182719601,High
4644,0.999683141708374,0.15375971239543113,0.6628896594047546,0.8786194463113183,High
4645,0.9999755620956421,0.025898674589835524,0.6628896594047546,0.9235023867966184,High
4646,0.9999542236328125,0.1037248917047433,0.6628896594047546,0.8962536144585919,High
4647,0.9999039173126221,0.08178333088420431,0.6628896594047546,0.9039105109807658,High
4648,0.9999384880065918,0.1013335221665771,0.6628896594047546,0.8970835008442218,High
4649,0.9999762773513794,0.026878414106785375,0.6628896594047546,0.9231598057912322,High
4650,0.9999567270278931,0.10290793200746173,0.6628896594047546,0.8965406828408912,High
4651,0.9999605417251587,0.10364505053783163,0.6628896594047546,0.8962843900876377,High
4652,0.9999494552612305,0.0745522833327632,0.6628896594047546,0.9064618816215729,High
4653,0.9998551607131958,0.07835277226988435,0.6628896594047546,0.9050892719865006,High
4654,0.9989664554595947,0.16419600292250808,0.6628896594047546,0.8746442238939617,High
4655,0.9998407363891602,0.04511831062227478,0.6628896594047546,0.9167148366568834,High
4656,0.9998840093612671,0.08804092868482732,0.6628896594047546,0.9017114110538315,High
4657,0.9999573230743408,0.09048637567052636,0.6628896594047546,0.90088849577972,High
4658,0.9990214109420776,0.005625968887085331,0.6628896594047546,0.9301684717339415,High
4659,0.9999498128890991,0.10220037357877204,0.6628896594047546,0.8967851990470819,High
4660,0.9999276399612427,0.029037841932221142,0.6628896594047546,0.9223821013453748,High
4661,0.9999524354934692,0.07644697912941978,0.6628896594047546,0.9058000791972506,High
4662,0.9999366998672485,0.09974226008737436,0.6628896594047546,0.8976396379092383,High
4663,0.9999592304229736,0.10746225684293093,0.6628896594047546,0.8949477718344053,High
4664,0.9999250173568726,0.022657708284488542,0.6628896594047546,0.924613985831508,High
4665,0.2870744466781616,0.17402383137594624,0.6628896594047546,0.5508530919045425,Medium
4666,0.9999350309371948,0.08569551075604542,0.6628896594047546,0.9025552551171437,High
4667,0.9998807907104492,0.07049337689665336,0.6628896594047546,0.9078515938658954,High
4668,0.9998534917831421,0.040948029605601066,0.6628896594047546,0.9181801868609399,High
4669,0.9999755620956421,0.025898674589835524,0.6628896594047546,0.9235023867966184,High
4670,0.999961256980896,0.1074584490893184,0.6628896594047546,0.8949500284201637,High
4671,0.9999504089355469,0.08497184329831226,0.6628896594047546,0.9028154528661443,High
4672,0.999908447265625,0.06794904537052948,0.6628896594047546,0.9087545672707968,High
4673,0.9999604225158691,0.11284018289319558,0.6628896594047546,0.8930660341586156,High
4674,0.9999291896820068,0.02454452837559118,0.6628896594047546,0.9239554763459326,High
4675,0.9652041792869568,0.1567986178468666,0.6628896594047546,0.8620402933334459,High
4676,0.9999300241470337,0.05423258392452113,0.6628896594047546,0.9135650145316757,High
4677,0.999961256980896,0.10124389922183141,0.6628896594047546,0.8971251208737842,High
4678,0.9999755620956421,0.025898674589835524,0.6628896594047546,0.9235023867966184,High
4679,0.9999592304229736,0.1037248917047433,0.6628896594047546,0.8962558496327709,High
4680,0.9999237060546875,0.04604151553685021,0.6628896594047546,0.9164290572467337,High
4681,0.9999290704727173,0.0021106340222284414,0.6628896594047546,0.9318072797649647,High
4682,0.9999545812606812,0.1079720197192558,0.6628896594047546,0.8947672686651245,High
4683,0.9999762773513794,0.026878414106785375,0.6628896594047546,0.9231598057912322,High
4684,0.9999375343322754,0.08541767533218247,0.6628896594047546,0.9026536300037465,High
4685,0.8890240788459778,0.18582354765546144,0.6628896594047546,0.8176005227019971,High
4686,0.9999535083770752,0.10260453591701246,0.6628896594047546,0.8966454111587514,High
4687,0.9999611377716064,0.07590414490383646,0.6628896594047546,0.9059939752804376,High
4688,0.999937891960144,0.0854696653865945,0.6628896594047546,0.9026355824963143,High
4689,0.9999501705169678,0.04641311673641546,0.6628896594047546,0.916310917755841,High
4690,0.9999592304229736,0.1037248917047433,0.6628896594047546,0.8962558496327709,High
4691,0.999962329864502,0.11044602230057854,0.6628896594047546,0.8939048546333809,High
4692,0.9998937845230103,0.11813721891583329,0.6628896594047546,0.8911820904143705,High
4693,0.9998656511306763,0.037207228322299724,0.6628896594047546,0.9194949211350923,High
4694,0.9999338388442993,0.02200552752803453,0.6628896594047546,0.9248462128051446,High
4695,0.6685616970062256,0.1758842694379359,0.6628896594047546,0.7218711833490814,High
4696,0.9999755620956421,0.025898674589835524,0.6628896594047546,0.9235023867966184,High
4697,0.9992190599441528,0.08709851872111118,0.6628896594047546,0.9017420094220373,High
4698,0.9999362230300903,0.023644521981575406,0.6628896594047546,0.9242736376300112,High
4699,0.9999419450759888,0.08433740821964036,0.6628896594047546,0.9030336904464138,High
4700,0.9999281167984009,0.024293735784051473,0.6628896594047546,0.9240427769158133,High
4701,0.9999592304229736,0.1037248917047433,0.6628896594047546,0.8962558496327709,High
4702,0.9999592304229736,0.07513548367270384,0.6628896594047546,0.9062621424439848,High
4703,0.9999622106552124,0.11393084009488152,0.6628896594047546,0.89268510880073,High
4704,0.9999755620956421,0.025898674589835524,0.6628896594047546,0.9235023867966184,High
4705,0.9999611377716064,0.10568466307366553,0.6628896594047546,0.8955707939209975,High
4706,0.9999762773513794,0.026878414106785375,0.6628896594047546,0.9231598057912322,High
4707,0.9999438524246216,0.07513548367270384,0.6628896594047546,0.9062552283051909,High
4708,0.9999592304229736,0.1037248917047433,0.6628896594047546,0.8962558496327709,High
4709,0.872866153717041,0.17831388175341883,0.6628896594047546,0.8129578245585293,High
4710,0.9999488592147827,0.06714329798380025,0.6628896594047546,0.9090547582728085,High
4711,0.9999498128890991,0.10184140520330953,0.6628896594047546,0.8969108379784937,High
4712,0.7080865502357483,0.086777018849717,0.6628896594047546,0.770844925869869,High
4713,0.9999592304229736,0.07513548367270384,0.6628896594047546,0.9062621424439848,High
4714,0.9999159574508667,0.039664713919484895,0.6628896594047546,0.9186574509410922,High
4715,0.999919056892395,0.025288893562192882,0.6628896594047546,0.9236903887752966,High
4716,0.9998691082000732,0.04864468173277725,0.6628896594047546,0.9154933919645117,High
4717,0.9999762773513794,0.026878414106785375,0.6628896594047546,0.9231598057912322,High
4718,0.9999510049819946,0.0765226964066894,0.6628896594047546,0.9057729224991137,High
4719,0.9999592304229736,0.10487307168345145,0.6628896594047546,0.8958539866402232,High
4720,0.9999762773513794,-0.0014848185291578275,0.6628896594047546,0.9325672507286071,High
4721,0.9999592304229736,0.07513548367270384,0.6628896594047546,0.9062621424439848,High
4722,0.9999494552612305,0.07534463753445275,0.6628896594047546,0.9061845576509816,High
4723,0.9999306201934814,0.014445424995221834,0.6628896594047546,0.9274907883778319,High
4724,0.9998695850372314,0.04222853015919947,0.6628896594047546,0.9177392536315208,High
4725,0.9999290704727173,-0.003988829296651009,0.6628896594047546,0.9325460016727447,High
4726,0.9999039173126221,0.08261937451771745,0.6628896594047546,0.9036178957090363,High
4727,0.999961256980896,0.10124389922183141,0.6628896594047546,0.8971251208737842,High
4728,0.9998658895492554,0.003526191949337565,0.6628896594047546,0.9312834030749187,High
4729,0.9999474287033081,0.1037248917047433,0.6628896594047546,0.8962505448193859,High
4730,0.999935507774353,0.09695318595868241,0.6628896594047546,0.8986152774124775,High
4731,0.9999542236328125,0.1037248917047433,0.6628896594047546,0.8962536144585919,High
4732,0.999911904335022,0.08801976018008772,0.6628896594047546,0.9017313668082155,High
4733,0.9999611377716064,0.08061131836596214,0.6628896594047546,0.9043464645686936,High
4734,0.9999715089797974,0.03188725745309218,0.6628896594047546,0.921404564852813,High
4735,0.9999281167984009,0.024293735784051473,0.6628896594047546,0.9240427769158133,High
4736,0.9999611377716064,0.049800855940305255,0.6628896594047546,0.9151301264176736,High
4737,0.967691957950592,0.130955039050224,0.6628896594047546,0.8722050403504422,High
4738,0.9999592304229736,0.07513548367270384,0.6628896594047546,0.9062621424439848,High
4739,0.9999755620956421,0.025898674589835524,0.6628896594047546,0.9235023867966184,High
4740,0.9999611377716064,0.1058744867988024,0.6628896594047546,0.8955043556171994,High
4741,0.999919056892395,0.024293735784051473,0.6628896594047546,0.9240386939976462,High
4742,0.9999507665634155,0.07568415186623045,0.6628896594047546,0.9060663236813072,High
4743,0.9999327659606934,0.028242111576941453,0.6628896594047546,0.9226629315508689,High
4744,0.9999338388442993,0.020292628312138516,0.6628896594047546,0.9254457275307081,High
4745,0.9999510049819946,0.10612986240401545,0.6628896594047546,0.8954104144000496,High
4746,0.9999438524246216,0.07513548367270384,0.6628896594047546,0.9062552283051909,High
4747,0.9999312162399292,0.0088071254168689,0.6628896594047546,0.929464461451157,High
4748,0.9999781847000122,0.042366539051309826,0.6628896594047546,0.917739826327998,High
4749,0.9999039173126221,0.0823247805803799,0.6628896594047546,0.9037210035871044,High
4750,0.9999419450759888,0.023938009533819415,0.6628896594047546,0.924173479986451,High
4751,0.9999704360961914,0.02650080607224803,0.6628896594047546,0.9232893459989502,High
4752,0.9999039173126221,0.08261937451771745,0.6628896594047546,0.9036178957090363,High
4753,0.9999488592147827,0.0765226964066894,0.6628896594047546,0.9057719688247973,High
4754,0.999961256980896,0.10161413259202756,0.6628896594047546,0.8969955391942155,High
4755,0.9999701976776123,0.09098521005165805,0.6628896594047546,0.9007196853968672,High
4756,0.999970555305481,0.02650080607224803,0.6628896594047546,0.9232893758012726,High
4757,0.9998676776885986,0.08178333088420431,0.6628896594047546,0.9038942091104197,High
4758,0.9999501705169678,0.0765226964066894,0.6628896594047546,0.905772564871245,High
4759,0.999947190284729,0.10482026617578627,0.6628896594047546,0.8958670743475537,High
4760,0.9999611377716064,0.10547047760729167,0.6628896594047546,0.8956457588342283,High
4761,0.9999501705169678,0.10588015462806716,0.6628896594047546,0.8954974544937628,High
4762,0.9999592304229736,0.1037248917047433,0.6628896594047546,0.8962558496327709,High
4763,0.9998577833175659,0.03543678193861022,0.6628896594047546,0.920111060695342,High
4764,0.9999092817306519,0.04058664650143651,0.6628896594047546,0.918331764502848,High
4765,0.9163755178451538,0.06512149265115319,0.6628896594047546,0.8721543924833665,High
4766,0.9999223947525024,-0.001034913765375678,0.6628896594047546,0.9325429916381835,High
4767,0.9999592304229736,0.1037248917047433,0.6628896594047546,0.8962558496327709,High
4768,0.9999755620956421,0.025898674589835524,0.6628896594047546,0.9235023867966184,High
4769,0.9999316930770874,0.02671992042467275,0.6628896594047546,0.9231952216170047,High
4770,0.9999524354934692,0.049605552727548186,0.6628896594047546,0.9151945784379057,High
4771,0.9999438524246216,0.07513548367270384,0.6628896594047546,0.9062552283051909,High
4772,0.9999363422393799,0.1409262473044039,0.6628896594047546,0.883225093371666,High
4773,0.9998977184295654,0.10415474005860814,0.6628896594047546,0.8960777461537425,High
4774,0.9999592304229736,0.1037248917047433,0.6628896594047546,0.8962558496327709,High
4775,0.9999592304229736,0.07513548367270384,0.6628896594047546,0.9062621424439848,High
4776,0.9999362230300903,0.02211780221653259,0.6628896594047546,0.9248079895477762,High
4777,0.999966025352478,0.07391010032081102,0.6628896594047546,0.9066940962563531,High
4778,0.9999327659606934,0.02200552752803453,0.6628896594047546,0.9248457359679864,High
4779,0.9999579191207886,0.10124389922183141,0.6628896594047546,0.8971236307576648,High
4780,0.9999039173126221,0.07331072864558497,0.6628896594047546,0.9068759217642827,High
4781,0.9999704360961914,0.02614523746245956,0.6628896594047546,0.9234137950123762,High
4782,0.999947190284729,0.07571791056567134,0.6628896594047546,0.906052898811094,High
4783,0.9999338388442993,0.02200552752803453,0.6628896594047546,0.9248462128051446,High
4784,0.999948263168335,0.10650383562918081,0.6628896594047546,0.8952783018760239,High
4785,0.999932050704956,0.08642374364694,0.6628896594047546,0.9022990325008232,High
4786,0.9999294281005859,0.029840677214131528,0.6628896594047546,0.9221019136594106,High
4787,0.9999589920043945,0.09134942265957174,0.6628896594047546,0.9005871743916138,High
4788,0.9999362230300903,0.02705486214923869,0.6628896594047546,0.923080018571329,High
4789,0.9997959733009338,0.07161114220901377,0.6628896594047546,0.9074221992315906,High
4790,0.9999039173126221,0.08178333088420431,0.6628896594047546,0.9039105109807658,High
4791,0.9999614953994751,0.08077946224191457,0.6628896594047546,0.9042877930260446,High
4792,0.9997312426567078,0.10074853407943868,0.6628896594047546,0.8971949952079691,High
4793,0.999919056892395,0.025539237381528523,0.6628896594047546,0.9236027684385292,High
4794,0.9999402761459351,0.09695318595868241,0.6628896594047546,0.8986174231796894,High
4795,0.999895453453064,0.09311943935528894,0.6628896594047546,0.8999390583186205,High
4796,0.9999514818191528,0.11461129423916433,0.6628896594047546,0.8924421218740043,High
4797,0.9999316930770874,0.020879495895334443,0.6628896594047546,0.9252393702022731,High
4798,0.9998210072517395,0.09611474366318329,0.6628896594047546,0.8988572040004938,High
4799,0.9999755620956421,-0.002106890196709399,0.6628896594047546,0.9325669229030609,High
4800,0.9998800754547119,0.04106968444269188,0.6628896594047546,0.9181495583992357,High
4801,0.9999494552612305,0.07557030446782831,0.6628896594047546,0.9061055742243002,High
4802,0.999931812286377,0.0936573314291631,0.6628896594047546,0.8997671575677555,High
4803,0.9999555349349976,0.10701723189254292,0.6628896594047546,0.8951018914393097,High
4804,0.9999762773513794,0.02686845484525291,0.6628896594047546,0.9231632915327687,High
4805,0.9999287128448486,0.09501820692442026,0.6628896594047546,0.8992894802375856,High
4806,0.9999762773513794,0.027339324437905765,0.6628896594047546,0.9229984871753402,High
4807,0.9530013799667358,0.11651272134464385,0.6628896594047546,0.8706491003953566,High
4808,0.9999203681945801,0.025539237381528523,0.6628896594047546,0.9236033644849769,High
4809,0.9999291896820068,0.024293735784051473,0.6628896594047546,0.9240432537529715,High
4810,0.9999598264694214,0.08536066735915077,0.6628896594047546,0.9026835963746299,High
4811,0.9999762773513794,0.02650080607224803,0.6628896594047546,0.9232919686033203,High
4812,0.9999281167984009,0.024293735784051473,0.6628896594047546,0.9240427769158133,High
4813,0.9999123811721802,0.04961693733036465,0.6628896594047546,0.9151725634218754,High
4814,0.9999340772628784,0.029219459106161527,0.6628896594047546,0.9223214559620897,High
4815,0.9998592138290405,0.039664713919484895,0.6628896594047546,0.9186319103508059,High
4816,0.9998676776885986,0.08434528249475864,0.6628896594047546,0.9029975260467258,High
4817,0.9999274015426636,0.03046934744662766,0.6628896594047546,0.9218809850083654,High
4818,0.9999592304229736,0.07513548367270384,0.6628896594047546,0.9062621424439848,High
4819,0.9999499320983887,0.08556217806834482,0.6628896594047546,0.9026086270803761,High
4820,0.9998676776885986,0.08178333088420431,0.6628896594047546,0.9038942091104197,High
4821,0.999688982963562,0.08616646854088617,0.6628896594047546,0.9022797042647791,High
4822,0.9999510049819946,0.0765226964066894,0.6628896594047546,0.9057729224991137,High
4823,0.9999253749847412,0.065444234535051,0.6628896594047546,0.9096388506554232,High
4824,0.3839203119277954,0.14120068014425413,0.6628896594047546,0.6059218312177377,Medium
4825,0.9999039173126221,0.06851682352636368,0.6628896594047546,0.9085537885560101,High
4826,0.9999550580978394,0.06319083782663037,0.6628896594047546,0.9104408909438001,High
4827,0.9997925162315369,0.018110857459511354,0.6628896594047546,0.9261457491731523,High
4828,0.9999487400054932,0.0765226964066894,0.6628896594047546,0.9057719092201525,High
4829,0.9999630451202393,0.10271121603956329,0.6628896594047546,0.8966123646502825,High
4830,0.9999510049819946,0.10612986240401545,0.6628896594047546,0.8954104144000496,High
4831,0.9994750618934631,-0.002666878458307931,0.6628896594047546,0.932341706752777,High
4832,0.9999294281005859,0.023289433433239304,0.6628896594047546,0.9243948489827228,High
4833,0.9999592304229736,0.07513548367270384,0.6628896594047546,0.9062621424439848,High
4834,0.9999536275863647,0.07610587618526876,0.6628896594047546,0.9059200016695065,High
4835,0.9998756647109985,0.08542815764391509,0.6628896594047546,0.9026221258255299,High
4836,0.9999769926071167,0.03484119972869404,0.6628896594047546,0.9203731586491105,High
4837,0.9999327659606934,0.023540678920781488,0.6628896594047546,0.9243084329805249,High
4838,0.9999592304229736,0.07463175714210746,0.6628896594047546,0.9064384467296934,High
4839,0.9999487400054932,0.1415208133223636,0.6628896594047546,0.8830225682996666,High
4840,0.9999542236328125,0.07513548367270384,0.6628896594047546,0.9062599072698058,High
4841,0.9999535083770752,0.06488665842314534,0.6628896594047546,0.9098466682816049,High
4842,0.9999755620956421,0.025898674589835524,0.6628896594047546,0.9235023867966184,High
4843,0.9999548196792603,0.10347227381712515,0.6628896594047546,0.8963422989401597,High
4844,0.9999592304229736,0.07608790951159572,0.6628896594047546,0.9059287934003727,High
4845,0.9999294281005859,0.029822256488393872,0.6628896594047546,0.9221083609134187,High
4846,0.9999611377716064,0.07610587618526876,0.6628896594047546,0.9059233693319363,High
4847,0.9999417066574097,0.018359602984412415,0.6628896594047546,0.9261258328717764,High
4848,0.9999592304229736,0.07463175714210746,0.6628896594047546,0.9064384467296934,High
4849,0.999947190284729,0.07571791056567134,0.6628896594047546,0.906052898811094,High
4850,0.9999524354934692,0.10612986240401545,0.6628896594047546,0.8954110700511422,High
4851,0.9998326301574707,0.0886114173955902,0.6628896594047546,0.9014886134028917,High
4852,0.9999555349349976,0.10938022666369496,0.6628896594047546,0.8942748432694065,High
4853,0.9999611377716064,0.07608790951159572,0.6628896594047546,0.9059296576677219,High
4854,0.9999399185180664,0.10999480807172013,0.6628896594047546,0.8940527064285143,High
4855,0.9999362230300903,0.018903944526362015,0.6628896594047546,0.9259328397393359,High
4856,0.9999592304229736,0.07513548367270384,0.6628896594047546,0.9062621424439848,High
4857,0.9999592304229736,0.1037248917047433,0.6628896594047546,0.8962558496327709,High
4858,0.9999589920043945,0.08680767492261648,0.6628896594047546,0.9021767860995481,High
4859,0.9999281167984009,0.03461695346718208,0.6628896594047546,0.9204296507267176,High
4860,0.9999611377716064,0.07028049910194945,0.6628896594047546,0.907962251311098,High
4861,0.9999755620956421,0.025898674589835524,0.6628896594047546,0.9235023867966184,High
4862,0.9999755620956421,0.025898674589835524,0.6628896594047546,0.9235023867966184,High
4863,0.9999291896820068,0.024293735784051473,0.6628896594047546,0.9240432537529715,High
4864,0.9999611377716064,0.07619601888556404,0.6628896594047546,0.9058918193868329,High
4865,0.9999524354934692,0.1031244776414903,0.6628896594047546,0.896462954718026,High
4866,0.9999421834945679,0.07480863582189012,0.6628896594047546,0.906368879994916,High
4867,0.9999438524246216,0.07598267327009212,0.6628896594047546,0.9059587119461049,High
4868,0.9999592304229736,0.07513548367270384,0.6628896594047546,0.9062621424439848,High
4869,0.9999294281005859,0.023540678920781488,0.6628896594047546,0.9243069130620831,High
4870,0.9999250173568726,0.018650607133045116,0.6628896594047546,0.9260164712345132,High
4871,0.9999673366546631,-0.051069519165132804,0.6628896594047546,0.9325632274150848,High
4872,0.9999290704727173,-0.006465231161690399,0.6628896594047546,0.9325460016727447,High
4873,0.999907374382019,0.06021207077858115,0.6628896594047546,0.9114620017384981,High
4874,0.9999604225158691,0.082433997482393,0.6628896594047546,0.9037081990523965,High
4875,0.9999762773513794,0.026523087884881114,0.6628896594047546,0.9232841699688987,High
4876,0.9986629486083984,0.07474248662501681,0.6628896594047546,0.9058163705545809,High
4877,0.9999631643295288,0.10850174349334596,0.6628896594047546,0.8945857396461033,High
4878,0.9999290704727173,0.0006075058050638571,0.6628896594047546,0.9323333746409724,High
4879,0.9998676776885986,0.08178333088420431,0.6628896594047546,0.9038942091104197,High
4880,0.9999245405197144,0.08569551075604542,0.6628896594047546,0.9025505463502065,High
4881,0.9999592304229736,0.06638061205913681,0.6628896594047546,0.9093263475087332,High
4882,0.9999046325683594,0.027180811328361365,0.6628896594047546,0.9230217206508572,High
4883,0.9999250173568726,0.016859185728168913,0.6628896594047546,0.9266434687262199,High
4884,0.9999474287033081,0.1037248917047433,0.6628896594047546,0.8962505448193859,High
4885,0.9999216794967651,0.0517001360537086,0.6628896594047546,0.9144476161938393,High
4886,0.9997466206550598,0.07840580343873438,0.6628896594047546,0.9050218650710096,High
4887,0.9999536275863647,0.07610587618526876,0.6628896594047546,0.9059200016695065,High
4888,0.9999725818634033,-0.002106890196709399,0.6628896594047546,0.9325655817985534,High
4889,0.9999592304229736,0.07513548367270384,0.6628896594047546,0.9062621424439848,High
4890,0.9999611377716064,0.07567652368017419,0.6628896594047546,0.9060736427087194,High
4891,0.9990070462226868,0.06658996216942681,0.6628896594047546,0.9088246069811639,High
4892,0.9999419450759888,0.09218096227465361,0.6628896594047546,0.9002884465271591,High
4893,0.9997665286064148,0.07858129281733328,0.6628896594047546,0.9049694142875386,High
4894,0.9999507665634155,0.07568415186623045,0.6628896594047546,0.9060663236813072,High
4895,0.9999662637710571,0.022540898368343165,0.6628896594047546,0.9246734361490064,High
4896,0.9999727010726929,0.027339324437905765,0.6628896594047546,0.9229968778499312,High
4897,0.9778509736061096,0.16066861732302357,0.6628896594047546,0.8663768449999453,High
4898,0.9999592304229736,0.1037248917047433,0.6628896594047546,0.8962558496327709,High
4899,0.9999362230300903,0.018523895578789973,0.6628896594047546,0.9260658568709861,High
4900,0.99994957447052,0.07534463753445275,0.6628896594047546,0.9061846172556264,High
4901,0.9999643564224243,0.11202641124084561,0.6628896594047546,0.8933526423762814,High
4902,0.9999250173568726,0.01877729011342122,0.6628896594047546,0.9259721321913816,High
4903,0.9999536275863647,0.1058744867988024,0.6628896594047546,0.8955009879547696,High
4904,0.9999573230743408,0.1136009861452355,0.6628896594047546,0.8927983821135718,High
4905,0.999945878982544,0.00898185075215352,0.6628896594047546,0.9294099236993775,High
4906,0.9999438524246216,0.1037248917047433,0.6628896594047546,0.896248935493977,High
4907,0.9999558925628662,0.10290222867913579,0.6628896594047546,0.8965422915756142,High
4908,0.9999548196792603,0.10290222867913579,0.6628896594047546,0.896541814738456,High
4909,0.9999160766601562,0.09268746098774189,0.6628896594047546,0.900099549071847,High
4910,0.9654697179794312,0.020658814949484516,0.6628896594047546,0.9098087018579819,High
4911,0.9999592304229736,0.10487307168345145,0.6628896594047546,0.8958539866402232,High
4912,0.9991939663887024,-0.0073968670915099954,0.6628896594047546,0.9322151958942413,High
4913,0.9999291896820068,0.024293735784051473,0.6628896594047546,0.9240432537529715,High
4914,0.9999290704727173,-0.027723439954312812,0.6628896594047546,0.9325460016727447,High
4915,0.9999611377716064,0.07608790951159572,0.6628896594047546,0.9059296576677219,High
4916,0.9999200105667114,0.10009458419087902,0.6628896594047546,0.89750881428777,High
4917,0.9999301433563232,0.031877377316504085,0.6628896594047546,0.9213893964491265,High
4918,0.999961256980896,0.06297344376166225,0.6628896594047546,0.9105197802848434,High
4919,0.9999314546585083,0.010693691401842731,0.6628896594047546,0.9288042825657057,High
4920,0.9999362230300903,0.01877729011342122,0.6628896594047546,0.9259771687838652,High
4921,0.9999362230300903,0.026074092744877375,0.6628896594047546,0.9234232878628555,High
4922,0.9999291896820068,0.02454452837559118,0.6628896594047546,0.9239554763459326,High
4923,0.9999524354934692,0.1058744867988024,0.6628896594047546,0.8955004515129666,High
4924,0.9998977184295654,0.10415474005860814,0.6628896594047546,0.8960777461537425,High
4925,0.9999040365219116,0.04488116475976811,0.6628896594047546,0.9168263287289633,High
4926,0.9999438524246216,0.1037248917047433,0.6628896594047546,0.896248935493977,High
4927,0.9999603033065796,0.09689720496638726,0.6628896594047546,0.8986460466306762,High
4928,0.9665436148643494,-0.07836310880554576,0.6628896594047546,0.9175225615501403,High
4929,0.9999510049819946,0.0765226964066894,0.6628896594047546,0.9057729224991137,High
4930,0.9999381303787231,0.08433740821964036,0.6628896594047546,0.9030319917140377,High
4931,0.9999696016311646,0.026039317128246142,0.6628896594047546,0.9234504796991598,High
4932,0.9999580383300781,0.054925549703602305,0.6628896594047546,0.9133350828913673,High
4933,0.9999039173126221,0.09002554186315087,0.6628896594047546,0.9010257371381346,High
4934,0.9352124929428101,0.16602753132760167,0.6628896594047546,0.8453138938986969,High
4935,0.9999630451202393,0.0725250120075327,0.6628896594047546,0.9071775360614932,High
4936,0.9998867511749268,0.10415474005860814,0.6628896594047546,0.8960727989682261,High
4937,0.9999516010284424,0.052550340813745544,0.6628896594047546,0.9141635151775456,High
4938,0.9999750852584839,0.02650080607224803,0.6628896594047546,0.9232914321615173,High
4939,0.9999592304229736,0.1037248917047433,0.6628896594047546,0.8962558496327709,High
4940,0.9999488592147827,0.1152892648547339,0.6628896594047546,0.8922036698679817,High
4941,0.9999630451202393,0.10290222867913579,0.6628896594047546,0.896545510226432,High
4942,0.9998642206192017,0.04119131184621039,0.6628896594047546,0.9180998660529535,High
4943,0.9999579191207886,0.09993104328497371,0.6628896594047546,0.8975831303355649,High
4944,0.9999203681945801,0.025414079586794203,0.6628896594047546,0.923647169713134,High
4945,0.9998819828033447,0.09125366578002453,0.6628896594047546,0.9005860291985185,High
4946,0.9999536275863647,0.1058744867988024,0.6628896594047546,0.8955009879547696,High
4947,0.9999592304229736,0.1037248917047433,0.6628896594047546,0.8962558496327709,High
4948,0.9999325275421143,0.0921945847408655,0.6628896594047546,0.900279446734206,High
4949,0.9999630451202393,0.105302910358396,0.6628896594047546,0.895705271638691,High
4950,0.9998682737350464,0.04368964779932838,0.6628896594047546,0.9172272664110278,High
4951,0.9999603033065796,0.09817552355340747,0.6628896594047546,0.898198635125219,High
4952,0.9999583959579468,0.0551190493202105,0.6628896594047546,0.9132675368394888,High
4953,0.9999358654022217,0.04641273452271433,0.6628896594047546,0.9163046142290007,High
4954,0.9997811913490295,0.05020714617397426,0.6628896594047546,0.9149069519259619,High
4955,0.9999500513076782,0.08170555107859134,0.6628896594047546,0.9039585061314347,High
4956,0.9999281167984009,0.02911316257349661,0.6628896594047546,0.9223559775395075,High
4957,0.999948263168335,0.10124389922183141,0.6628896594047546,0.8971192796185962,High
4958,0.9999762773513794,0.02968594884930309,0.6628896594047546,0.922177168631351,High
4959,0.9999039173126221,0.08178333088420431,0.6628896594047546,0.9039105109807658,High
4960,0.9999203681945801,0.024293735784051473,0.6628896594047546,0.9240392900440939,High
4961,0.9999501705169678,0.10663251552805403,0.6628896594047546,0.8952341281787675,High
4962,0.9997316002845764,0.08760911206574284,0.6628896594047546,0.9017939419243747,High
4963,0.9999538660049438,0.08256798688306416,0.6628896594047546,0.9036583523322452,High
4964,0.9999438524246216,0.07513548367270384,0.6628896594047546,0.9062552283051909,High
4965,0.9999392032623291,0.07440531067785772,0.6628896594047546,0.9065087026908198,High
4966,0.9999316930770874,0.023289433433239304,0.6628896594047546,0.9243958920640064,High
4967,0.9999592304229736,0.07513548367270384,0.6628896594047546,0.9062621424439848,High
4968,0.9998914003372192,0.09219928084128864,0.6628896594047546,0.900259295856855,High
4969,0.9999438524246216,0.07411658574484414,0.6628896594047546,0.9066118425799418,High
4970,0.7122235894203186,0.11661287749497623,0.6628896594047546,0.7622640370166204,High
4971,0.999961256980896,0.10124389922183141,0.6628896594047546,0.8971251208737842,High
4972,0.9999349117279053,0.027191091003153867,0.6628896594047546,0.9230317424260109,High
4973,0.9999362230300903,0.018903944526362015,0.6628896594047546,0.9259328397393359,High
4974,0.9999611377716064,0.07567652368017419,0.6628896594047546,0.9060736427087194,High
4975,0.9999727010726929,-0.0009898310936696797,0.6628896594047546,0.9325656414031982,High
4976,0.9999362230300903,0.01877729011342122,0.6628896594047546,0.9259771687838652,High
4977,0.9999611377716064,0.07610587618526876,0.6628896594047546,0.9059233693319363,High
4978,0.9999630451202393,0.06379257954078665,0.6628896594047546,0.9102338874248542,High
4979,0.9999593496322632,0.10176421785760131,0.6628896594047546,0.8969421450839155,High
4980,0.9999300241470337,0.09547869888400418,0.6628896594047546,0.8991288742958566,High
4981,0.9999622106552124,0.08488081686930815,0.6628896594047546,0.9028526169296808,High
4982,0.9999583959579468,0.11429777987357403,0.6628896594047546,0.8925549811458116,High
4983,0.9999291896820068,0.036954466373828265,0.6628896594047546,0.9196119980465496,High
4984,0.9999362230300903,0.020741712880298357,0.6628896594047546,0.9252896208154582,High
4985,0.9999281167984009,0.024293735784051473,0.6628896594047546,0.9240427769158133,High
4986,0.9893576502799988,0.19400467944552857,0.6628896594047546,0.8598872277603186,High
4987,0.999961256980896,0.08396446436034855,0.6628896594047546,0.9031729230753031,High
4988,0.9999107122421265,0.004770791378744921,0.6628896594047546,0.9308679694468825,High
4989,0.999954342842102,0.10124929589851589,0.6628896594047546,0.8971201325954162,High
4990,0.9999536275863647,0.1058744867988024,0.6628896594047546,0.8955009879547696,High
4991,0.9999661445617676,0.019151643932898366,0.6628896594047546,0.9258596155967674,High
4992,0.9999762773513794,0.03800756338310962,0.6628896594047546,0.9192646035445188,High
4993,0.9999401569366455,0.10869597018719845,0.6628896594047546,0.894507389095064,High
4994,0.9999611377716064,0.07590414490383646,0.6628896594047546,0.9059939752804376,High
4995,0.9999592304229736,0.07513548367270384,0.6628896594047546,0.9062621424439848,High
4996,0.9999527931213379,0.07465729040510638,0.6628896594047546,0.9064266192623723,High
4997,0.9999032020568848,0.05387552670641238,0.6628896594047546,0.9136779146174469,High
4998,0.9999510049819946,0.0765226964066894,0.6628896594047546,0.9057729224991137,High
4999,0.9999755620956421,0.025898674589835524,0.6628896594047546,0.9235023867966184,High
