sample_id,risk_score,threat_level,response_action,priority
0,0.9306811528941102,High,BLOCK_AND_ISOLATE,CRITICAL
1,0.8949500284201637,High,BLOCK_AND_ISOLATE,CRITICAL
2,0.8973143913901487,High,BLOCK_AND_ISOLATE,CRITICAL
3,0.8947893634688496,High,BLOCK_AND_ISOLATE,CRITICAL
4,0.9234504796991598,High,BLOCK_AND_ISOLATE,CRITICAL
5,0.9248462128051446,High,BLOCK_AND_ISOLATE,CRITICAL
6,0.8969131923619623,High,BLOCK_AND_ISOLATE,CRITICAL
7,0.9230722305461668,High,BLOCK_AND_ISOLATE,CRITICAL
8,0.9231598057912322,High,BLOCK_AND_ISOLATE,CRITICAL
9,0.9205567477949508,High,BLOCK_AND_ISOLATE,CRITICAL
10,0.9064087957010706,High,BLOCK_AND_ISOLATE,CRITICAL
11,0.92496983416109,High,BLOCK_AND_ISOLATE,CRITICAL
12,0.9303639319207336,High,BLOCK_AND_ISOLATE,CRITICAL
13,0.9192946117835804,High,BLOCK_AND_ISOLATE,CRITICAL
14,0.9057719092201524,High,BLOCK_AND_ISOLATE,CRITICAL
15,0.9029671508347188,High,BLOCK_AND_ISOLATE,CRITICAL
16,0.8969118214551325,High,BLOCK_AND_ISOLATE,CRITICAL
17,0.8962496805520367,High,BLOCK_AND_ISOLATE,CRITICAL
18,0.9240165756967548,High,BLOCK_AND_ISOLATE,CRITICAL
19,0.9243069130620832,High,BLOCK_AND_ISOLATE,CRITICAL
20,0.877628099674354,High,BLOCK_AND_ISOLATE,CRITICAL
21,0.8960777461537425,High,BLOCK_AND_ISOLATE,CRITICAL
22,0.893058099658535,High,BLOCK_AND_ISOLATE,CRITICAL
23,0.9039105109807658,High,BLOCK_AND_ISOLATE,CRITICAL
24,0.926065856870986,High,BLOCK_AND_ISOLATE,CRITICAL
25,0.9062621424439848,High,BLOCK_AND_ISOLATE,CRITICAL
26,0.9323579033840566,High,BLOCK_AND_ISOLATE,CRITICAL
27,0.928152476313833,High,BLOCK_AND_ISOLATE,CRITICAL
28,0.8958539866402232,High,BLOCK_AND_ISOLATE,CRITICAL
29,0.9098463404560586,High,BLOCK_AND_ISOLATE,CRITICAL
30,0.921324536585547,High,BLOCK_AND_ISOLATE,CRITICAL
31,0.9259771687838652,High,BLOCK_AND_ISOLATE,CRITICAL
32,0.9062599072698058,High,BLOCK_AND_ISOLATE,CRITICAL
33,0.9235023867966184,High,BLOCK_AND_ISOLATE,CRITICAL
34,0.925510640315708,High,BLOCK_AND_ISOLATE,CRITICAL
35,0.8825048979396498,High,BLOCK_AND_ISOLATE,CRITICAL
36,0.9059287934003728,High,BLOCK_AND_ISOLATE,CRITICAL
37,0.9192999062107104,High,BLOCK_AND_ISOLATE,CRITICAL
38,0.8971251208737842,High,BLOCK_AND_ISOLATE,CRITICAL
39,0.9236256299841248,High,BLOCK_AND_ISOLATE,CRITICAL
40,0.905478367907784,High,BLOCK_AND_ISOLATE,CRITICAL
41,0.9091223908599874,High,BLOCK_AND_ISOLATE,CRITICAL
42,0.9325178980827332,High,BLOCK_AND_ISOLATE,CRITICAL
43,0.9231598057912322,High,BLOCK_AND_ISOLATE,CRITICAL
44,0.9231598057912322,High,BLOCK_AND_ISOLATE,CRITICAL
45,0.9062621424439848,High,BLOCK_AND_ISOLATE,CRITICAL
46,0.9195131105348888,High,BLOCK_AND_ISOLATE,CRITICAL
47,0.8989641198211967,High,BLOCK_AND_ISOLATE,CRITICAL
48,0.9259771687838652,High,BLOCK_AND_ISOLATE,CRITICAL
49,0.8980139452711482,High,BLOCK_AND_ISOLATE,CRITICAL
50,0.906186047767101,High,BLOCK_AND_ISOLATE,CRITICAL
51,0.9255548741313818,High,BLOCK_AND_ISOLATE,CRITICAL
52,0.9242816491724052,High,BLOCK_AND_ISOLATE,CRITICAL
53,0.8301891026004838,High,BLOCK_AND_ISOLATE,CRITICAL
54,0.9193363405354728,High,BLOCK_AND_ISOLATE,CRITICAL
55,0.9029661684836366,High,BLOCK_AND_ISOLATE,CRITICAL
56,0.8960727989682261,High,BLOCK_AND_ISOLATE,CRITICAL
57,0.9323316037654876,High,BLOCK_AND_ISOLATE,CRITICAL
58,0.9057726542782122,High,BLOCK_AND_ISOLATE,CRITICAL
59,0.925932839739336,High,BLOCK_AND_ISOLATE,CRITICAL
60,0.8958539866402232,High,BLOCK_AND_ISOLATE,CRITICAL
61,0.9107466494366226,High,BLOCK_AND_ISOLATE,CRITICAL
62,0.8651800711435443,High,BLOCK_AND_ISOLATE,CRITICAL
63,0.9167053041488794,High,BLOCK_AND_ISOLATE,CRITICAL
64,0.929220975360314,High,BLOCK_AND_ISOLATE,CRITICAL
65,0.9003288746011687,High,BLOCK_AND_ISOLATE,CRITICAL
66,0.8977684290849735,High,BLOCK_AND_ISOLATE,CRITICAL
67,0.9142697703145628,High,BLOCK_AND_ISOLATE,CRITICAL
68,0.8731616339533169,High,BLOCK_AND_ISOLATE,CRITICAL
69,0.918034638514736,High,BLOCK_AND_ISOLATE,CRITICAL
70,0.8962558496327709,High,BLOCK_AND_ISOLATE,CRITICAL
71,0.9062552283051908,High,BLOCK_AND_ISOLATE,CRITICAL
72,0.9075933620311204,High,BLOCK_AND_ISOLATE,CRITICAL
73,0.9256320724596924,High,BLOCK_AND_ISOLATE,CRITICAL
74,0.9217608873151294,High,BLOCK_AND_ISOLATE,CRITICAL
75,0.9309387515184576,High,BLOCK_AND_ISOLATE,CRITICAL
76,0.8958695777426343,High,BLOCK_AND_ISOLATE,CRITICAL
77,0.927207193394176,High,BLOCK_AND_ISOLATE,CRITICAL
78,0.9057719092201524,High,BLOCK_AND_ISOLATE,CRITICAL
79,0.8962505448193859,High,BLOCK_AND_ISOLATE,CRITICAL
80,0.9231598057912322,High,BLOCK_AND_ISOLATE,CRITICAL
81,0.9060663236813072,High,BLOCK_AND_ISOLATE,CRITICAL
82,0.8862595862452897,High,BLOCK_AND_ISOLATE,CRITICAL
83,0.922020979260751,High,BLOCK_AND_ISOLATE,CRITICAL
84,0.9244118715972724,High,BLOCK_AND_ISOLATE,CRITICAL
85,0.9042964451618888,High,BLOCK_AND_ISOLATE,CRITICAL
86,0.8984239879753545,High,BLOCK_AND_ISOLATE,CRITICAL
87,0.8969421450839155,High,BLOCK_AND_ISOLATE,CRITICAL
88,0.9260164712345132,High,BLOCK_AND_ISOLATE,CRITICAL
89,0.8967851990470819,High,BLOCK_AND_ISOLATE,CRITICAL
90,0.8923998594775618,High,BLOCK_AND_ISOLATE,CRITICAL
91,0.9023752120896718,High,BLOCK_AND_ISOLATE,CRITICAL
92,0.8962558496327709,High,BLOCK_AND_ISOLATE,CRITICAL
93,0.9066187567187356,High,BLOCK_AND_ISOLATE,CRITICAL
94,0.8966045443342561,High,BLOCK_AND_ISOLATE,CRITICAL
95,0.8968691802348228,High,BLOCK_AND_ISOLATE,CRITICAL
96,0.9062621424439848,High,BLOCK_AND_ISOLATE,CRITICAL
97,0.9213261095542086,High,BLOCK_AND_ISOLATE,CRITICAL
98,0.9038942091104196,High,BLOCK_AND_ISOLATE,CRITICAL
99,0.8977507469615641,High,BLOCK_AND_ISOLATE,CRITICAL
100,0.9213099627651246,High,BLOCK_AND_ISOLATE,CRITICAL
101,0.9100732110630076,High,BLOCK_AND_ISOLATE,CRITICAL
102,0.8962558496327709,High,BLOCK_AND_ISOLATE,CRITICAL
103,0.916090247252812,High,BLOCK_AND_ISOLATE,CRITICAL
104,0.9235023867966184,High,BLOCK_AND_ISOLATE,CRITICAL
105,0.8943495397241779,High,BLOCK_AND_ISOLATE,CRITICAL
106,0.8971251208737842,High,BLOCK_AND_ISOLATE,CRITICAL
107,0.8958548509075724,High,BLOCK_AND_ISOLATE,CRITICAL
108,0.9062855997620186,High,BLOCK_AND_ISOLATE,CRITICAL
109,0.8971251208737842,High,BLOCK_AND_ISOLATE,CRITICAL
110,0.8955009879547696,High,BLOCK_AND_ISOLATE,CRITICAL
111,0.8993611740102655,High,BLOCK_AND_ISOLATE,CRITICAL
112,0.7073937209289834,High,BLOCK_AND_ISOLATE,CRITICAL
113,0.9236909848217444,High,BLOCK_AND_ISOLATE,CRITICAL
114,0.9061845576509816,High,BLOCK_AND_ISOLATE,CRITICAL
115,0.9062552283051908,High,BLOCK_AND_ISOLATE,CRITICAL
116,0.8928067186461909,High,BLOCK_AND_ISOLATE,CRITICAL
117,0.9236721629924296,High,BLOCK_AND_ISOLATE,CRITICAL
118,0.903957382942182,High,BLOCK_AND_ISOLATE,CRITICAL
119,0.906548709841708,High,BLOCK_AND_ISOLATE,CRITICAL
120,0.9230547303757968,High,BLOCK_AND_ISOLATE,CRITICAL
121,0.9037230599473492,High,BLOCK_AND_ISOLATE,CRITICAL
122,0.9094439696049492,High,BLOCK_AND_ISOLATE,CRITICAL
123,0.7920921983834677,High,BLOCK_AND_ISOLATE,CRITICAL
124,0.8983183775401621,High,BLOCK_AND_ISOLATE,CRITICAL
125,0.9065463398368762,High,BLOCK_AND_ISOLATE,CRITICAL
126,0.9060924296997792,High,BLOCK_AND_ISOLATE,CRITICAL
127,0.8768355036254929,High,BLOCK_AND_ISOLATE,CRITICAL
128,0.9230340670071572,High,BLOCK_AND_ISOLATE,CRITICAL
129,0.8907086814903428,High,BLOCK_AND_ISOLATE,CRITICAL
130,0.896541814738456,High,BLOCK_AND_ISOLATE,CRITICAL
131,0.9252896208154582,High,BLOCK_AND_ISOLATE,CRITICAL
132,0.9249550851392144,High,BLOCK_AND_ISOLATE,CRITICAL
133,0.9254664164749076,High,BLOCK_AND_ISOLATE,CRITICAL
134,0.8960449587433992,High,BLOCK_AND_ISOLATE,CRITICAL
135,0.9057736874862,High,BLOCK_AND_ISOLATE,CRITICAL
136,0.8954978121216315,High,BLOCK_AND_ISOLATE,CRITICAL
137,0.9257319091878148,High,BLOCK_AND_ISOLATE,CRITICAL
138,0.8960829317578379,High,BLOCK_AND_ISOLATE,CRITICAL
139,0.8962452100576748,High,BLOCK_AND_ISOLATE,CRITICAL
140,0.926065856870986,High,BLOCK_AND_ISOLATE,CRITICAL
141,0.9103636794881094,High,BLOCK_AND_ISOLATE,CRITICAL
142,0.9235023867966184,High,BLOCK_AND_ISOLATE,CRITICAL
143,0.8960829317578379,High,BLOCK_AND_ISOLATE,CRITICAL
144,0.8765817125505339,High,BLOCK_AND_ISOLATE,CRITICAL
145,0.91818018686094,High,BLOCK_AND_ISOLATE,CRITICAL
146,0.9062621424439848,High,BLOCK_AND_ISOLATE,CRITICAL
147,0.7515317366459542,High,BLOCK_AND_ISOLATE,CRITICAL
148,0.9164780760648358,High,BLOCK_AND_ISOLATE,CRITICAL
149,0.9325460016727448,High,BLOCK_AND_ISOLATE,CRITICAL
150,0.9062621424439848,High,BLOCK_AND_ISOLATE,CRITICAL
151,0.8979136197616674,High,BLOCK_AND_ISOLATE,CRITICAL
152,0.9138375752956664,High,BLOCK_AND_ISOLATE,CRITICAL
153,0.9235023867966184,High,BLOCK_AND_ISOLATE,CRITICAL
154,0.9237971461958576,High,BLOCK_AND_ISOLATE,CRITICAL
155,0.8929847285439984,High,BLOCK_AND_ISOLATE,CRITICAL
156,0.8940073566638833,High,BLOCK_AND_ISOLATE,CRITICAL
157,0.9231598057912322,High,BLOCK_AND_ISOLATE,CRITICAL
158,0.925932839739336,High,BLOCK_AND_ISOLATE,CRITICAL
159,0.924101979608183,High,BLOCK_AND_ISOLATE,CRITICAL
160,0.8962558496327709,High,BLOCK_AND_ISOLATE,CRITICAL
161,0.9243963689011646,High,BLOCK_AND_ISOLATE,CRITICAL
162,0.9050816425919692,High,BLOCK_AND_ISOLATE,CRITICAL
163,0.9238688665913796,High,BLOCK_AND_ISOLATE,CRITICAL
164,0.9062621424439848,High,BLOCK_AND_ISOLATE,CRITICAL
165,0.8966454111587514,High,BLOCK_AND_ISOLATE,CRITICAL
166,0.9059287934003728,High,BLOCK_AND_ISOLATE,CRITICAL
167,0.9062621424439848,High,BLOCK_AND_ISOLATE,CRITICAL
168,0.896450264132316,High,BLOCK_AND_ISOLATE,CRITICAL
169,0.9057729224991136,High,BLOCK_AND_ISOLATE,CRITICAL
170,0.906052898811094,High,BLOCK_AND_ISOLATE,CRITICAL
171,0.9029949794342972,High,BLOCK_AND_ISOLATE,CRITICAL
172,0.927182532864792,High,BLOCK_AND_ISOLATE,CRITICAL
173,0.9223074877989014,High,BLOCK_AND_ISOLATE,CRITICAL
174,0.9234519400129568,High,BLOCK_AND_ISOLATE,CRITICAL
175,0.9062621424439848,High,BLOCK_AND_ISOLATE,CRITICAL
176,0.9229064092534556,High,BLOCK_AND_ISOLATE,CRITICAL
177,0.9186521461277072,High,BLOCK_AND_ISOLATE,CRITICAL
178,0.9235023867966184,High,BLOCK_AND_ISOLATE,CRITICAL
179,0.9038942091104196,High,BLOCK_AND_ISOLATE,CRITICAL
180,0.9154434582824978,High,BLOCK_AND_ISOLATE,CRITICAL
181,0.9096308800068956,High,BLOCK_AND_ISOLATE,CRITICAL
182,0.9078221749128342,High,BLOCK_AND_ISOLATE,CRITICAL
183,0.8961156894439609,High,BLOCK_AND_ISOLATE,CRITICAL
184,0.9022664769271244,High,BLOCK_AND_ISOLATE,CRITICAL
185,0.9255548741313818,High,BLOCK_AND_ISOLATE,CRITICAL
186,0.9062552283051908,High,BLOCK_AND_ISOLATE,CRITICAL
187,0.9248026153901876,High,BLOCK_AND_ISOLATE,CRITICAL
188,0.8960727989682261,High,BLOCK_AND_ISOLATE,CRITICAL
189,0.9231632915327688,High,BLOCK_AND_ISOLATE,CRITICAL
190,0.915772934845902,High,BLOCK_AND_ISOLATE,CRITICAL
191,0.8814043856763746,High,BLOCK_AND_ISOLATE,CRITICAL
192,0.8993648872860046,High,BLOCK_AND_ISOLATE,CRITICAL
193,0.8943526491765775,High,BLOCK_AND_ISOLATE,CRITICAL
194,0.922504914348195,High,BLOCK_AND_ISOLATE,CRITICAL
195,0.9017340773074836,High,BLOCK_AND_ISOLATE,CRITICAL
196,0.9061557678759334,High,BLOCK_AND_ISOLATE,CRITICAL
197,0.8976331175579924,High,BLOCK_AND_ISOLATE,CRITICAL
198,0.9062552283051908,High,BLOCK_AND_ISOLATE,CRITICAL
199,0.896248935493977,High,BLOCK_AND_ISOLATE,CRITICAL
200,0.9039053253766705,High,BLOCK_AND_ISOLATE,CRITICAL
201,0.893616779219716,High,BLOCK_AND_ISOLATE,CRITICAL
202,0.9145690659644836,High,BLOCK_AND_ISOLATE,CRITICAL
203,0.9094420948608524,High,BLOCK_AND_ISOLATE,CRITICAL
204,0.9232914321615172,High,BLOCK_AND_ISOLATE,CRITICAL
205,0.9039105109807658,High,BLOCK_AND_ISOLATE,CRITICAL
206,0.8969421450839155,High,BLOCK_AND_ISOLATE,CRITICAL
207,0.9062621424439848,High,BLOCK_AND_ISOLATE,CRITICAL
208,0.9243943721455646,High,BLOCK_AND_ISOLATE,CRITICAL
209,0.8971251208737842,High,BLOCK_AND_ISOLATE,CRITICAL
210,0.9216444626567702,High,BLOCK_AND_ISOLATE,CRITICAL
211,0.9062621424439848,High,BLOCK_AND_ISOLATE,CRITICAL
212,0.9143308114658304,High,BLOCK_AND_ISOLATE,CRITICAL
213,0.8958680876265149,High,BLOCK_AND_ISOLATE,CRITICAL
214,0.9149563980587472,High,BLOCK_AND_ISOLATE,CRITICAL
215,0.9059287934003728,High,BLOCK_AND_ISOLATE,CRITICAL
216,0.8986400265615538,High,BLOCK_AND_ISOLATE,CRITICAL
217,0.9152348148454884,High,BLOCK_AND_ISOLATE,CRITICAL
218,0.916573588119878,High,BLOCK_AND_ISOLATE,CRITICAL
219,0.766098425064194,High,BLOCK_AND_ISOLATE,CRITICAL
220,0.8962558496327709,High,BLOCK_AND_ISOLATE,CRITICAL
221,0.9062621424439848,High,BLOCK_AND_ISOLATE,CRITICAL
222,0.9151670003342652,High,BLOCK_AND_ISOLATE,CRITICAL
223,0.9186557820110384,High,BLOCK_AND_ISOLATE,CRITICAL
224,0.9243799697269898,High,BLOCK_AND_ISOLATE,CRITICAL
225,0.905929657667722,High,BLOCK_AND_ISOLATE,CRITICAL
226,0.896450264132316,High,BLOCK_AND_ISOLATE,CRITICAL
227,0.9260164712345132,High,BLOCK_AND_ISOLATE,CRITICAL
228,0.9045185600095924,High,BLOCK_AND_ISOLATE,CRITICAL
229,0.9158046916525054,High,BLOCK_AND_ISOLATE,CRITICAL
230,0.9015132923056042,High,BLOCK_AND_ISOLATE,CRITICAL
231,0.9025529901406424,High,BLOCK_AND_ISOLATE,CRITICAL
232,0.906052898811094,High,BLOCK_AND_ISOLATE,CRITICAL
233,0.9003054961641185,High,BLOCK_AND_ISOLATE,CRITICAL
234,0.9210764401883076,High,BLOCK_AND_ISOLATE,CRITICAL
235,0.9289662717159016,High,BLOCK_AND_ISOLATE,CRITICAL
236,0.9050169601715852,High,BLOCK_AND_ISOLATE,CRITICAL
237,0.9062552283051908,High,BLOCK_AND_ISOLATE,CRITICAL
238,0.9032039460823827,High,BLOCK_AND_ISOLATE,CRITICAL
239,0.931234530276278,High,BLOCK_AND_ISOLATE,CRITICAL
240,0.9032905465777752,High,BLOCK_AND_ISOLATE,CRITICAL
241,0.9237094811970472,High,BLOCK_AND_ISOLATE,CRITICAL
242,0.9118901476470248,High,BLOCK_AND_ISOLATE,CRITICAL
243,0.915074341866753,High,BLOCK_AND_ISOLATE,CRITICAL
244,0.925932839739336,High,BLOCK_AND_ISOLATE,CRITICAL
245,0.925932839739336,High,BLOCK_AND_ISOLATE,CRITICAL
246,0.9220175314126814,High,BLOCK_AND_ISOLATE,CRITICAL
247,0.9007361194485434,High,BLOCK_AND_ISOLATE,CRITICAL
248,0.9038942091104196,High,BLOCK_AND_ISOLATE,CRITICAL
249,0.9060821953086824,High,BLOCK_AND_ISOLATE,CRITICAL
250,0.8958539866402232,High,BLOCK_AND_ISOLATE,CRITICAL
251,0.8273911603881153,High,BLOCK_AND_ISOLATE,CRITICAL
252,0.9229638864460497,High,BLOCK_AND_ISOLATE,CRITICAL
253,0.896248935493977,High,BLOCK_AND_ISOLATE,CRITICAL
254,0.9033860065093392,High,BLOCK_AND_ISOLATE,CRITICAL
255,0.9134984009590388,High,BLOCK_AND_ISOLATE,CRITICAL
256,0.897217630377174,High,BLOCK_AND_ISOLATE,CRITICAL
257,0.902800633990893,High,BLOCK_AND_ISOLATE,CRITICAL
258,0.8964512178066324,High,BLOCK_AND_ISOLATE,CRITICAL
259,0.9038237783781168,High,BLOCK_AND_ISOLATE,CRITICAL
260,0.9256433716963492,High,BLOCK_AND_ISOLATE,CRITICAL
261,0.9231598057912322,High,BLOCK_AND_ISOLATE,CRITICAL
262,0.9056337002108308,High,BLOCK_AND_ISOLATE,CRITICAL
263,0.9229968778499312,High,BLOCK_AND_ISOLATE,CRITICAL
264,0.9065455351741716,High,BLOCK_AND_ISOLATE,CRITICAL
265,0.9061845576509816,High,BLOCK_AND_ISOLATE,CRITICAL
266,0.8991288742958566,High,BLOCK_AND_ISOLATE,CRITICAL
267,0.9102489889090928,High,BLOCK_AND_ISOLATE,CRITICAL
268,0.9255548741313818,High,BLOCK_AND_ISOLATE,CRITICAL
269,0.8946054495857215,High,BLOCK_AND_ISOLATE,CRITICAL
270,0.9213767022997104,High,BLOCK_AND_ISOLATE,CRITICAL
271,0.920375007711787,High,BLOCK_AND_ISOLATE,CRITICAL
272,0.9019076843953108,High,BLOCK_AND_ISOLATE,CRITICAL
273,0.8964438499818145,High,BLOCK_AND_ISOLATE,CRITICAL
274,0.9094377735241062,High,BLOCK_AND_ISOLATE,CRITICAL
275,0.9241306833314116,High,BLOCK_AND_ISOLATE,CRITICAL
276,0.9213277792833584,High,BLOCK_AND_ISOLATE,CRITICAL
277,0.8957527990570713,High,BLOCK_AND_ISOLATE,CRITICAL
278,0.9062578211072386,High,BLOCK_AND_ISOLATE,CRITICAL
279,0.9231598057912322,High,BLOCK_AND_ISOLATE,CRITICAL
280,0.9231598057912322,High,BLOCK_AND_ISOLATE,CRITICAL
281,0.9235571849492542,High,BLOCK_AND_ISOLATE,CRITICAL
282,0.8947702786996856,High,BLOCK_AND_ISOLATE,CRITICAL
283,0.9220506490381568,High,BLOCK_AND_ISOLATE,CRITICAL
284,0.9066187567187356,High,BLOCK_AND_ISOLATE,CRITICAL
285,0.902049682750258,High,BLOCK_AND_ISOLATE,CRITICAL
286,0.6461983167529008,Medium,MONITOR_AND_LOG,WARNING
287,0.8989183004500558,High,BLOCK_AND_ISOLATE,CRITICAL
288,0.9062621424439848,High,BLOCK_AND_ISOLATE,CRITICAL
289,0.903001344889804,High,BLOCK_AND_ISOLATE,CRITICAL
290,0.9062621424439848,High,BLOCK_AND_ISOLATE,CRITICAL
291,0.9050892719865006,High,BLOCK_AND_ISOLATE,CRITICAL
292,0.9065463398368762,High,BLOCK_AND_ISOLATE,CRITICAL
293,0.9240433431599386,High,BLOCK_AND_ISOLATE,CRITICAL
294,0.9127231575731396,High,BLOCK_AND_ISOLATE,CRITICAL
295,0.917461118619601,High,BLOCK_AND_ISOLATE,CRITICAL
296,0.8962558496327709,High,BLOCK_AND_ISOLATE,CRITICAL
297,0.89258129639438,High,BLOCK_AND_ISOLATE,CRITICAL
298,0.9248462128051446,High,BLOCK_AND_ISOLATE,CRITICAL
299,0.9062855997620186,High,BLOCK_AND_ISOLATE,CRITICAL
300,0.9230545813641848,High,BLOCK_AND_ISOLATE,CRITICAL
301,0.9021674470373824,High,BLOCK_AND_ISOLATE,CRITICAL
302,0.9039105109807658,High,BLOCK_AND_ISOLATE,CRITICAL
303,0.9039053253766705,High,BLOCK_AND_ISOLATE,CRITICAL
304,0.9098494194318792,High,BLOCK_AND_ISOLATE,CRITICAL
305,0.920450643539684,High,BLOCK_AND_ISOLATE,CRITICAL
306,0.90263203601995,High,BLOCK_AND_ISOLATE,CRITICAL
307,0.9059287934003728,High,BLOCK_AND_ISOLATE,CRITICAL
308,0.9025391582020492,High,BLOCK_AND_ISOLATE,CRITICAL
309,0.9120252249815872,High,BLOCK_AND_ISOLATE,CRITICAL
310,0.9174955944634724,High,BLOCK_AND_ISOLATE,CRITICAL
311,0.9083118199631622,High,BLOCK_AND_ISOLATE,CRITICAL
312,0.8989334498539202,High,BLOCK_AND_ISOLATE,CRITICAL
313,0.8956023861321505,High,BLOCK_AND_ISOLATE,CRITICAL
314,0.9317880031040154,High,BLOCK_AND_ISOLATE,CRITICAL
315,0.9030697544719004,High,BLOCK_AND_ISOLATE,CRITICAL
316,0.903710662181236,High,BLOCK_AND_ISOLATE,CRITICAL
317,0.9162174856368924,High,BLOCK_AND_ISOLATE,CRITICAL
318,0.9226420768379544,High,BLOCK_AND_ISOLATE,CRITICAL
319,0.92496983416109,High,BLOCK_AND_ISOLATE,CRITICAL
320,0.8185465208380812,High,BLOCK_AND_ISOLATE,CRITICAL
321,0.8962558496327709,High,BLOCK_AND_ISOLATE,CRITICAL
322,0.9103222600401458,High,BLOCK_AND_ISOLATE,CRITICAL
323,0.9229984871753402,High,BLOCK_AND_ISOLATE,CRITICAL
324,0.9062621424439848,High,BLOCK_AND_ISOLATE,CRITICAL
325,0.8938311385355505,High,BLOCK_AND_ISOLATE,CRITICAL
326,0.9235023867966184,High,BLOCK_AND_ISOLATE,CRITICAL
327,0.9039105109807658,High,BLOCK_AND_ISOLATE,CRITICAL
328,0.8972151789651989,High,BLOCK_AND_ISOLATE,CRITICAL
329,0.904207868093187,High,BLOCK_AND_ISOLATE,CRITICAL
330,0.8977303427703535,High,BLOCK_AND_ISOLATE,CRITICAL
331,0.896755365497701,High,BLOCK_AND_ISOLATE,CRITICAL
332,0.9325672507286072,High,BLOCK_AND_ISOLATE,CRITICAL
333,0.8962558496327709,High,BLOCK_AND_ISOLATE,CRITICAL
334,0.8954978121216315,High,BLOCK_AND_ISOLATE,CRITICAL
335,0.9061055742243002,High,BLOCK_AND_ISOLATE,CRITICAL
336,0.927551759327386,High,BLOCK_AND_ISOLATE,CRITICAL
337,0.8928755442426093,High,BLOCK_AND_ISOLATE,CRITICAL
338,0.8927110790222702,High,BLOCK_AND_ISOLATE,CRITICAL
339,0.9036015938386902,High,BLOCK_AND_ISOLATE,CRITICAL
340,0.910365834053617,High,BLOCK_AND_ISOLATE,CRITICAL
341,0.902339461785984,High,BLOCK_AND_ISOLATE,CRITICAL
342,0.9256122271358412,High,BLOCK_AND_ISOLATE,CRITICAL
343,0.8969399993167035,High,BLOCK_AND_ISOLATE,CRITICAL
344,0.8962558496327709,High,BLOCK_AND_ISOLATE,CRITICAL
345,0.8967851990470819,High,BLOCK_AND_ISOLATE,CRITICAL
346,0.9242296927374504,High,BLOCK_AND_ISOLATE,CRITICAL
347,0.899675043268875,High,BLOCK_AND_ISOLATE,CRITICAL
348,0.893433209925512,High,BLOCK_AND_ISOLATE,CRITICAL
349,0.9067304970288976,High,BLOCK_AND_ISOLATE,CRITICAL
350,0.8946076351470554,High,BLOCK_AND_ISOLATE,CRITICAL
351,0.9045261650517414,High,BLOCK_AND_ISOLATE,CRITICAL
352,0.9018298840184724,High,BLOCK_AND_ISOLATE,CRITICAL
353,0.9187375359705108,High,BLOCK_AND_ISOLATE,CRITICAL
354,0.8958539866402232,High,BLOCK_AND_ISOLATE,CRITICAL
355,0.8974470698635149,High,BLOCK_AND_ISOLATE,CRITICAL
356,0.8999569956254169,High,BLOCK_AND_ISOLATE,CRITICAL
357,0.9105197802848434,High,BLOCK_AND_ISOLATE,CRITICAL
358,0.8997663821311986,High,BLOCK_AND_ISOLATE,CRITICAL
359,0.8935620611294319,High,BLOCK_AND_ISOLATE,CRITICAL
360,0.9059287934003728,High,BLOCK_AND_ISOLATE,CRITICAL
361,0.8522775687398277,High,BLOCK_AND_ISOLATE,CRITICAL
362,0.9066187567187356,High,BLOCK_AND_ISOLATE,CRITICAL
363,0.9104269998783068,High,BLOCK_AND_ISOLATE,CRITICAL
364,0.9324541509151458,High,BLOCK_AND_ISOLATE,CRITICAL
365,0.9098456550026436,High,BLOCK_AND_ISOLATE,CRITICAL
366,0.8968805150322002,High,BLOCK_AND_ISOLATE,CRITICAL
367,0.8935858385962944,High,BLOCK_AND_ISOLATE,CRITICAL
368,0.8971236307576648,High,BLOCK_AND_ISOLATE,CRITICAL
369,0.9234957057628324,High,BLOCK_AND_ISOLATE,CRITICAL
370,0.9029988759179104,High,BLOCK_AND_ISOLATE,CRITICAL
371,0.9232893758012726,High,BLOCK_AND_ISOLATE,CRITICAL
372,0.923501045692111,High,BLOCK_AND_ISOLATE,CRITICAL
373,0.827139473948297,High,BLOCK_AND_ISOLATE,CRITICAL
374,0.8160253022506757,High,BLOCK_AND_ISOLATE,CRITICAL
375,0.9027990842701288,High,BLOCK_AND_ISOLATE,CRITICAL
376,0.9243943721455646,High,BLOCK_AND_ISOLATE,CRITICAL
377,0.930628538371468,High,BLOCK_AND_ISOLATE,CRITICAL
378,0.9039105109807658,High,BLOCK_AND_ISOLATE,CRITICAL
379,0.9239993601003692,High,BLOCK_AND_ISOLATE,CRITICAL
380,0.9020907917562194,High,BLOCK_AND_ISOLATE,CRITICAL
381,0.8955004515129666,High,BLOCK_AND_ISOLATE,CRITICAL
382,0.9143642291997908,High,BLOCK_AND_ISOLATE,CRITICAL
383,0.9051555143013256,High,BLOCK_AND_ISOLATE,CRITICAL
384,0.8957466310282776,High,BLOCK_AND_ISOLATE,CRITICAL
385,0.924100165706306,High,BLOCK_AND_ISOLATE,CRITICAL
386,0.8930519724272751,High,BLOCK_AND_ISOLATE,CRITICAL
387,0.9235571849492542,High,BLOCK_AND_ISOLATE,CRITICAL
388,0.8202851710309959,High,BLOCK_AND_ISOLATE,CRITICAL
389,0.9243943721455646,High,BLOCK_AND_ISOLATE,CRITICAL
390,0.8981377952099744,High,BLOCK_AND_ISOLATE,CRITICAL
391,0.9128059806273432,High,BLOCK_AND_ISOLATE,CRITICAL
392,0.903504053865274,High,BLOCK_AND_ISOLATE,CRITICAL
393,0.8991761435443841,High,BLOCK_AND_ISOLATE,CRITICAL
394,0.9224803095849556,High,BLOCK_AND_ISOLATE,CRITICAL
395,0.8974324145603624,High,BLOCK_AND_ISOLATE,CRITICAL
396,0.9037210035871044,High,BLOCK_AND_ISOLATE,CRITICAL
397,0.9235566187051288,High,BLOCK_AND_ISOLATE,CRITICAL
398,0.9298015297425888,High,BLOCK_AND_ISOLATE,CRITICAL
399,0.9075481826066536,High,BLOCK_AND_ISOLATE,CRITICAL
400,0.9012800770568165,High,BLOCK_AND_ISOLATE,CRITICAL
401,0.903671869923386,High,BLOCK_AND_ISOLATE,CRITICAL
402,0.8960703000550286,High,BLOCK_AND_ISOLATE,CRITICAL
403,0.9221819413593688,High,BLOCK_AND_ISOLATE,CRITICAL
404,0.8960777461537425,High,BLOCK_AND_ISOLATE,CRITICAL
405,0.9036015938386902,High,BLOCK_AND_ISOLATE,CRITICAL
406,0.922619469577625,High,BLOCK_AND_ISOLATE,CRITICAL
407,0.9231632915327688,High,BLOCK_AND_ISOLATE,CRITICAL
408,0.923501045692111,High,BLOCK_AND_ISOLATE,CRITICAL
409,0.9062621424439848,High,BLOCK_AND_ISOLATE,CRITICAL
410,0.8572362753721152,High,BLOCK_AND_ISOLATE,CRITICAL
411,0.8962558496327709,High,BLOCK_AND_ISOLATE,CRITICAL
412,0.9061055742243002,High,BLOCK_AND_ISOLATE,CRITICAL
413,0.9134984365930768,High,BLOCK_AND_ISOLATE,CRITICAL
414,0.9236903887752966,High,BLOCK_AND_ISOLATE,CRITICAL
415,0.9321670041819168,High,BLOCK_AND_ISOLATE,CRITICAL
416,0.9038540511442196,High,BLOCK_AND_ISOLATE,CRITICAL
417,0.924039290044094,High,BLOCK_AND_ISOLATE,CRITICAL
418,0.906545088139336,High,BLOCK_AND_ISOLATE,CRITICAL
419,0.9093272117760824,High,BLOCK_AND_ISOLATE,CRITICAL
420,0.926065856870986,High,BLOCK_AND_ISOLATE,CRITICAL
421,0.9059939752804376,High,BLOCK_AND_ISOLATE,CRITICAL
422,0.9097570738263518,High,BLOCK_AND_ISOLATE,CRITICAL
423,0.9039053253766705,High,BLOCK_AND_ISOLATE,CRITICAL
424,0.8961300281536214,High,BLOCK_AND_ISOLATE,CRITICAL
425,0.9231598057912322,High,BLOCK_AND_ISOLATE,CRITICAL
426,0.9252896208154582,High,BLOCK_AND_ISOLATE,CRITICAL
427,0.9060821953086824,High,BLOCK_AND_ISOLATE,CRITICAL
428,0.9058918193868328,High,BLOCK_AND_ISOLATE,CRITICAL
429,0.9169025917909038,High,BLOCK_AND_ISOLATE,CRITICAL
430,0.9155296255052966,High,BLOCK_AND_ISOLATE,CRITICAL
431,0.9266941187854696,High,BLOCK_AND_ISOLATE,CRITICAL
432,0.9273066870757112,High,BLOCK_AND_ISOLATE,CRITICAL
433,0.9241306833314116,High,BLOCK_AND_ISOLATE,CRITICAL
434,0.8923026340202337,High,BLOCK_AND_ISOLATE,CRITICAL
435,0.921136766574349,High,BLOCK_AND_ISOLATE,CRITICAL
436,0.9174032781905088,High,BLOCK_AND_ISOLATE,CRITICAL
437,0.6528139459229483,Medium,MONITOR_AND_LOG,WARNING
438,0.841428633966777,High,BLOCK_AND_ISOLATE,CRITICAL
439,0.8998365739622413,High,BLOCK_AND_ISOLATE,CRITICAL
440,0.9232841699688988,High,BLOCK_AND_ISOLATE,CRITICAL
441,0.8718096661621703,High,BLOCK_AND_ISOLATE,CRITICAL
442,0.9290429602495188,High,BLOCK_AND_ISOLATE,CRITICAL
443,0.8943321682966724,High,BLOCK_AND_ISOLATE,CRITICAL
444,0.9325460016727448,High,BLOCK_AND_ISOLATE,CRITICAL
445,0.9062621424439848,High,BLOCK_AND_ISOLATE,CRITICAL
446,0.8971251208737842,High,BLOCK_AND_ISOLATE,CRITICAL
447,0.903379273877426,High,BLOCK_AND_ISOLATE,CRITICAL
448,0.8975787791964963,High,BLOCK_AND_ISOLATE,CRITICAL
449,0.8511550326047201,High,BLOCK_AND_ISOLATE,CRITICAL
450,0.9231598057912322,High,BLOCK_AND_ISOLATE,CRITICAL
451,0.893911414951272,High,BLOCK_AND_ISOLATE,CRITICAL
452,0.8836555857661222,High,BLOCK_AND_ISOLATE,CRITICAL
453,0.918834054684054,High,BLOCK_AND_ISOLATE,CRITICAL
454,0.9230541939339936,High,BLOCK_AND_ISOLATE,CRITICAL
455,0.8977999145780321,High,BLOCK_AND_ISOLATE,CRITICAL
456,0.9265111900041836,High,BLOCK_AND_ISOLATE,CRITICAL
457,0.90845542677466,High,BLOCK_AND_ISOLATE,CRITICAL
458,0.9034936289304104,High,BLOCK_AND_ISOLATE,CRITICAL
459,0.8968982007582587,High,BLOCK_AND_ISOLATE,CRITICAL
460,0.8954094011210885,High,BLOCK_AND_ISOLATE,CRITICAL
461,0.9321869640570956,High,BLOCK_AND_ISOLATE,CRITICAL
462,0.9240427769158132,High,BLOCK_AND_ISOLATE,CRITICAL
463,0.9039105109807658,High,BLOCK_AND_ISOLATE,CRITICAL
464,0.9191000711636996,High,BLOCK_AND_ISOLATE,CRITICAL
465,0.92579667510752,High,BLOCK_AND_ISOLATE,CRITICAL
466,0.8971251208737842,High,BLOCK_AND_ISOLATE,CRITICAL
467,0.896541814738456,High,BLOCK_AND_ISOLATE,CRITICAL
468,0.8968982007582587,High,BLOCK_AND_ISOLATE,CRITICAL
469,0.8969394628749006,High,BLOCK_AND_ISOLATE,CRITICAL
470,0.9098531149198552,High,BLOCK_AND_ISOLATE,CRITICAL
471,0.8962456570925106,High,BLOCK_AND_ISOLATE,CRITICAL
472,0.9140829438823384,High,BLOCK_AND_ISOLATE,CRITICAL
473,0.9062621424439848,High,BLOCK_AND_ISOLATE,CRITICAL
474,0.9059476570494772,High,BLOCK_AND_ISOLATE,CRITICAL
475,0.9003676020864962,High,BLOCK_AND_ISOLATE,CRITICAL
476,0.9036325322592912,High,BLOCK_AND_ISOLATE,CRITICAL
477,0.9085201801400694,High,BLOCK_AND_ISOLATE,CRITICAL
478,0.9272195959053948,High,BLOCK_AND_ISOLATE,CRITICAL
479,0.8960762262353007,High,BLOCK_AND_ISOLATE,CRITICAL
480,0.9234982442738066,High,BLOCK_AND_ISOLATE,CRITICAL
481,0.8768405225011189,High,BLOCK_AND_ISOLATE,CRITICAL
482,0.9058685390653838,High,BLOCK_AND_ISOLATE,CRITICAL
483,0.9185699825908408,High,BLOCK_AND_ISOLATE,CRITICAL
484,0.923501045692111,High,BLOCK_AND_ISOLATE,CRITICAL
485,0.9094071185247468,High,BLOCK_AND_ISOLATE,CRITICAL
486,0.924039290044094,High,BLOCK_AND_ISOLATE,CRITICAL
487,0.9062621424439848,High,BLOCK_AND_ISOLATE,CRITICAL
488,0.8960727989682261,High,BLOCK_AND_ISOLATE,CRITICAL
489,0.9062621424439848,High,BLOCK_AND_ISOLATE,CRITICAL
490,0.9045214006567344,High,BLOCK_AND_ISOLATE,CRITICAL
491,0.8980421711911091,High,BLOCK_AND_ISOLATE,CRITICAL
492,0.9260164712345132,High,BLOCK_AND_ISOLATE,CRITICAL
493,0.771099131310835,High,BLOCK_AND_ISOLATE,CRITICAL
494,0.9240872467129388,High,BLOCK_AND_ISOLATE,CRITICAL
495,0.9259278031468524,High,BLOCK_AND_ISOLATE,CRITICAL
496,0.9181030250991266,High,BLOCK_AND_ISOLATE,CRITICAL
497,0.9060663236813072,High,BLOCK_AND_ISOLATE,CRITICAL
498,0.824707441419336,High,BLOCK_AND_ISOLATE,CRITICAL
499,0.9325428426265716,High,BLOCK_AND_ISOLATE,CRITICAL
500,0.8962558496327709,High,BLOCK_AND_ISOLATE,CRITICAL
501,0.9117316400719346,High,BLOCK_AND_ISOLATE,CRITICAL
502,0.9325450778007508,High,BLOCK_AND_ISOLATE,CRITICAL
503,0.9229638864460497,High,BLOCK_AND_ISOLATE,CRITICAL
504,0.9062599072698058,High,BLOCK_AND_ISOLATE,CRITICAL
505,0.9057735781502062,High,BLOCK_AND_ISOLATE,CRITICAL
506,0.9030654629374768,High,BLOCK_AND_ISOLATE,CRITICAL
507,0.9241541188642284,High,BLOCK_AND_ISOLATE,CRITICAL
508,0.8959610667199854,High,BLOCK_AND_ISOLATE,CRITICAL
509,0.8983227286792307,High,BLOCK_AND_ISOLATE,CRITICAL
510,0.9114793624353248,High,BLOCK_AND_ISOLATE,CRITICAL
511,0.9028048615828904,High,BLOCK_AND_ISOLATE,CRITICAL
512,0.9245538317503164,High,BLOCK_AND_ISOLATE,CRITICAL
513,0.9062621424439848,High,BLOCK_AND_ISOLATE,CRITICAL
514,0.9178633060004427,High,BLOCK_AND_ISOLATE,CRITICAL
515,0.8957422174269006,High,BLOCK_AND_ISOLATE,CRITICAL
516,0.8955707939209975,High,BLOCK_AND_ISOLATE,CRITICAL
517,0.8971251208737842,High,BLOCK_AND_ISOLATE,CRITICAL
518,0.912259596485291,High,BLOCK_AND_ISOLATE,CRITICAL
519,0.8992273223196884,High,BLOCK_AND_ISOLATE,CRITICAL
520,0.8961401556910565,High,BLOCK_AND_ISOLATE,CRITICAL
521,0.9248466896423028,High,BLOCK_AND_ISOLATE,CRITICAL
522,0.8957251914639037,High,BLOCK_AND_ISOLATE,CRITICAL
523,0.8952517904109586,High,BLOCK_AND_ISOLATE,CRITICAL
524,0.9094420948608524,High,BLOCK_AND_ISOLATE,CRITICAL
525,0.9162978613925652,High,BLOCK_AND_ISOLATE,CRITICAL
526,0.9254114514363138,High,BLOCK_AND_ISOLATE,CRITICAL
527,0.8971251208737842,High,BLOCK_AND_ISOLATE,CRITICAL
528,0.9059287934003728,High,BLOCK_AND_ISOLATE,CRITICAL
529,0.9059939752804376,High,BLOCK_AND_ISOLATE,CRITICAL
530,0.8962558496327709,High,BLOCK_AND_ISOLATE,CRITICAL
531,0.9066187567187356,High,BLOCK_AND_ISOLATE,CRITICAL
532,0.8956033994111117,High,BLOCK_AND_ISOLATE,CRITICAL
533,0.9218335209494148,High,BLOCK_AND_ISOLATE,CRITICAL
534,0.8975490819497108,High,BLOCK_AND_ISOLATE,CRITICAL
535,0.917263895783368,High,BLOCK_AND_ISOLATE,CRITICAL
536,0.8817843659726345,High,BLOCK_AND_ISOLATE,CRITICAL
537,0.9240427769158132,High,BLOCK_AND_ISOLATE,CRITICAL
538,0.8962558496327709,High,BLOCK_AND_ISOLATE,CRITICAL
539,0.8960777461537425,High,BLOCK_AND_ISOLATE,CRITICAL
540,0.9200149172810188,High,BLOCK_AND_ISOLATE,CRITICAL
541,0.9256433716963492,High,BLOCK_AND_ISOLATE,CRITICAL
542,0.8962558496327709,High,BLOCK_AND_ISOLATE,CRITICAL
543,0.8949034101511995,High,BLOCK_AND_ISOLATE,CRITICAL
544,0.906052898811094,High,BLOCK_AND_ISOLATE,CRITICAL
545,0.8950763002337346,High,BLOCK_AND_ISOLATE,CRITICAL
546,0.8985818364487396,High,BLOCK_AND_ISOLATE,CRITICAL
547,0.8955043556171994,High,BLOCK_AND_ISOLATE,CRITICAL
548,0.9325429916381835,High,BLOCK_AND_ISOLATE,CRITICAL
549,0.9057719688247972,High,BLOCK_AND_ISOLATE,CRITICAL
550,0.9065087622954646,High,BLOCK_AND_ISOLATE,CRITICAL
551,0.8996695165875249,High,BLOCK_AND_ISOLATE,CRITICAL
552,0.9185894384868892,High,BLOCK_AND_ISOLATE,CRITICAL
553,0.9236909848217444,High,BLOCK_AND_ISOLATE,CRITICAL
554,0.9230545813641848,High,BLOCK_AND_ISOLATE,CRITICAL
555,0.905929657667722,High,BLOCK_AND_ISOLATE,CRITICAL
556,0.8955009879547696,High,BLOCK_AND_ISOLATE,CRITICAL
557,0.8968982007582587,High,BLOCK_AND_ISOLATE,CRITICAL
558,0.9105197802848434,High,BLOCK_AND_ISOLATE,CRITICAL
559,0.8962558496327709,High,BLOCK_AND_ISOLATE,CRITICAL
560,0.9025537948033469,High,BLOCK_AND_ISOLATE,CRITICAL
561,0.8954104144000496,High,BLOCK_AND_ISOLATE,CRITICAL
562,0.8969472825063893,High,BLOCK_AND_ISOLATE,CRITICAL
563,0.9093422308896086,High,BLOCK_AND_ISOLATE,CRITICAL
564,0.9039666949041162,High,BLOCK_AND_ISOLATE,CRITICAL
565,0.9236909848217444,High,BLOCK_AND_ISOLATE,CRITICAL
566,0.8956457588342283,High,BLOCK_AND_ISOLATE,CRITICAL
567,0.8999989007519099,High,BLOCK_AND_ISOLATE,CRITICAL
568,0.9062552283051908,High,BLOCK_AND_ISOLATE,CRITICAL
569,0.8945312920129839,High,BLOCK_AND_ISOLATE,CRITICAL
570,0.9185683264087166,High,BLOCK_AND_ISOLATE,CRITICAL
571,0.9212389596252876,High,BLOCK_AND_ISOLATE,CRITICAL
572,0.8988227232409868,High,BLOCK_AND_ISOLATE,CRITICAL
573,0.9038980238076854,High,BLOCK_AND_ISOLATE,CRITICAL
574,0.923626971088632,High,BLOCK_AND_ISOLATE,CRITICAL
575,0.92496983416109,High,BLOCK_AND_ISOLATE,CRITICAL
576,0.9234982442738066,High,BLOCK_AND_ISOLATE,CRITICAL
577,0.9193203411368572,High,BLOCK_AND_ISOLATE,CRITICAL
578,0.8940271507083546,High,BLOCK_AND_ISOLATE,CRITICAL
579,0.9057729224991136,High,BLOCK_AND_ISOLATE,CRITICAL
580,0.8572066606514526,High,BLOCK_AND_ISOLATE,CRITICAL
581,0.9102330827621498,High,BLOCK_AND_ISOLATE,CRITICAL
582,0.9059939752804376,High,BLOCK_AND_ISOLATE,CRITICAL
583,0.9062621424439848,High,BLOCK_AND_ISOLATE,CRITICAL
584,0.9061835443720204,High,BLOCK_AND_ISOLATE,CRITICAL
585,0.9278902350386176,High,BLOCK_AND_ISOLATE,CRITICAL
586,0.9054534897324112,High,BLOCK_AND_ISOLATE,CRITICAL
587,0.9014474993473583,High,BLOCK_AND_ISOLATE,CRITICAL
588,0.8985853233204589,High,BLOCK_AND_ISOLATE,CRITICAL
589,0.8943949198237576,High,BLOCK_AND_ISOLATE,CRITICAL
590,0.8919596167153382,High,BLOCK_AND_ISOLATE,CRITICAL
591,0.8982479629770429,High,BLOCK_AND_ISOLATE,CRITICAL
592,0.9037776844965448,High,BLOCK_AND_ISOLATE,CRITICAL
593,0.8965392225270942,High,BLOCK_AND_ISOLATE,CRITICAL
594,0.9113249429965532,High,BLOCK_AND_ISOLATE,CRITICAL
595,0.9325535714626312,High,BLOCK_AND_ISOLATE,CRITICAL
596,0.927207193394176,High,BLOCK_AND_ISOLATE,CRITICAL
597,0.9235108237428858,High,BLOCK_AND_ISOLATE,CRITICAL
598,0.9325460016727448,High,BLOCK_AND_ISOLATE,CRITICAL
599,0.8971251208737842,High,BLOCK_AND_ISOLATE,CRITICAL
600,0.9186040416248592,High,BLOCK_AND_ISOLATE,CRITICAL
601,0.905929657667722,High,BLOCK_AND_ISOLATE,CRITICAL
602,0.918463862432586,High,BLOCK_AND_ISOLATE,CRITICAL
603,0.9057780289833312,High,BLOCK_AND_ISOLATE,CRITICAL
604,0.9325460016727448,High,BLOCK_AND_ISOLATE,CRITICAL
605,0.9102489889090928,High,BLOCK_AND_ISOLATE,CRITICAL
606,0.918631910350806,High,BLOCK_AND_ISOLATE,CRITICAL
607,0.8949500284201637,High,BLOCK_AND_ISOLATE,CRITICAL
608,0.8933676693138503,High,BLOCK_AND_ISOLATE,CRITICAL
609,0.8957422174269006,High,BLOCK_AND_ISOLATE,CRITICAL
610,0.8972174678010756,High,BLOCK_AND_ISOLATE,CRITICAL
611,0.9062621424439848,High,BLOCK_AND_ISOLATE,CRITICAL
612,0.7468284055286519,High,BLOCK_AND_ISOLATE,CRITICAL
613,0.9060821953086824,High,BLOCK_AND_ISOLATE,CRITICAL
614,0.8965078208410797,High,BLOCK_AND_ISOLATE,CRITICAL
615,0.8955009879547696,High,BLOCK_AND_ISOLATE,CRITICAL
616,0.9248462128051446,High,BLOCK_AND_ISOLATE,CRITICAL
617,0.9105197802848434,High,BLOCK_AND_ISOLATE,CRITICAL
618,0.8980189222589869,High,BLOCK_AND_ISOLATE,CRITICAL
619,0.9063722979156568,High,BLOCK_AND_ISOLATE,CRITICAL
620,0.9048854891792358,High,BLOCK_AND_ISOLATE,CRITICAL
621,0.8968982007582587,High,BLOCK_AND_ISOLATE,CRITICAL
622,0.9071067161526196,High,BLOCK_AND_ISOLATE,CRITICAL
623,0.9243948489827228,High,BLOCK_AND_ISOLATE,CRITICAL
624,0.9062621424439848,High,BLOCK_AND_ISOLATE,CRITICAL
625,0.9030679365302348,High,BLOCK_AND_ISOLATE,CRITICAL
626,0.8801626620736572,High,BLOCK_AND_ISOLATE,CRITICAL
627,0.896545510226432,High,BLOCK_AND_ISOLATE,CRITICAL
628,0.9039105109807658,High,BLOCK_AND_ISOLATE,CRITICAL
629,0.8960762262353007,High,BLOCK_AND_ISOLATE,CRITICAL
630,0.9011799233813672,High,BLOCK_AND_ISOLATE,CRITICAL
631,0.9234982442738066,High,BLOCK_AND_ISOLATE,CRITICAL
632,0.905929657667722,High,BLOCK_AND_ISOLATE,CRITICAL
633,0.8742108638447724,High,BLOCK_AND_ISOLATE,CRITICAL
634,0.9062621424439848,High,BLOCK_AND_ISOLATE,CRITICAL
635,0.9039053253766705,High,BLOCK_AND_ISOLATE,CRITICAL
636,0.9231966521284792,High,BLOCK_AND_ISOLATE,CRITICAL
637,0.8935027887413095,High,BLOCK_AND_ISOLATE,CRITICAL
638,0.8971251208737842,High,BLOCK_AND_ISOLATE,CRITICAL
639,0.896076554060847,High,BLOCK_AND_ISOLATE,CRITICAL
640,0.9072957262069736,High,BLOCK_AND_ISOLATE,CRITICAL
641,0.9325460016727448,High,BLOCK_AND_ISOLATE,CRITICAL
642,0.912854195835888,High,BLOCK_AND_ISOLATE,CRITICAL
643,0.8716837466802699,High,BLOCK_AND_ISOLATE,CRITICAL
644,0.9235023867966184,High,BLOCK_AND_ISOLATE,CRITICAL
645,0.877882575018692,High,BLOCK_AND_ISOLATE,CRITICAL
646,0.8942287233260648,High,BLOCK_AND_ISOLATE,CRITICAL
647,0.8947948308413006,High,BLOCK_AND_ISOLATE,CRITICAL
648,0.9033746974791717,High,BLOCK_AND_ISOLATE,CRITICAL
649,0.8955004515129666,High,BLOCK_AND_ISOLATE,CRITICAL
650,0.932490986585617,High,BLOCK_AND_ISOLATE,CRITICAL
651,0.896450264132316,High,BLOCK_AND_ISOLATE,CRITICAL
652,0.9039105109807658,High,BLOCK_AND_ISOLATE,CRITICAL
653,0.9025820430756876,High,BLOCK_AND_ISOLATE,CRITICAL
654,0.921776550529912,High,BLOCK_AND_ISOLATE,CRITICAL
655,0.9062621424439848,High,BLOCK_AND_ISOLATE,CRITICAL
656,0.9235571849492542,High,BLOCK_AND_ISOLATE,CRITICAL
657,0.9235023867966184,High,BLOCK_AND_ISOLATE,CRITICAL
658,0.894348459008439,High,BLOCK_AND_ISOLATE,CRITICAL
659,0.9272964386906264,High,BLOCK_AND_ISOLATE,CRITICAL
660,0.9057729224991136,High,BLOCK_AND_ISOLATE,CRITICAL
661,0.93062738865486,High,BLOCK_AND_ISOLATE,CRITICAL
662,0.896076554060847,High,BLOCK_AND_ISOLATE,CRITICAL
663,0.89967819768276,High,BLOCK_AND_ISOLATE,CRITICAL
664,0.8969399993167035,High,BLOCK_AND_ISOLATE,CRITICAL
665,0.9026721224805108,High,BLOCK_AND_ISOLATE,CRITICAL
666,0.9109471269339794,High,BLOCK_AND_ISOLATE,CRITICAL
667,0.9277524968839304,High,BLOCK_AND_ISOLATE,CRITICAL
668,0.9323066294193268,High,BLOCK_AND_ISOLATE,CRITICAL
669,0.8960777461537425,High,BLOCK_AND_ISOLATE,CRITICAL
670,0.9041521157347958,High,BLOCK_AND_ISOLATE,CRITICAL
671,0.9252896208154582,High,BLOCK_AND_ISOLATE,CRITICAL
672,0.9231502496700272,High,BLOCK_AND_ISOLATE,CRITICAL
673,0.9103421402689608,High,BLOCK_AND_ISOLATE,CRITICAL
674,0.9243963689011646,High,BLOCK_AND_ISOLATE,CRITICAL
675,0.906052898811094,High,BLOCK_AND_ISOLATE,CRITICAL
676,0.9059939752804376,High,BLOCK_AND_ISOLATE,CRITICAL
677,0.8826098981752312,High,BLOCK_AND_ISOLATE,CRITICAL
678,0.9037230599473492,High,BLOCK_AND_ISOLATE,CRITICAL
679,0.905929657667722,High,BLOCK_AND_ISOLATE,CRITICAL
680,0.9271404199887946,High,BLOCK_AND_ISOLATE,CRITICAL
681,0.8962558496327709,High,BLOCK_AND_ISOLATE,CRITICAL
682,0.9062621424439848,High,BLOCK_AND_ISOLATE,CRITICAL
683,0.9258596155967674,High,BLOCK_AND_ISOLATE,CRITICAL
684,0.9096228197776548,High,BLOCK_AND_ISOLATE,CRITICAL
685,0.9062552283051908,High,BLOCK_AND_ISOLATE,CRITICAL
686,0.8969807970767106,High,BLOCK_AND_ISOLATE,CRITICAL
687,0.923003630641168,High,BLOCK_AND_ISOLATE,CRITICAL
688,0.8995355079632817,High,BLOCK_AND_ISOLATE,CRITICAL
689,0.8949500284201637,High,BLOCK_AND_ISOLATE,CRITICAL
690,0.9060736427087194,High,BLOCK_AND_ISOLATE,CRITICAL
691,0.8972168180929302,High,BLOCK_AND_ISOLATE,CRITICAL
692,0.9062599072698058,High,BLOCK_AND_ISOLATE,CRITICAL
693,0.9241070631830068,High,BLOCK_AND_ISOLATE,CRITICAL
694,0.8960776865490977,High,BLOCK_AND_ISOLATE,CRITICAL
695,0.7575380935625492,High,BLOCK_AND_ISOLATE,CRITICAL
696,0.8960727989682261,High,BLOCK_AND_ISOLATE,CRITICAL
697,0.8958548509075724,High,BLOCK_AND_ISOLATE,CRITICAL
698,0.9061794397316384,High,BLOCK_AND_ISOLATE,CRITICAL
699,0.9059287934003728,High,BLOCK_AND_ISOLATE,CRITICAL
700,0.8965422915756142,High,BLOCK_AND_ISOLATE,CRITICAL
701,0.8955004515129666,High,BLOCK_AND_ISOLATE,CRITICAL
702,0.9240427769158132,High,BLOCK_AND_ISOLATE,CRITICAL
703,0.9236909848217444,High,BLOCK_AND_ISOLATE,CRITICAL
704,0.9235197939342676,High,BLOCK_AND_ISOLATE,CRITICAL
705,0.8962505448193859,High,BLOCK_AND_ISOLATE,CRITICAL
706,0.9034844788008864,High,BLOCK_AND_ISOLATE,CRITICAL
707,0.9039105109807658,High,BLOCK_AND_ISOLATE,CRITICAL
708,0.9235023867966184,High,BLOCK_AND_ISOLATE,CRITICAL
709,0.9061845576509816,High,BLOCK_AND_ISOLATE,CRITICAL
710,0.90268359637463,High,BLOCK_AND_ISOLATE,CRITICAL
711,0.9241311601685696,High,BLOCK_AND_ISOLATE,CRITICAL
712,0.9059939752804376,High,BLOCK_AND_ISOLATE,CRITICAL
713,0.891055107122912,High,BLOCK_AND_ISOLATE,CRITICAL
714,0.8936798392552557,High,BLOCK_AND_ISOLATE,CRITICAL
715,0.9226671023282204,High,BLOCK_AND_ISOLATE,CRITICAL
716,0.8952307663191469,High,BLOCK_AND_ISOLATE,CRITICAL
717,0.9069263338153868,High,BLOCK_AND_ISOLATE,CRITICAL
718,0.8927502370135533,High,BLOCK_AND_ISOLATE,CRITICAL
719,0.9295364221263612,High,BLOCK_AND_ISOLATE,CRITICAL
720,0.925932839739336,High,BLOCK_AND_ISOLATE,CRITICAL
721,0.9209902018387524,High,BLOCK_AND_ISOLATE,CRITICAL
722,0.903003792288362,High,BLOCK_AND_ISOLATE,CRITICAL
723,0.906548709841708,High,BLOCK_AND_ISOLATE,CRITICAL
724,0.8955121245133828,High,BLOCK_AND_ISOLATE,CRITICAL
725,0.8926479802909296,High,BLOCK_AND_ISOLATE,CRITICAL
726,0.8955004515129666,High,BLOCK_AND_ISOLATE,CRITICAL
727,0.932280284166336,High,BLOCK_AND_ISOLATE,CRITICAL
728,0.90263740043798,High,BLOCK_AND_ISOLATE,CRITICAL
729,0.9093263475087332,High,BLOCK_AND_ISOLATE,CRITICAL
730,0.8927910904417767,High,BLOCK_AND_ISOLATE,CRITICAL
731,0.9325460016727448,High,BLOCK_AND_ISOLATE,CRITICAL
732,0.8989181514384439,High,BLOCK_AND_ISOLATE,CRITICAL
733,0.9255548741313818,High,BLOCK_AND_ISOLATE,CRITICAL
734,0.8986896580769824,High,BLOCK_AND_ISOLATE,CRITICAL
735,0.9041087929321976,High,BLOCK_AND_ISOLATE,CRITICAL
736,0.927845892303346,High,BLOCK_AND_ISOLATE,CRITICAL
737,0.9323164275933248,High,BLOCK_AND_ISOLATE,CRITICAL
738,0.9026711101020872,High,BLOCK_AND_ISOLATE,CRITICAL
739,0.9058918193868328,High,BLOCK_AND_ISOLATE,CRITICAL
740,0.9236027684385292,High,BLOCK_AND_ISOLATE,CRITICAL
741,0.9278564285966152,High,BLOCK_AND_ISOLATE,CRITICAL
742,0.9096377941456896,High,BLOCK_AND_ISOLATE,CRITICAL
743,0.9020898999078434,High,BLOCK_AND_ISOLATE,CRITICAL
744,0.9036683577461524,High,BLOCK_AND_ISOLATE,CRITICAL
745,0.8940896833324883,High,BLOCK_AND_ISOLATE,CRITICAL
746,0.9234519400129568,High,BLOCK_AND_ISOLATE,CRITICAL
747,0.89549754390073,High,BLOCK_AND_ISOLATE,CRITICAL
748,0.9038942091104196,High,BLOCK_AND_ISOLATE,CRITICAL
749,0.9036178957090364,High,BLOCK_AND_ISOLATE,CRITICAL
750,0.8957422174269006,High,BLOCK_AND_ISOLATE,CRITICAL
751,0.9062552283051908,High,BLOCK_AND_ISOLATE,CRITICAL
752,0.9061835443720204,High,BLOCK_AND_ISOLATE,CRITICAL
753,0.915112270229948,High,BLOCK_AND_ISOLATE,CRITICAL
754,0.8955043556171994,High,BLOCK_AND_ISOLATE,CRITICAL
755,0.8937055645222033,High,BLOCK_AND_ISOLATE,CRITICAL
756,0.9230541343293488,High,BLOCK_AND_ISOLATE,CRITICAL
757,0.8945165925529545,High,BLOCK_AND_ISOLATE,CRITICAL
758,0.9057726542782122,High,BLOCK_AND_ISOLATE,CRITICAL
759,0.926065856870986,High,BLOCK_AND_ISOLATE,CRITICAL
760,0.9105197802848434,High,BLOCK_AND_ISOLATE,CRITICAL
761,0.8966054017527986,High,BLOCK_AND_ISOLATE,CRITICAL
762,0.9033383063864948,High,BLOCK_AND_ISOLATE,CRITICAL
763,0.9029378505596012,High,BLOCK_AND_ISOLATE,CRITICAL
764,0.893009075187966,High,BLOCK_AND_ISOLATE,CRITICAL
765,0.9038555198719286,High,BLOCK_AND_ISOLATE,CRITICAL
766,0.8964836726858599,High,BLOCK_AND_ISOLATE,CRITICAL
767,0.9270859863021574,High,BLOCK_AND_ISOLATE,CRITICAL
768,0.8930409470393695,High,BLOCK_AND_ISOLATE,CRITICAL
769,0.896248935493977,High,BLOCK_AND_ISOLATE,CRITICAL
770,0.90208612818027,High,BLOCK_AND_ISOLATE,CRITICAL
771,0.921937123670036,High,BLOCK_AND_ISOLATE,CRITICAL
772,0.9237297211732955,High,BLOCK_AND_ISOLATE,CRITICAL
773,0.9041012577711444,High,BLOCK_AND_ISOLATE,CRITICAL
774,0.9157448708043924,High,BLOCK_AND_ISOLATE,CRITICAL
775,0.9154455358644498,High,BLOCK_AND_ISOLATE,CRITICAL
776,0.8978188437523468,High,BLOCK_AND_ISOLATE,CRITICAL
777,0.9080073473266588,High,BLOCK_AND_ISOLATE,CRITICAL
778,0.9062621424439848,High,BLOCK_AND_ISOLATE,CRITICAL
779,0.9048854891792358,High,BLOCK_AND_ISOLATE,CRITICAL
780,0.9248462128051446,High,BLOCK_AND_ISOLATE,CRITICAL
781,0.9240427769158132,High,BLOCK_AND_ISOLATE,CRITICAL
782,0.9038942091104196,High,BLOCK_AND_ISOLATE,CRITICAL
783,0.9081373905996418,High,BLOCK_AND_ISOLATE,CRITICAL
784,0.92003839885786,High,BLOCK_AND_ISOLATE,CRITICAL
785,0.9035894329800824,High,BLOCK_AND_ISOLATE,CRITICAL
786,0.9019027536315116,High,BLOCK_AND_ISOLATE,CRITICAL
787,0.9079322017268416,High,BLOCK_AND_ISOLATE,CRITICAL
788,0.8971251208737842,High,BLOCK_AND_ISOLATE,CRITICAL
789,0.9067378220477414,High,BLOCK_AND_ISOLATE,CRITICAL
790,0.9025562683961048,High,BLOCK_AND_ISOLATE,CRITICAL
791,0.9243963689011646,High,BLOCK_AND_ISOLATE,CRITICAL
792,0.9175697732242926,High,BLOCK_AND_ISOLATE,CRITICAL
793,0.8967305778408421,High,BLOCK_AND_ISOLATE,CRITICAL
794,0.9322528064250946,High,BLOCK_AND_ISOLATE,CRITICAL
795,0.9063697236329304,High,BLOCK_AND_ISOLATE,CRITICAL
796,0.9325460016727448,High,BLOCK_AND_ISOLATE,CRITICAL
797,0.9325460016727448,High,BLOCK_AND_ISOLATE,CRITICAL
798,0.8962558496327709,High,BLOCK_AND_ISOLATE,CRITICAL
799,0.9232326783875404,High,BLOCK_AND_ISOLATE,CRITICAL
800,0.9279317877435244,High,BLOCK_AND_ISOLATE,CRITICAL
801,0.9094377139194614,High,BLOCK_AND_ISOLATE,CRITICAL
802,0.8954104144000496,High,BLOCK_AND_ISOLATE,CRITICAL
803,0.901077955486244,High,BLOCK_AND_ISOLATE,CRITICAL
804,0.9062552283051908,High,BLOCK_AND_ISOLATE,CRITICAL
805,0.8930589043212395,High,BLOCK_AND_ISOLATE,CRITICAL
806,0.5805977084976228,Medium,MONITOR_AND_LOG,WARNING
807,0.9325460016727448,High,BLOCK_AND_ISOLATE,CRITICAL
808,0.8949001961437963,High,BLOCK_AND_ISOLATE,CRITICAL
809,0.9243948489827228,High,BLOCK_AND_ISOLATE,CRITICAL
810,0.9220233321856846,High,BLOCK_AND_ISOLATE,CRITICAL
811,0.8979457296070882,High,BLOCK_AND_ISOLATE,CRITICAL
812,0.90268359637463,High,BLOCK_AND_ISOLATE,CRITICAL
813,0.9039105109807658,High,BLOCK_AND_ISOLATE,CRITICAL
814,0.8960703000550286,High,BLOCK_AND_ISOLATE,CRITICAL
815,0.8969118512574549,High,BLOCK_AND_ISOLATE,CRITICAL
816,0.9235595691350452,High,BLOCK_AND_ISOLATE,CRITICAL
817,0.9036541798988246,High,BLOCK_AND_ISOLATE,CRITICAL
818,0.9039105109807658,High,BLOCK_AND_ISOLATE,CRITICAL
819,0.92664346872622,High,BLOCK_AND_ISOLATE,CRITICAL
820,0.8960762262353007,High,BLOCK_AND_ISOLATE,CRITICAL
821,0.8968982007582587,High,BLOCK_AND_ISOLATE,CRITICAL
822,0.9026566102810948,High,BLOCK_AND_ISOLATE,CRITICAL
823,0.9062552283051908,High,BLOCK_AND_ISOLATE,CRITICAL
824,0.9231598057912322,High,BLOCK_AND_ISOLATE,CRITICAL
825,0.9236951787322584,High,BLOCK_AND_ISOLATE,CRITICAL
826,0.9153357664173551,High,BLOCK_AND_ISOLATE,CRITICAL
827,0.9025537948033469,High,BLOCK_AND_ISOLATE,CRITICAL
828,0.8949500284201637,High,BLOCK_AND_ISOLATE,CRITICAL
829,0.916358944947234,High,BLOCK_AND_ISOLATE,CRITICAL
830,0.8984616348271018,High,BLOCK_AND_ISOLATE,CRITICAL
831,0.8954978121216315,High,BLOCK_AND_ISOLATE,CRITICAL
832,0.9003907423692025,High,BLOCK_AND_ISOLATE,CRITICAL
833,0.9174502302707942,High,BLOCK_AND_ISOLATE,CRITICAL
834,0.8909078712822431,High,BLOCK_AND_ISOLATE,CRITICAL
835,0.8529041395336183,High,BLOCK_AND_ISOLATE,CRITICAL
836,0.8613626697910032,High,BLOCK_AND_ISOLATE,CRITICAL
837,0.9235023867966184,High,BLOCK_AND_ISOLATE,CRITICAL
838,0.924235580477642,High,BLOCK_AND_ISOLATE,CRITICAL
839,0.9211713617523976,High,BLOCK_AND_ISOLATE,CRITICAL
840,0.896450264132316,High,BLOCK_AND_ISOLATE,CRITICAL
841,0.9038980238076854,High,BLOCK_AND_ISOLATE,CRITICAL
842,0.9061835443720204,High,BLOCK_AND_ISOLATE,CRITICAL
843,0.9325077950954436,High,BLOCK_AND_ISOLATE,CRITICAL
844,0.905400330583342,High,BLOCK_AND_ISOLATE,CRITICAL
845,0.9140304516247436,High,BLOCK_AND_ISOLATE,CRITICAL
846,0.9231248366382978,High,BLOCK_AND_ISOLATE,CRITICAL
847,0.8979598649954709,High,BLOCK_AND_ISOLATE,CRITICAL
848,0.9102338874248542,High,BLOCK_AND_ISOLATE,CRITICAL
849,0.9251540613096534,High,BLOCK_AND_ISOLATE,CRITICAL
850,0.9219962992838496,High,BLOCK_AND_ISOLATE,CRITICAL
851,0.921674139154547,High,BLOCK_AND_ISOLATE,CRITICAL
852,0.8993439603996602,High,BLOCK_AND_ISOLATE,CRITICAL
853,0.9235023867966184,High,BLOCK_AND_ISOLATE,CRITICAL
854,0.9059287934003728,High,BLOCK_AND_ISOLATE,CRITICAL
855,0.8940877925433289,High,BLOCK_AND_ISOLATE,CRITICAL
856,0.925204050221223,High,BLOCK_AND_ISOLATE,CRITICAL
857,0.8972138676630138,High,BLOCK_AND_ISOLATE,CRITICAL
858,0.9188726212879392,High,BLOCK_AND_ISOLATE,CRITICAL
859,0.9186949256416096,High,BLOCK_AND_ISOLATE,CRITICAL
860,0.9039105109807658,High,BLOCK_AND_ISOLATE,CRITICAL
861,0.9062621424439848,High,BLOCK_AND_ISOLATE,CRITICAL
862,0.903760325938939,High,BLOCK_AND_ISOLATE,CRITICAL
863,0.919533096478764,High,BLOCK_AND_ISOLATE,CRITICAL
864,0.9189707025822874,High,BLOCK_AND_ISOLATE,CRITICAL
865,0.9243943721455646,High,BLOCK_AND_ISOLATE,CRITICAL
866,0.8960727989682261,High,BLOCK_AND_ISOLATE,CRITICAL
867,0.8996596125913027,High,BLOCK_AND_ISOLATE,CRITICAL
868,0.9279317877435244,High,BLOCK_AND_ISOLATE,CRITICAL
869,0.906186047767101,High,BLOCK_AND_ISOLATE,CRITICAL
870,0.8971251208737842,High,BLOCK_AND_ISOLATE,CRITICAL
871,0.9243943721455646,High,BLOCK_AND_ISOLATE,CRITICAL
872,0.8858479214101159,High,BLOCK_AND_ISOLATE,CRITICAL
873,0.8954746679650673,High,BLOCK_AND_ISOLATE,CRITICAL
874,0.905929657667722,High,BLOCK_AND_ISOLATE,CRITICAL
875,0.9062552283051908,High,BLOCK_AND_ISOLATE,CRITICAL
876,0.9322894632816314,High,BLOCK_AND_ISOLATE,CRITICAL
877,0.918104217192022,High,BLOCK_AND_ISOLATE,CRITICAL
878,0.9086027381903908,High,BLOCK_AND_ISOLATE,CRITICAL
879,0.903718977029182,High,BLOCK_AND_ISOLATE,CRITICAL
880,0.923501045692111,High,BLOCK_AND_ISOLATE,CRITICAL
881,0.9039105109807658,High,BLOCK_AND_ISOLATE,CRITICAL
882,0.9086156769728372,High,BLOCK_AND_ISOLATE,CRITICAL
883,0.9062599072698058,High,BLOCK_AND_ISOLATE,CRITICAL
884,0.9058368197767858,High,BLOCK_AND_ISOLATE,CRITICAL
885,0.8971251208737842,High,BLOCK_AND_ISOLATE,CRITICAL
886,0.9037210035871044,High,BLOCK_AND_ISOLATE,CRITICAL
887,0.9030293929959772,High,BLOCK_AND_ISOLATE,CRITICAL
888,0.925932839739336,High,BLOCK_AND_ISOLATE,CRITICAL
889,0.9039105109807658,High,BLOCK_AND_ISOLATE,CRITICAL
890,0.9093298534910886,High,BLOCK_AND_ISOLATE,CRITICAL
891,0.9062621424439848,High,BLOCK_AND_ISOLATE,CRITICAL
892,0.9186128929146083,High,BLOCK_AND_ISOLATE,CRITICAL
893,0.910248005432454,High,BLOCK_AND_ISOLATE,CRITICAL
894,0.8943541227360349,High,BLOCK_AND_ISOLATE,CRITICAL
895,0.9062621424439848,High,BLOCK_AND_ISOLATE,CRITICAL
896,0.9161942479361492,High,BLOCK_AND_ISOLATE,CRITICAL
897,0.9154456934566768,High,BLOCK_AND_ISOLATE,CRITICAL
898,0.9039105109807658,High,BLOCK_AND_ISOLATE,CRITICAL
899,0.9234982442738066,High,BLOCK_AND_ISOLATE,CRITICAL
900,0.925932839739336,High,BLOCK_AND_ISOLATE,CRITICAL
901,0.8962558496327709,High,BLOCK_AND_ISOLATE,CRITICAL
902,0.8946060023066563,High,BLOCK_AND_ISOLATE,CRITICAL
903,0.923626971088632,High,BLOCK_AND_ISOLATE,CRITICAL
904,0.9057719092201524,High,BLOCK_AND_ISOLATE,CRITICAL
905,0.9063722979156568,High,BLOCK_AND_ISOLATE,CRITICAL
906,0.9254664164749076,High,BLOCK_AND_ISOLATE,CRITICAL
907,0.9293765104551808,High,BLOCK_AND_ISOLATE,CRITICAL
908,0.9325399816036224,High,BLOCK_AND_ISOLATE,CRITICAL
909,0.9040048807435032,High,BLOCK_AND_ISOLATE,CRITICAL
910,0.905929657667722,High,BLOCK_AND_ISOLATE,CRITICAL
911,0.5997265358508771,Medium,MONITOR_AND_LOG,WARNING
912,0.9325460016727448,High,BLOCK_AND_ISOLATE,CRITICAL
913,0.903718977029182,High,BLOCK_AND_ISOLATE,CRITICAL
914,0.8969807970767106,High,BLOCK_AND_ISOLATE,CRITICAL
915,0.9265545178903836,High,BLOCK_AND_ISOLATE,CRITICAL
916,0.8955121245133828,High,BLOCK_AND_ISOLATE,CRITICAL
917,0.897484636550573,High,BLOCK_AND_ISOLATE,CRITICAL
918,0.9036127101049408,High,BLOCK_AND_ISOLATE,CRITICAL
919,0.8958539866402232,High,BLOCK_AND_ISOLATE,CRITICAL
920,0.905929657667722,High,BLOCK_AND_ISOLATE,CRITICAL
921,0.9062621424439848,High,BLOCK_AND_ISOLATE,CRITICAL
922,0.9058918193868328,High,BLOCK_AND_ISOLATE,CRITICAL
923,0.906513674749394,High,BLOCK_AND_ISOLATE,CRITICAL
924,0.924282793387054,High,BLOCK_AND_ISOLATE,CRITICAL
925,0.9033176108452948,High,BLOCK_AND_ISOLATE,CRITICAL
926,0.9241311601685696,High,BLOCK_AND_ISOLATE,CRITICAL
927,0.9241310707616024,High,BLOCK_AND_ISOLATE,CRITICAL
928,0.9062599072698058,High,BLOCK_AND_ISOLATE,CRITICAL
929,0.905772564871245,High,BLOCK_AND_ISOLATE,CRITICAL
930,0.8958548509075724,High,BLOCK_AND_ISOLATE,CRITICAL
931,0.9294099236993776,High,BLOCK_AND_ISOLATE,CRITICAL
932,0.9058918193868328,High,BLOCK_AND_ISOLATE,CRITICAL
933,0.927707766361213,High,BLOCK_AND_ISOLATE,CRITICAL
934,0.8939867992405254,High,BLOCK_AND_ISOLATE,CRITICAL
935,0.8962558496327709,High,BLOCK_AND_ISOLATE,CRITICAL
936,0.926065856870986,High,BLOCK_AND_ISOLATE,CRITICAL
937,0.916142068855296,High,BLOCK_AND_ISOLATE,CRITICAL
938,0.9057729224991136,High,BLOCK_AND_ISOLATE,CRITICAL
939,0.8958670743475537,High,BLOCK_AND_ISOLATE,CRITICAL
940,0.90730107188339,High,BLOCK_AND_ISOLATE,CRITICAL
941,0.8960727989682261,High,BLOCK_AND_ISOLATE,CRITICAL
942,0.9290881759432508,High,BLOCK_AND_ISOLATE,CRITICAL
943,0.9310094297988036,High,BLOCK_AND_ISOLATE,CRITICAL
944,0.914335804289248,High,BLOCK_AND_ISOLATE,CRITICAL
945,0.898459690371281,High,BLOCK_AND_ISOLATE,CRITICAL
946,0.8294322625530669,High,BLOCK_AND_ISOLATE,CRITICAL
947,0.8909516322547814,High,BLOCK_AND_ISOLATE,CRITICAL
948,0.9034255345236404,High,BLOCK_AND_ISOLATE,CRITICAL
949,0.8932358071004233,High,BLOCK_AND_ISOLATE,CRITICAL
950,0.8966123646502825,High,BLOCK_AND_ISOLATE,CRITICAL
951,0.902800633990893,High,BLOCK_AND_ISOLATE,CRITICAL
952,0.8960727989682261,High,BLOCK_AND_ISOLATE,CRITICAL
953,0.922576616032616,High,BLOCK_AND_ISOLATE,CRITICAL
954,0.9057729224991136,High,BLOCK_AND_ISOLATE,CRITICAL
955,0.9061055742243002,High,BLOCK_AND_ISOLATE,CRITICAL
956,0.9025505463502064,High,BLOCK_AND_ISOLATE,CRITICAL
957,0.6135930377999386,Medium,MONITOR_AND_LOG,WARNING
958,0.9030306506095302,High,BLOCK_AND_ISOLATE,CRITICAL
959,0.925932839739336,High,BLOCK_AND_ISOLATE,CRITICAL
960,0.9038942091104196,High,BLOCK_AND_ISOLATE,CRITICAL
961,0.9325460016727448,High,BLOCK_AND_ISOLATE,CRITICAL
962,0.8954974544937628,High,BLOCK_AND_ISOLATE,CRITICAL
963,0.9010094352677884,High,BLOCK_AND_ISOLATE,CRITICAL
964,0.904887549013394,High,BLOCK_AND_ISOLATE,CRITICAL
965,0.9036370924291562,High,BLOCK_AND_ISOLATE,CRITICAL
966,0.9212425527921888,High,BLOCK_AND_ISOLATE,CRITICAL
967,0.9171457704249912,High,BLOCK_AND_ISOLATE,CRITICAL
968,0.9067291401421976,High,BLOCK_AND_ISOLATE,CRITICAL
969,0.9230759205053316,High,BLOCK_AND_ISOLATE,CRITICAL
970,0.9062621424439848,High,BLOCK_AND_ISOLATE,CRITICAL
971,0.9059287934003728,High,BLOCK_AND_ISOLATE,CRITICAL
972,0.9062621424439848,High,BLOCK_AND_ISOLATE,CRITICAL
973,0.896076554060847,High,BLOCK_AND_ISOLATE,CRITICAL
974,0.9325195670127868,High,BLOCK_AND_ISOLATE,CRITICAL
975,0.9248026153901876,High,BLOCK_AND_ISOLATE,CRITICAL
976,0.8960777461537425,High,BLOCK_AND_ISOLATE,CRITICAL
977,0.9231598057912322,High,BLOCK_AND_ISOLATE,CRITICAL
978,0.8955009879547696,High,BLOCK_AND_ISOLATE,CRITICAL
979,0.9039105109807658,High,BLOCK_AND_ISOLATE,CRITICAL
980,0.8958539866402232,High,BLOCK_AND_ISOLATE,CRITICAL
981,0.894368573032332,High,BLOCK_AND_ISOLATE,CRITICAL
982,0.8928623445230258,High,BLOCK_AND_ISOLATE,CRITICAL
983,0.9010120367399748,High,BLOCK_AND_ISOLATE,CRITICAL
984,0.9269520816599464,High,BLOCK_AND_ISOLATE,CRITICAL
985,0.8962558496327709,High,BLOCK_AND_ISOLATE,CRITICAL
986,0.9103455786130508,High,BLOCK_AND_ISOLATE,CRITICAL
987,0.902993401726019,High,BLOCK_AND_ISOLATE,CRITICAL
988,0.8970884480297382,High,BLOCK_AND_ISOLATE,CRITICAL
989,0.8962558496327709,High,BLOCK_AND_ISOLATE,CRITICAL
990,0.8208848482145598,High,BLOCK_AND_ISOLATE,CRITICAL
991,0.9135614795656306,High,BLOCK_AND_ISOLATE,CRITICAL
992,0.8955009879547696,High,BLOCK_AND_ISOLATE,CRITICAL
993,0.9093360022042296,High,BLOCK_AND_ISOLATE,CRITICAL
994,0.8962331104607891,High,BLOCK_AND_ISOLATE,CRITICAL
995,0.9235023867966184,High,BLOCK_AND_ISOLATE,CRITICAL
996,0.930018500891571,High,BLOCK_AND_ISOLATE,CRITICAL
997,0.9325652539730072,High,BLOCK_AND_ISOLATE,CRITICAL
998,0.9059287934003728,High,BLOCK_AND_ISOLATE,CRITICAL
999,0.8580447180486965,High,BLOCK_AND_ISOLATE,CRITICAL
1000,0.8930037048933529,High,BLOCK_AND_ISOLATE,CRITICAL
1001,0.879841831989839,High,BLOCK_AND_ISOLATE,CRITICAL
1002,0.9059316255674582,High,BLOCK_AND_ISOLATE,CRITICAL
1003,0.9142783640917173,High,BLOCK_AND_ISOLATE,CRITICAL
1004,0.930760439868488,High,BLOCK_AND_ISOLATE,CRITICAL
1005,0.9231598057912322,High,BLOCK_AND_ISOLATE,CRITICAL
1006,0.9221688131408562,High,BLOCK_AND_ISOLATE,CRITICAL
1007,0.905772564871245,High,BLOCK_AND_ISOLATE,CRITICAL
1008,0.8775912806062808,High,BLOCK_AND_ISOLATE,CRITICAL
1009,0.8960727989682261,High,BLOCK_AND_ISOLATE,CRITICAL
1010,0.8998119274001659,High,BLOCK_AND_ISOLATE,CRITICAL
1011,0.8962558496327709,High,BLOCK_AND_ISOLATE,CRITICAL
1012,0.9281813330501024,High,BLOCK_AND_ISOLATE,CRITICAL
1013,0.9259771687838652,High,BLOCK_AND_ISOLATE,CRITICAL
1014,0.8958539866402232,High,BLOCK_AND_ISOLATE,CRITICAL
1015,0.8943334871222995,High,BLOCK_AND_ISOLATE,CRITICAL
1016,0.9096308800068956,High,BLOCK_AND_ISOLATE,CRITICAL
1017,0.8990561009400183,High,BLOCK_AND_ISOLATE,CRITICAL
1018,0.9056167657176948,High,BLOCK_AND_ISOLATE,CRITICAL
1019,0.9235023867966184,High,BLOCK_AND_ISOLATE,CRITICAL
1020,0.8978203951132254,High,BLOCK_AND_ISOLATE,CRITICAL
1021,0.9059287934003728,High,BLOCK_AND_ISOLATE,CRITICAL
1022,0.9255241608482088,High,BLOCK_AND_ISOLATE,CRITICAL
1023,0.8947893634688496,High,BLOCK_AND_ISOLATE,CRITICAL
1024,0.9155296255052966,High,BLOCK_AND_ISOLATE,CRITICAL
1025,0.908846157499733,High,BLOCK_AND_ISOLATE,CRITICAL
1026,0.9176099800722608,High,BLOCK_AND_ISOLATE,CRITICAL
1027,0.9243523959828248,High,BLOCK_AND_ISOLATE,CRITICAL
1028,0.8986279365818114,High,BLOCK_AND_ISOLATE,CRITICAL
1029,0.921624348465827,High,BLOCK_AND_ISOLATE,CRITICAL
1030,0.8930416324027715,High,BLOCK_AND_ISOLATE,CRITICAL
1031,0.9101824811781588,High,BLOCK_AND_ISOLATE,CRITICAL
1032,0.8989181514384439,High,BLOCK_AND_ISOLATE,CRITICAL
1033,0.8965078208410797,High,BLOCK_AND_ISOLATE,CRITICAL
1034,0.8917159335972457,High,BLOCK_AND_ISOLATE,CRITICAL
1035,0.8958680876265149,High,BLOCK_AND_ISOLATE,CRITICAL
1036,0.9007802299350248,High,BLOCK_AND_ISOLATE,CRITICAL
1037,0.9036670368584726,High,BLOCK_AND_ISOLATE,CRITICAL
1038,0.9186574509410922,High,BLOCK_AND_ISOLATE,CRITICAL
1039,0.8960777461537425,High,BLOCK_AND_ISOLATE,CRITICAL
1040,0.902339461785984,High,BLOCK_AND_ISOLATE,CRITICAL
1041,0.9072521011105836,High,BLOCK_AND_ISOLATE,CRITICAL
1042,0.9073033207257928,High,BLOCK_AND_ISOLATE,CRITICAL
1043,0.9090691514250488,High,BLOCK_AND_ISOLATE,CRITICAL
1044,0.9061055742243002,High,BLOCK_AND_ISOLATE,CRITICAL
1045,0.9062621424439848,High,BLOCK_AND_ISOLATE,CRITICAL
1046,0.9062552283051908,High,BLOCK_AND_ISOLATE,CRITICAL
1047,0.9062621424439848,High,BLOCK_AND_ISOLATE,CRITICAL
1048,0.903712062890388,High,BLOCK_AND_ISOLATE,CRITICAL
1049,0.9096377941456896,High,BLOCK_AND_ISOLATE,CRITICAL
1050,0.8971192796185962,High,BLOCK_AND_ISOLATE,CRITICAL
1051,0.9022344219915408,High,BLOCK_AND_ISOLATE,CRITICAL
1052,0.9187375359705108,High,BLOCK_AND_ISOLATE,CRITICAL
1053,0.9235023867966184,High,BLOCK_AND_ISOLATE,CRITICAL
1054,0.9088428147388786,High,BLOCK_AND_ISOLATE,CRITICAL
1055,0.9257319091878148,High,BLOCK_AND_ISOLATE,CRITICAL
1056,0.8960703000550286,High,BLOCK_AND_ISOLATE,CRITICAL
1057,0.8950121264532142,High,BLOCK_AND_ISOLATE,CRITICAL
1058,0.906545088139336,High,BLOCK_AND_ISOLATE,CRITICAL
1059,0.9063824426042284,High,BLOCK_AND_ISOLATE,CRITICAL
1060,0.9247585510769636,High,BLOCK_AND_ISOLATE,CRITICAL
1061,0.9039105109807658,High,BLOCK_AND_ISOLATE,CRITICAL
1062,0.926065856870986,High,BLOCK_AND_ISOLATE,CRITICAL
1063,0.9062621424439848,High,BLOCK_AND_ISOLATE,CRITICAL
1064,0.9186949256416096,High,BLOCK_AND_ISOLATE,CRITICAL
1065,0.927248033864046,High,BLOCK_AND_ISOLATE,CRITICAL
1066,0.8961201263898272,High,BLOCK_AND_ISOLATE,CRITICAL
1067,0.9247585510769636,High,BLOCK_AND_ISOLATE,CRITICAL
1068,0.9094420948608524,High,BLOCK_AND_ISOLATE,CRITICAL
1069,0.9325460016727448,High,BLOCK_AND_ISOLATE,CRITICAL
1070,0.9231598057912322,High,BLOCK_AND_ISOLATE,CRITICAL
1071,0.9080523980137232,High,BLOCK_AND_ISOLATE,CRITICAL
1072,0.8969131923619623,High,BLOCK_AND_ISOLATE,CRITICAL
1073,0.9253338047792542,High,BLOCK_AND_ISOLATE,CRITICAL
1074,0.915319309529761,High,BLOCK_AND_ISOLATE,CRITICAL
1075,0.7481525761732938,High,BLOCK_AND_ISOLATE,CRITICAL
1076,0.9038980238076854,High,BLOCK_AND_ISOLATE,CRITICAL
1077,0.895659353965894,High,BLOCK_AND_ISOLATE,CRITICAL
1078,0.8962558496327709,High,BLOCK_AND_ISOLATE,CRITICAL
1079,0.919533096478764,High,BLOCK_AND_ISOLATE,CRITICAL
1080,0.9030028386140456,High,BLOCK_AND_ISOLATE,CRITICAL
1081,0.8680116907153782,High,BLOCK_AND_ISOLATE,CRITICAL
1082,0.9059200016695064,High,BLOCK_AND_ISOLATE,CRITICAL
1083,0.8962558496327709,High,BLOCK_AND_ISOLATE,CRITICAL
1084,0.9026719147647916,High,BLOCK_AND_ISOLATE,CRITICAL
1085,0.9240427769158132,High,BLOCK_AND_ISOLATE,CRITICAL
1086,0.8953355153867161,High,BLOCK_AND_ISOLATE,CRITICAL
1087,0.9260164712345132,High,BLOCK_AND_ISOLATE,CRITICAL
1088,0.9030701419020916,High,BLOCK_AND_ISOLATE,CRITICAL
1089,0.9039053253766705,High,BLOCK_AND_ISOLATE,CRITICAL
1090,0.8444944457206249,High,BLOCK_AND_ISOLATE,CRITICAL
1091,0.8644569912768497,High,BLOCK_AND_ISOLATE,CRITICAL
1092,0.9240432537529716,High,BLOCK_AND_ISOLATE,CRITICAL
1093,0.9039105109807658,High,BLOCK_AND_ISOLATE,CRITICAL
1094,0.8950524433240955,High,BLOCK_AND_ISOLATE,CRITICAL
1095,0.9234504796991598,High,BLOCK_AND_ISOLATE,CRITICAL
1096,0.906052898811094,High,BLOCK_AND_ISOLATE,CRITICAL
1097,0.905929657667722,High,BLOCK_AND_ISOLATE,CRITICAL
1098,0.8960777461537425,High,BLOCK_AND_ISOLATE,CRITICAL
1099,0.909915839753652,High,BLOCK_AND_ISOLATE,CRITICAL
1100,0.8935741120193941,High,BLOCK_AND_ISOLATE,CRITICAL
1101,0.9190339998118816,High,BLOCK_AND_ISOLATE,CRITICAL
1102,0.932343941926956,High,BLOCK_AND_ISOLATE,CRITICAL
1103,0.903282865736172,High,BLOCK_AND_ISOLATE,CRITICAL
1104,0.9121615222014544,High,BLOCK_AND_ISOLATE,CRITICAL
1105,0.9094377139194614,High,BLOCK_AND_ISOLATE,CRITICAL
1106,0.906052898811094,High,BLOCK_AND_ISOLATE,CRITICAL
1107,0.9252896208154582,High,BLOCK_AND_ISOLATE,CRITICAL
1108,0.9325672507286072,High,BLOCK_AND_ISOLATE,CRITICAL
1109,0.9163405520221148,High,BLOCK_AND_ISOLATE,CRITICAL
1110,0.9045695163788432,High,BLOCK_AND_ISOLATE,CRITICAL
1111,0.9220644267686218,High,BLOCK_AND_ISOLATE,CRITICAL
1112,0.8945962101443762,High,BLOCK_AND_ISOLATE,CRITICAL
1113,0.9325672507286072,High,BLOCK_AND_ISOLATE,CRITICAL
1114,0.9011061326225716,High,BLOCK_AND_ISOLATE,CRITICAL
1115,0.9240872467129388,High,BLOCK_AND_ISOLATE,CRITICAL
1116,0.9229851850141698,High,BLOCK_AND_ISOLATE,CRITICAL
1117,0.9074678481025592,High,BLOCK_AND_ISOLATE,CRITICAL
1118,0.9087461778929112,High,BLOCK_AND_ISOLATE,CRITICAL
1119,0.9235845543555238,High,BLOCK_AND_ISOLATE,CRITICAL
1120,0.9062552283051908,High,BLOCK_AND_ISOLATE,CRITICAL
1121,0.9062621424439848,High,BLOCK_AND_ISOLATE,CRITICAL
1122,0.9278114457603268,High,BLOCK_AND_ISOLATE,CRITICAL
1123,0.9325470745563508,High,BLOCK_AND_ISOLATE,CRITICAL
1124,0.8981943940353897,High,BLOCK_AND_ISOLATE,CRITICAL
1125,0.9325652539730072,High,BLOCK_AND_ISOLATE,CRITICAL
1126,0.9025505463502064,High,BLOCK_AND_ISOLATE,CRITICAL
1127,0.915438779317883,High,BLOCK_AND_ISOLATE,CRITICAL
1128,0.9062621424439848,High,BLOCK_AND_ISOLATE,CRITICAL
1129,0.905658621055278,High,BLOCK_AND_ISOLATE,CRITICAL
1130,0.9121873972722172,High,BLOCK_AND_ISOLATE,CRITICAL
1131,0.9325651049613952,High,BLOCK_AND_ISOLATE,CRITICAL
1132,0.9062552283051908,High,BLOCK_AND_ISOLATE,CRITICAL
1133,0.9133174879380658,High,BLOCK_AND_ISOLATE,CRITICAL
1134,0.93251274228096,High,BLOCK_AND_ISOLATE,CRITICAL
1135,0.9156894790855022,High,BLOCK_AND_ISOLATE,CRITICAL
1136,0.9057729224991136,High,BLOCK_AND_ISOLATE,CRITICAL
1137,0.9081373905996418,High,BLOCK_AND_ISOLATE,CRITICAL
1138,0.9059233693319364,High,BLOCK_AND_ISOLATE,CRITICAL
1139,0.9065955716652132,High,BLOCK_AND_ISOLATE,CRITICAL
1140,0.9158155557702676,High,BLOCK_AND_ISOLATE,CRITICAL
1141,0.9204407829875022,High,BLOCK_AND_ISOLATE,CRITICAL
1142,0.9062552283051908,High,BLOCK_AND_ISOLATE,CRITICAL
1143,0.8654823900884464,High,BLOCK_AND_ISOLATE,CRITICAL
1144,0.9266446012144708,High,BLOCK_AND_ISOLATE,CRITICAL
1145,0.9093263475087332,High,BLOCK_AND_ISOLATE,CRITICAL
1146,0.8971236307576648,High,BLOCK_AND_ISOLATE,CRITICAL
1147,0.9186949256416096,High,BLOCK_AND_ISOLATE,CRITICAL
1148,0.9014218355278026,High,BLOCK_AND_ISOLATE,CRITICAL
1149,0.8986142641335163,High,BLOCK_AND_ISOLATE,CRITICAL
1150,0.902933736399319,High,BLOCK_AND_ISOLATE,CRITICAL
1151,0.8533337581878488,High,BLOCK_AND_ISOLATE,CRITICAL
1152,0.913029796297107,High,BLOCK_AND_ISOLATE,CRITICAL
1153,0.9059287934003728,High,BLOCK_AND_ISOLATE,CRITICAL
1154,0.9232919686033204,High,BLOCK_AND_ISOLATE,CRITICAL
1155,0.8953586862088744,High,BLOCK_AND_ISOLATE,CRITICAL
1156,0.8960727989682261,High,BLOCK_AND_ISOLATE,CRITICAL
1157,0.9226831101646978,High,BLOCK_AND_ISOLATE,CRITICAL
1158,0.9079326487616772,High,BLOCK_AND_ISOLATE,CRITICAL
1159,0.8911235626398778,High,BLOCK_AND_ISOLATE,CRITICAL
1160,0.8962558496327709,High,BLOCK_AND_ISOLATE,CRITICAL
1161,0.9010094352677884,High,BLOCK_AND_ISOLATE,CRITICAL
1162,0.8958026968837299,High,BLOCK_AND_ISOLATE,CRITICAL
1163,0.9257319091878148,High,BLOCK_AND_ISOLATE,CRITICAL
1164,0.9026808843632926,High,BLOCK_AND_ISOLATE,CRITICAL
1165,0.8955121245133828,High,BLOCK_AND_ISOLATE,CRITICAL
1166,0.9233122350870204,High,BLOCK_AND_ISOLATE,CRITICAL
1167,0.9160458516516424,High,BLOCK_AND_ISOLATE,CRITICAL
1168,0.9037230599473492,High,BLOCK_AND_ISOLATE,CRITICAL
1169,0.9239554763459326,High,BLOCK_AND_ISOLATE,CRITICAL
1170,0.8958548509075724,High,BLOCK_AND_ISOLATE,CRITICAL
1171,0.9065087026908198,High,BLOCK_AND_ISOLATE,CRITICAL
1172,0.9160366903959742,High,BLOCK_AND_ISOLATE,CRITICAL
1173,0.9102503598159228,High,BLOCK_AND_ISOLATE,CRITICAL
1174,0.9234982442738066,High,BLOCK_AND_ISOLATE,CRITICAL
1175,0.9231598057912322,High,BLOCK_AND_ISOLATE,CRITICAL
1176,0.9062552283051908,High,BLOCK_AND_ISOLATE,CRITICAL
1177,0.9195962960678348,High,BLOCK_AND_ISOLATE,CRITICAL
1178,0.8946585808509077,High,BLOCK_AND_ISOLATE,CRITICAL
1179,0.9240432537529716,High,BLOCK_AND_ISOLATE,CRITICAL
1180,0.9025552551171436,High,BLOCK_AND_ISOLATE,CRITICAL
1181,0.9096403705738648,High,BLOCK_AND_ISOLATE,CRITICAL
1182,0.9010257371381346,High,BLOCK_AND_ISOLATE,CRITICAL
1183,0.9254827950755192,High,BLOCK_AND_ISOLATE,CRITICAL
1184,0.9307076966641704,High,BLOCK_AND_ISOLATE,CRITICAL
1185,0.932562780380249,High,BLOCK_AND_ISOLATE,CRITICAL
1186,0.9182036114863368,High,BLOCK_AND_ISOLATE,CRITICAL
1187,0.8954094011210885,High,BLOCK_AND_ISOLATE,CRITICAL
1188,0.8971236307576648,High,BLOCK_AND_ISOLATE,CRITICAL
1189,0.9231598057912322,High,BLOCK_AND_ISOLATE,CRITICAL
1190,0.8971251208737842,High,BLOCK_AND_ISOLATE,CRITICAL
1191,0.894612522727927,High,BLOCK_AND_ISOLATE,CRITICAL
1192,0.8960777461537425,High,BLOCK_AND_ISOLATE,CRITICAL
1193,0.8971251208737842,High,BLOCK_AND_ISOLATE,CRITICAL
1194,0.9244995250931898,High,BLOCK_AND_ISOLATE,CRITICAL
1195,0.9010257371381346,High,BLOCK_AND_ISOLATE,CRITICAL
1196,0.9047575904542804,High,BLOCK_AND_ISOLATE,CRITICAL
1197,0.9232919686033204,High,BLOCK_AND_ISOLATE,CRITICAL
1198,0.8965078208410797,High,BLOCK_AND_ISOLATE,CRITICAL
1199,0.9007221480884228,High,BLOCK_AND_ISOLATE,CRITICAL
1200,0.9184849092129528,High,BLOCK_AND_ISOLATE,CRITICAL
1201,0.8993655034502938,High,BLOCK_AND_ISOLATE,CRITICAL
1202,0.8644364879529689,High,BLOCK_AND_ISOLATE,CRITICAL
1203,0.9090070810048556,High,BLOCK_AND_ISOLATE,CRITICAL
1204,0.9325470745563508,High,BLOCK_AND_ISOLATE,CRITICAL
1205,0.8962558496327709,High,BLOCK_AND_ISOLATE,CRITICAL
1206,0.9047668312611892,High,BLOCK_AND_ISOLATE,CRITICAL
1207,0.9102490187114152,High,BLOCK_AND_ISOLATE,CRITICAL
1208,0.932545256614685,High,BLOCK_AND_ISOLATE,CRITICAL
1209,0.8949441871649757,High,BLOCK_AND_ISOLATE,CRITICAL
1210,0.9243523959828248,High,BLOCK_AND_ISOLATE,CRITICAL
1211,0.8965422915756142,High,BLOCK_AND_ISOLATE,CRITICAL
1212,0.9186095550545008,High,BLOCK_AND_ISOLATE,CRITICAL
1213,0.9127205129649468,High,BLOCK_AND_ISOLATE,CRITICAL
1214,0.9066118425799418,High,BLOCK_AND_ISOLATE,CRITICAL
1215,0.9214619254314584,High,BLOCK_AND_ISOLATE,CRITICAL
1216,0.910518290168724,High,BLOCK_AND_ISOLATE,CRITICAL
1217,0.8962558496327709,High,BLOCK_AND_ISOLATE,CRITICAL
1218,0.8960777461537425,High,BLOCK_AND_ISOLATE,CRITICAL
1219,0.8971251208737842,High,BLOCK_AND_ISOLATE,CRITICAL
1220,0.9183345659211524,High,BLOCK_AND_ISOLATE,CRITICAL
1221,0.9059233693319364,High,BLOCK_AND_ISOLATE,CRITICAL
1222,0.8983579086219572,High,BLOCK_AND_ISOLATE,CRITICAL
1223,0.906548709841708,High,BLOCK_AND_ISOLATE,CRITICAL
1224,0.8952575675640745,High,BLOCK_AND_ISOLATE,CRITICAL
1225,0.9058437339155796,High,BLOCK_AND_ISOLATE,CRITICAL
1226,0.9060663236813072,High,BLOCK_AND_ISOLATE,CRITICAL
1227,0.9121520853734651,High,BLOCK_AND_ISOLATE,CRITICAL
1228,0.9161820434862464,High,BLOCK_AND_ISOLATE,CRITICAL
1229,0.9038942091104196,High,BLOCK_AND_ISOLATE,CRITICAL
1230,0.9179474335554952,High,BLOCK_AND_ISOLATE,CRITICAL
1231,0.8962558496327709,High,BLOCK_AND_ISOLATE,CRITICAL
1232,0.9167037903298176,High,BLOCK_AND_ISOLATE,CRITICAL
1233,0.8937181293499608,High,BLOCK_AND_ISOLATE,CRITICAL
1234,0.9062621424439848,High,BLOCK_AND_ISOLATE,CRITICAL
1235,0.9232890777780488,High,BLOCK_AND_ISOLATE,CRITICAL
1236,0.9062621424439848,High,BLOCK_AND_ISOLATE,CRITICAL
1237,0.8957835396261539,High,BLOCK_AND_ISOLATE,CRITICAL
1238,0.8661382340320379,High,BLOCK_AND_ISOLATE,CRITICAL
1239,0.8962558496327709,High,BLOCK_AND_ISOLATE,CRITICAL
1240,0.8915953159039679,High,BLOCK_AND_ISOLATE,CRITICAL
1241,0.8393127312884229,High,BLOCK_AND_ISOLATE,CRITICAL
1242,0.912797365129977,High,BLOCK_AND_ISOLATE,CRITICAL
1243,0.8960777461537425,High,BLOCK_AND_ISOLATE,CRITICAL
1244,0.9252896208154582,High,BLOCK_AND_ISOLATE,CRITICAL
1245,0.9252398470394312,High,BLOCK_AND_ISOLATE,CRITICAL
1246,0.9034147472769986,High,BLOCK_AND_ISOLATE,CRITICAL
1247,0.9279317877435244,High,BLOCK_AND_ISOLATE,CRITICAL
1248,0.9238728500740786,High,BLOCK_AND_ISOLATE,CRITICAL
1249,0.9107030992701424,High,BLOCK_AND_ISOLATE,CRITICAL
1250,0.8968691802348228,High,BLOCK_AND_ISOLATE,CRITICAL
1251,0.8954978121216315,High,BLOCK_AND_ISOLATE,CRITICAL
1252,0.9324305474758148,High,BLOCK_AND_ISOLATE,CRITICAL
1253,0.9037230599473492,High,BLOCK_AND_ISOLATE,CRITICAL
1254,0.897471314172145,High,BLOCK_AND_ISOLATE,CRITICAL
1255,0.9057735781502062,High,BLOCK_AND_ISOLATE,CRITICAL
1256,0.9234982442738066,High,BLOCK_AND_ISOLATE,CRITICAL
1257,0.9026101524242696,High,BLOCK_AND_ISOLATE,CRITICAL
1258,0.8971251208737842,High,BLOCK_AND_ISOLATE,CRITICAL
1259,0.9325450778007508,High,BLOCK_AND_ISOLATE,CRITICAL
1260,0.8881392217107981,High,BLOCK_AND_ISOLATE,CRITICAL
1261,0.9273429848550132,High,BLOCK_AND_ISOLATE,CRITICAL
1262,0.8987960367814659,High,BLOCK_AND_ISOLATE,CRITICAL
1263,0.9220278025340428,High,BLOCK_AND_ISOLATE,CRITICAL
1264,0.9059939752804376,High,BLOCK_AND_ISOLATE,CRITICAL
1265,0.8920355090494149,High,BLOCK_AND_ISOLATE,CRITICAL
1266,0.905929657667722,High,BLOCK_AND_ISOLATE,CRITICAL
1267,0.8939346861404203,High,BLOCK_AND_ISOLATE,CRITICAL
1268,0.8958548509075724,High,BLOCK_AND_ISOLATE,CRITICAL
1269,0.9062621424439848,High,BLOCK_AND_ISOLATE,CRITICAL
1270,0.9062621424439848,High,BLOCK_AND_ISOLATE,CRITICAL
1271,0.8960777461537425,High,BLOCK_AND_ISOLATE,CRITICAL
1272,0.8969421450839155,High,BLOCK_AND_ISOLATE,CRITICAL
1273,0.9201153236841638,High,BLOCK_AND_ISOLATE,CRITICAL
1274,0.8962558496327709,High,BLOCK_AND_ISOLATE,CRITICAL
1275,0.8969131923619623,High,BLOCK_AND_ISOLATE,CRITICAL
1276,0.9211715919864348,High,BLOCK_AND_ISOLATE,CRITICAL
1277,0.8961166431182773,High,BLOCK_AND_ISOLATE,CRITICAL
1278,0.8971251208737842,High,BLOCK_AND_ISOLATE,CRITICAL
1279,0.9255548741313818,High,BLOCK_AND_ISOLATE,CRITICAL
1280,0.929398680356574,High,BLOCK_AND_ISOLATE,CRITICAL
1281,0.9298532211434408,High,BLOCK_AND_ISOLATE,CRITICAL
1282,0.9025529901406424,High,BLOCK_AND_ISOLATE,CRITICAL
1283,0.9235023867966184,High,BLOCK_AND_ISOLATE,CRITICAL
1284,0.9039105109807658,High,BLOCK_AND_ISOLATE,CRITICAL
1285,0.9059480217427088,High,BLOCK_AND_ISOLATE,CRITICAL
1286,0.9240386939976462,High,BLOCK_AND_ISOLATE,CRITICAL
1287,0.8958539866402232,High,BLOCK_AND_ISOLATE,CRITICAL
1288,0.9045891235733976,High,BLOCK_AND_ISOLATE,CRITICAL
1289,0.903671869923386,High,BLOCK_AND_ISOLATE,CRITICAL
1290,0.8962558496327709,High,BLOCK_AND_ISOLATE,CRITICAL
1291,0.9294866027045416,High,BLOCK_AND_ISOLATE,CRITICAL
1292,0.9240427769158132,High,BLOCK_AND_ISOLATE,CRITICAL
1293,0.90724839435678,High,BLOCK_AND_ISOLATE,CRITICAL
1294,0.9038942091104196,High,BLOCK_AND_ISOLATE,CRITICAL
1295,0.9181345580406224,High,BLOCK_AND_ISOLATE,CRITICAL
1296,0.8941892229573906,High,BLOCK_AND_ISOLATE,CRITICAL
1297,0.90845542677466,High,BLOCK_AND_ISOLATE,CRITICAL
1298,0.8971251208737842,High,BLOCK_AND_ISOLATE,CRITICAL
1299,0.9059287934003728,High,BLOCK_AND_ISOLATE,CRITICAL
1300,0.8966799752436622,High,BLOCK_AND_ISOLATE,CRITICAL
1301,0.8975517610192066,High,BLOCK_AND_ISOLATE,CRITICAL
1302,0.8929955287447188,High,BLOCK_AND_ISOLATE,CRITICAL
1303,0.9033248507977713,High,BLOCK_AND_ISOLATE,CRITICAL
1304,0.9062621424439848,High,BLOCK_AND_ISOLATE,CRITICAL
1305,0.923501045692111,High,BLOCK_AND_ISOLATE,CRITICAL
1306,0.92664346872622,High,BLOCK_AND_ISOLATE,CRITICAL
1307,0.9059233693319364,High,BLOCK_AND_ISOLATE,CRITICAL
1308,0.9164520408163171,High,BLOCK_AND_ISOLATE,CRITICAL
1309,0.9235023867966184,High,BLOCK_AND_ISOLATE,CRITICAL
1310,0.9051804111280538,High,BLOCK_AND_ISOLATE,CRITICAL
1311,0.9059200016695064,High,BLOCK_AND_ISOLATE,CRITICAL
1312,0.8970844843208606,High,BLOCK_AND_ISOLATE,CRITICAL
1313,0.8956457588342283,High,BLOCK_AND_ISOLATE,CRITICAL
1314,0.9325672507286072,High,BLOCK_AND_ISOLATE,CRITICAL
1315,0.923951512637055,High,BLOCK_AND_ISOLATE,CRITICAL
1316,0.9214148386294247,High,BLOCK_AND_ISOLATE,CRITICAL
1317,0.9061091207006644,High,BLOCK_AND_ISOLATE,CRITICAL
1318,0.9126649548538056,High,BLOCK_AND_ISOLATE,CRITICAL
1319,0.9030287730632198,High,BLOCK_AND_ISOLATE,CRITICAL
1320,0.9129583209298212,High,BLOCK_AND_ISOLATE,CRITICAL
1321,0.9258098548119876,High,BLOCK_AND_ISOLATE,CRITICAL
1322,0.9059233693319364,High,BLOCK_AND_ISOLATE,CRITICAL
1323,0.9059233693319364,High,BLOCK_AND_ISOLATE,CRITICAL
1324,0.9062621424439848,High,BLOCK_AND_ISOLATE,CRITICAL
1325,0.8818041014835093,High,BLOCK_AND_ISOLATE,CRITICAL
1326,0.925932839739336,High,BLOCK_AND_ISOLATE,CRITICAL
1327,0.9164228633874588,High,BLOCK_AND_ISOLATE,CRITICAL
1328,0.90083936214684,High,BLOCK_AND_ISOLATE,CRITICAL
1329,0.9037230599473492,High,BLOCK_AND_ISOLATE,CRITICAL
1330,0.9234982442738066,High,BLOCK_AND_ISOLATE,CRITICAL
1331,0.8962505448193859,High,BLOCK_AND_ISOLATE,CRITICAL
1332,0.9325470745563508,High,BLOCK_AND_ISOLATE,CRITICAL
1333,0.9232919686033204,High,BLOCK_AND_ISOLATE,CRITICAL
1334,0.9260608202785026,High,BLOCK_AND_ISOLATE,CRITICAL
1335,0.9008224851778912,High,BLOCK_AND_ISOLATE,CRITICAL
1336,0.8962558496327709,High,BLOCK_AND_ISOLATE,CRITICAL
1337,0.8960738465313928,High,BLOCK_AND_ISOLATE,CRITICAL
1338,0.8962558496327709,High,BLOCK_AND_ISOLATE,CRITICAL
1339,0.8962558496327709,High,BLOCK_AND_ISOLATE,CRITICAL
1340,0.9039105109807658,High,BLOCK_AND_ISOLATE,CRITICAL
1341,0.8936217264052324,High,BLOCK_AND_ISOLATE,CRITICAL
1342,0.9068180866611943,High,BLOCK_AND_ISOLATE,CRITICAL
1343,0.8955043556171994,High,BLOCK_AND_ISOLATE,CRITICAL
1344,0.8971251208737842,High,BLOCK_AND_ISOLATE,CRITICAL
1345,0.8954094011210885,High,BLOCK_AND_ISOLATE,CRITICAL
1346,0.9280305664926262,High,BLOCK_AND_ISOLATE,CRITICAL
1347,0.8958539866402232,High,BLOCK_AND_ISOLATE,CRITICAL
1348,0.8972634881519489,High,BLOCK_AND_ISOLATE,CRITICAL
1349,0.9234982442738066,High,BLOCK_AND_ISOLATE,CRITICAL
1350,0.9062621424439848,High,BLOCK_AND_ISOLATE,CRITICAL
1351,0.9325658500194548,High,BLOCK_AND_ISOLATE,CRITICAL
1352,0.9239791975459672,High,BLOCK_AND_ISOLATE,CRITICAL
1353,0.9062621424439848,High,BLOCK_AND_ISOLATE,CRITICAL
1354,0.8990614653580481,High,BLOCK_AND_ISOLATE,CRITICAL
1355,0.9147585515859024,High,BLOCK_AND_ISOLATE,CRITICAL
1356,0.9129859276775344,High,BLOCK_AND_ISOLATE,CRITICAL
1357,0.9145195011877528,High,BLOCK_AND_ISOLATE,CRITICAL
1358,0.8960088335980024,High,BLOCK_AND_ISOLATE,CRITICAL
1359,0.9068934702681734,High,BLOCK_AND_ISOLATE,CRITICAL
1360,0.9241685671322292,High,BLOCK_AND_ISOLATE,CRITICAL
1361,0.9267817890472246,High,BLOCK_AND_ISOLATE,CRITICAL
1362,0.9325632274150848,High,BLOCK_AND_ISOLATE,CRITICAL
1363,0.929199359270968,High,BLOCK_AND_ISOLATE,CRITICAL
1364,0.9054440578517152,High,BLOCK_AND_ISOLATE,CRITICAL
1365,0.9027138586832014,High,BLOCK_AND_ISOLATE,CRITICAL
1366,0.8984211899073091,High,BLOCK_AND_ISOLATE,CRITICAL
1367,0.9116529128117944,High,BLOCK_AND_ISOLATE,CRITICAL
1368,0.9187258487948434,High,BLOCK_AND_ISOLATE,CRITICAL
1369,0.9120767934242732,High,BLOCK_AND_ISOLATE,CRITICAL
1370,0.9209410867226034,High,BLOCK_AND_ISOLATE,CRITICAL
1371,0.8960777461537425,High,BLOCK_AND_ISOLATE,CRITICAL
1372,0.9208433549483548,High,BLOCK_AND_ISOLATE,CRITICAL
1373,0.906052898811094,High,BLOCK_AND_ISOLATE,CRITICAL
1374,0.9217011463024526,High,BLOCK_AND_ISOLATE,CRITICAL
1375,0.897936884570142,High,BLOCK_AND_ISOLATE,CRITICAL
1376,0.903670951765417,High,BLOCK_AND_ISOLATE,CRITICAL
1377,0.9163375297545898,High,BLOCK_AND_ISOLATE,CRITICAL
1378,0.896541814738456,High,BLOCK_AND_ISOLATE,CRITICAL
1379,0.8965507381189732,High,BLOCK_AND_ISOLATE,CRITICAL
1380,0.9244895468693703,High,BLOCK_AND_ISOLATE,CRITICAL
1381,0.9226007864580996,High,BLOCK_AND_ISOLATE,CRITICAL
1382,0.9034844788008864,High,BLOCK_AND_ISOLATE,CRITICAL
1383,0.8966799752436622,High,BLOCK_AND_ISOLATE,CRITICAL
1384,0.9062621424439848,High,BLOCK_AND_ISOLATE,CRITICAL
1385,0.9059200016695064,High,BLOCK_AND_ISOLATE,CRITICAL
1386,0.902843059283308,High,BLOCK_AND_ISOLATE,CRITICAL
1387,0.9069538980914988,High,BLOCK_AND_ISOLATE,CRITICAL
1388,0.9110937047683524,High,BLOCK_AND_ISOLATE,CRITICAL
1389,0.916169761091486,High,BLOCK_AND_ISOLATE,CRITICAL
1390,0.8957422174269006,High,BLOCK_AND_ISOLATE,CRITICAL
1391,0.9325669229030608,High,BLOCK_AND_ISOLATE,CRITICAL
1392,0.9234992277504454,High,BLOCK_AND_ISOLATE,CRITICAL
1393,0.9062599072698058,High,BLOCK_AND_ISOLATE,CRITICAL
1394,0.9250386304409098,High,BLOCK_AND_ISOLATE,CRITICAL
1395,0.9160863634498668,High,BLOCK_AND_ISOLATE,CRITICAL
1396,0.9160424412338348,High,BLOCK_AND_ISOLATE,CRITICAL
1397,0.8954978121216315,High,BLOCK_AND_ISOLATE,CRITICAL
1398,0.8962558496327709,High,BLOCK_AND_ISOLATE,CRITICAL
1399,0.9278419881991132,High,BLOCK_AND_ISOLATE,CRITICAL
1400,0.9157807733289748,High,BLOCK_AND_ISOLATE,CRITICAL
1401,0.9252896208154582,High,BLOCK_AND_ISOLATE,CRITICAL
1402,0.8971251208737842,High,BLOCK_AND_ISOLATE,CRITICAL
1403,0.9062621424439848,High,BLOCK_AND_ISOLATE,CRITICAL
1404,0.9264651780174924,High,BLOCK_AND_ISOLATE,CRITICAL
1405,0.9325460016727448,High,BLOCK_AND_ISOLATE,CRITICAL
1406,0.9177171098796704,High,BLOCK_AND_ISOLATE,CRITICAL
1407,0.9166730707682657,High,BLOCK_AND_ISOLATE,CRITICAL
1408,0.9018346404518492,High,BLOCK_AND_ISOLATE,CRITICAL
1409,0.9102330827621498,High,BLOCK_AND_ISOLATE,CRITICAL
1410,0.8983579086219572,High,BLOCK_AND_ISOLATE,CRITICAL
1411,0.906730207812898,High,BLOCK_AND_ISOLATE,CRITICAL
1412,0.9034287060486946,High,BLOCK_AND_ISOLATE,CRITICAL
1413,0.9234982442738066,High,BLOCK_AND_ISOLATE,CRITICAL
1414,0.8986417550962523,High,BLOCK_AND_ISOLATE,CRITICAL
1415,0.90545146288641,High,BLOCK_AND_ISOLATE,CRITICAL
1416,0.8928438652228516,High,BLOCK_AND_ISOLATE,CRITICAL
1417,0.8922668802970297,High,BLOCK_AND_ISOLATE,CRITICAL
1418,0.9213364254625276,High,BLOCK_AND_ISOLATE,CRITICAL
1419,0.9039105109807658,High,BLOCK_AND_ISOLATE,CRITICAL
1420,0.8962558496327709,High,BLOCK_AND_ISOLATE,CRITICAL
1421,0.9325535714626312,High,BLOCK_AND_ISOLATE,CRITICAL
1422,0.9062621424439848,High,BLOCK_AND_ISOLATE,CRITICAL
1423,0.927707766361213,High,BLOCK_AND_ISOLATE,CRITICAL
1424,0.8966045443342561,High,BLOCK_AND_ISOLATE,CRITICAL
1425,0.9030704399253154,High,BLOCK_AND_ISOLATE,CRITICAL
1426,0.8980088710177957,High,BLOCK_AND_ISOLATE,CRITICAL
1427,0.9207479996540344,High,BLOCK_AND_ISOLATE,CRITICAL
1428,0.9322714626789091,High,BLOCK_AND_ISOLATE,CRITICAL
1429,0.8975846204516843,High,BLOCK_AND_ISOLATE,CRITICAL
1430,0.9247701952981364,High,BLOCK_AND_ISOLATE,CRITICAL
1431,0.8941846621084594,High,BLOCK_AND_ISOLATE,CRITICAL
1432,0.9235722663919896,High,BLOCK_AND_ISOLATE,CRITICAL
1433,0.9088166109821804,High,BLOCK_AND_ISOLATE,CRITICAL
1434,0.894858081827559,High,BLOCK_AND_ISOLATE,CRITICAL
1435,0.9057726542782122,High,BLOCK_AND_ISOLATE,CRITICAL
1436,0.8648659228937584,High,BLOCK_AND_ISOLATE,CRITICAL
1437,0.9065201862295774,High,BLOCK_AND_ISOLATE,CRITICAL
1438,0.9135520704775278,High,BLOCK_AND_ISOLATE,CRITICAL
1439,0.9103231243074952,High,BLOCK_AND_ISOLATE,CRITICAL
1440,0.9096377941456896,High,BLOCK_AND_ISOLATE,CRITICAL
1441,0.9231598057912322,High,BLOCK_AND_ISOLATE,CRITICAL
1442,0.9231598057912322,High,BLOCK_AND_ISOLATE,CRITICAL
1443,0.9038942091104196,High,BLOCK_AND_ISOLATE,CRITICAL
1444,0.9232914321615172,High,BLOCK_AND_ISOLATE,CRITICAL
1445,0.9253338047792542,High,BLOCK_AND_ISOLATE,CRITICAL
1446,0.9325023412704468,High,BLOCK_AND_ISOLATE,CRITICAL
1447,0.8962558496327709,High,BLOCK_AND_ISOLATE,CRITICAL
1448,0.9032696602918652,High,BLOCK_AND_ISOLATE,CRITICAL
1449,0.9062552283051908,High,BLOCK_AND_ISOLATE,CRITICAL
1450,0.9250564511727736,High,BLOCK_AND_ISOLATE,CRITICAL
1451,0.9062621424439848,High,BLOCK_AND_ISOLATE,CRITICAL
1452,0.9187650912436588,High,BLOCK_AND_ISOLATE,CRITICAL
1453,0.9232893758012726,High,BLOCK_AND_ISOLATE,CRITICAL
1454,0.8971251208737842,High,BLOCK_AND_ISOLATE,CRITICAL
1455,0.9035078706540184,High,BLOCK_AND_ISOLATE,CRITICAL
1456,0.919268834092932,High,BLOCK_AND_ISOLATE,CRITICAL
1457,0.9026735231896628,High,BLOCK_AND_ISOLATE,CRITICAL
1458,0.8971251208737842,High,BLOCK_AND_ISOLATE,CRITICAL
1459,0.9209971853224492,High,BLOCK_AND_ISOLATE,CRITICAL
1460,0.9093298534910886,High,BLOCK_AND_ISOLATE,CRITICAL
1461,0.9039105109807658,High,BLOCK_AND_ISOLATE,CRITICAL
1462,0.920441390338491,High,BLOCK_AND_ISOLATE,CRITICAL
1463,0.9039105109807658,High,BLOCK_AND_ISOLATE,CRITICAL
1464,0.9025537948033469,High,BLOCK_AND_ISOLATE,CRITICAL
1465,0.9057726542782122,High,BLOCK_AND_ISOLATE,CRITICAL
1466,0.9227212154186388,High,BLOCK_AND_ISOLATE,CRITICAL
1467,0.8924342353607706,High,BLOCK_AND_ISOLATE,CRITICAL
1468,0.8913446665903931,High,BLOCK_AND_ISOLATE,CRITICAL
1469,0.923647169713134,High,BLOCK_AND_ISOLATE,CRITICAL
1470,0.9060663236813072,High,BLOCK_AND_ISOLATE,CRITICAL
1471,0.9056294925597992,High,BLOCK_AND_ISOLATE,CRITICAL
1472,0.8954746679650673,High,BLOCK_AND_ISOLATE,CRITICAL
1473,0.906684836512712,High,BLOCK_AND_ISOLATE,CRITICAL
1474,0.90263740043798,High,BLOCK_AND_ISOLATE,CRITICAL
1475,0.9062552283051908,High,BLOCK_AND_ISOLATE,CRITICAL
1476,0.9056243372846065,High,BLOCK_AND_ISOLATE,CRITICAL
1477,0.9243523959828248,High,BLOCK_AND_ISOLATE,CRITICAL
1478,0.9065330911045916,High,BLOCK_AND_ISOLATE,CRITICAL
1479,0.8920959149465721,High,BLOCK_AND_ISOLATE,CRITICAL
1480,0.906186047767101,High,BLOCK_AND_ISOLATE,CRITICAL
1481,0.897471314172145,High,BLOCK_AND_ISOLATE,CRITICAL
1482,0.8965422915756142,High,BLOCK_AND_ISOLATE,CRITICAL
1483,0.9284059431858936,High,BLOCK_AND_ISOLATE,CRITICAL
1484,0.9010257371381346,High,BLOCK_AND_ISOLATE,CRITICAL
1485,0.9059287934003728,High,BLOCK_AND_ISOLATE,CRITICAL
1486,0.9089413744229314,High,BLOCK_AND_ISOLATE,CRITICAL
1487,0.8969108379784937,High,BLOCK_AND_ISOLATE,CRITICAL
1488,0.8960727989682261,High,BLOCK_AND_ISOLATE,CRITICAL
1489,0.9038942091104196,High,BLOCK_AND_ISOLATE,CRITICAL
1490,0.9045122997100132,High,BLOCK_AND_ISOLATE,CRITICAL
1491,0.9248892833406273,High,BLOCK_AND_ISOLATE,CRITICAL
1492,0.9247268165877316,High,BLOCK_AND_ISOLATE,CRITICAL
1493,0.9032678156075732,High,BLOCK_AND_ISOLATE,CRITICAL
1494,0.8991449759840874,High,BLOCK_AND_ISOLATE,CRITICAL
1495,0.9039105109807658,High,BLOCK_AND_ISOLATE,CRITICAL
1496,0.8971251208737842,High,BLOCK_AND_ISOLATE,CRITICAL
1497,0.8929401224175484,High,BLOCK_AND_ISOLATE,CRITICAL
1498,0.9035077216424064,High,BLOCK_AND_ISOLATE,CRITICAL
1499,0.913556920246796,High,BLOCK_AND_ISOLATE,CRITICAL
1500,0.8972138676630138,High,BLOCK_AND_ISOLATE,CRITICAL
1501,0.9096377941456896,High,BLOCK_AND_ISOLATE,CRITICAL
1502,0.9248462128051446,High,BLOCK_AND_ISOLATE,CRITICAL
1503,0.8950838780432452,High,BLOCK_AND_ISOLATE,CRITICAL
1504,0.9059939752804376,High,BLOCK_AND_ISOLATE,CRITICAL
1505,0.923626971088632,High,BLOCK_AND_ISOLATE,CRITICAL
1506,0.923644785527343,High,BLOCK_AND_ISOLATE,CRITICAL
1507,0.9251123885276752,High,BLOCK_AND_ISOLATE,CRITICAL
1508,0.905929657667722,High,BLOCK_AND_ISOLATE,CRITICAL
1509,0.8955004515129666,High,BLOCK_AND_ISOLATE,CRITICAL
1510,0.9130455245344776,High,BLOCK_AND_ISOLATE,CRITICAL
1511,0.8945231778773991,High,BLOCK_AND_ISOLATE,CRITICAL
1512,0.8948499611866318,High,BLOCK_AND_ISOLATE,CRITICAL
1513,0.8935639876486942,High,BLOCK_AND_ISOLATE,CRITICAL
1514,0.9236228285658202,High,BLOCK_AND_ISOLATE,CRITICAL
1515,0.9248462128051446,High,BLOCK_AND_ISOLATE,CRITICAL
1516,0.905772564871245,High,BLOCK_AND_ISOLATE,CRITICAL
1517,0.8968982007582587,High,BLOCK_AND_ISOLATE,CRITICAL
1518,0.9018298840184724,High,BLOCK_AND_ISOLATE,CRITICAL
1519,0.9229968778499312,High,BLOCK_AND_ISOLATE,CRITICAL
1520,0.8971251208737842,High,BLOCK_AND_ISOLATE,CRITICAL
1521,0.9096403705738648,High,BLOCK_AND_ISOLATE,CRITICAL
1522,0.908846157499733,High,BLOCK_AND_ISOLATE,CRITICAL
1523,0.9233049411990988,High,BLOCK_AND_ISOLATE,CRITICAL
1524,0.9108477745660004,High,BLOCK_AND_ISOLATE,CRITICAL
1525,0.9228001225000946,High,BLOCK_AND_ISOLATE,CRITICAL
1526,0.9240432537529716,High,BLOCK_AND_ISOLATE,CRITICAL
1527,0.9037230599473492,High,BLOCK_AND_ISOLATE,CRITICAL
1528,0.9157314951694738,High,BLOCK_AND_ISOLATE,CRITICAL
1529,0.9060736427087194,High,BLOCK_AND_ISOLATE,CRITICAL
1530,0.8950572464973069,High,BLOCK_AND_ISOLATE,CRITICAL
1531,0.910768592923116,High,BLOCK_AND_ISOLATE,CRITICAL
1532,0.9232893459989502,High,BLOCK_AND_ISOLATE,CRITICAL
1533,0.8902050157456366,High,BLOCK_AND_ISOLATE,CRITICAL
1534,0.9243943721455646,High,BLOCK_AND_ISOLATE,CRITICAL
1535,0.8957908078079709,High,BLOCK_AND_ISOLATE,CRITICAL
1536,0.906052898811094,High,BLOCK_AND_ISOLATE,CRITICAL
1537,0.8962558496327709,High,BLOCK_AND_ISOLATE,CRITICAL
1538,0.8954094011210885,High,BLOCK_AND_ISOLATE,CRITICAL
1539,0.9035112085141256,High,BLOCK_AND_ISOLATE,CRITICAL
1540,0.896248935493977,High,BLOCK_AND_ISOLATE,CRITICAL
1541,0.9181037701571862,High,BLOCK_AND_ISOLATE,CRITICAL
1542,0.8971251208737842,High,BLOCK_AND_ISOLATE,CRITICAL
1543,0.9241305939244444,High,BLOCK_AND_ISOLATE,CRITICAL
1544,0.9065463398368762,High,BLOCK_AND_ISOLATE,CRITICAL
1545,0.9236903887752966,High,BLOCK_AND_ISOLATE,CRITICAL
1546,0.9163261409877668,High,BLOCK_AND_ISOLATE,CRITICAL
1547,0.8667498322469666,High,BLOCK_AND_ISOLATE,CRITICAL
1548,0.8971251208737842,High,BLOCK_AND_ISOLATE,CRITICAL
1549,0.9058685390653838,High,BLOCK_AND_ISOLATE,CRITICAL
1550,0.8979711219032734,High,BLOCK_AND_ISOLATE,CRITICAL
1551,0.9261091522532988,High,BLOCK_AND_ISOLATE,CRITICAL
1552,0.9010120367399748,High,BLOCK_AND_ISOLATE,CRITICAL
1553,0.905929657667722,High,BLOCK_AND_ISOLATE,CRITICAL
1554,0.9039105109807658,High,BLOCK_AND_ISOLATE,CRITICAL
1555,0.8958680876265149,High,BLOCK_AND_ISOLATE,CRITICAL
1556,0.8968363263157775,High,BLOCK_AND_ISOLATE,CRITICAL
1557,0.9276732722724348,High,BLOCK_AND_ISOLATE,CRITICAL
1558,0.8929345541245978,High,BLOCK_AND_ISOLATE,CRITICAL
1559,0.8971192796185962,High,BLOCK_AND_ISOLATE,CRITICAL
1560,0.9033860065093392,High,BLOCK_AND_ISOLATE,CRITICAL
1561,0.9325652539730072,High,BLOCK_AND_ISOLATE,CRITICAL
1562,0.9039105109807658,High,BLOCK_AND_ISOLATE,CRITICAL
1563,0.896450264132316,High,BLOCK_AND_ISOLATE,CRITICAL
1564,0.9059211469963828,High,BLOCK_AND_ISOLATE,CRITICAL
1565,0.900562255321644,High,BLOCK_AND_ISOLATE,CRITICAL
1566,0.8974374546646283,High,BLOCK_AND_ISOLATE,CRITICAL
1567,0.8934162186540099,High,BLOCK_AND_ISOLATE,CRITICAL
1568,0.9035078706540184,High,BLOCK_AND_ISOLATE,CRITICAL
1569,0.8986160786718875,High,BLOCK_AND_ISOLATE,CRITICAL
1570,0.8971192796185962,High,BLOCK_AND_ISOLATE,CRITICAL
1571,0.9157983240638626,High,BLOCK_AND_ISOLATE,CRITICAL
1572,0.8913093447293831,High,BLOCK_AND_ISOLATE,CRITICAL
1573,0.9033860065093392,High,BLOCK_AND_ISOLATE,CRITICAL
1574,0.9260164712345132,High,BLOCK_AND_ISOLATE,CRITICAL
1575,0.9054516082187782,High,BLOCK_AND_ISOLATE,CRITICAL
1576,0.9229968778499312,High,BLOCK_AND_ISOLATE,CRITICAL
1577,0.9010094352677884,High,BLOCK_AND_ISOLATE,CRITICAL
1578,0.8971192796185962,High,BLOCK_AND_ISOLATE,CRITICAL
1579,0.922953224573976,High,BLOCK_AND_ISOLATE,CRITICAL
1580,0.8965422915756142,High,BLOCK_AND_ISOLATE,CRITICAL
1581,0.9062599072698058,High,BLOCK_AND_ISOLATE,CRITICAL
1582,0.9182307641825368,High,BLOCK_AND_ISOLATE,CRITICAL
1583,0.8955009879547696,High,BLOCK_AND_ISOLATE,CRITICAL
1584,0.8940858582324592,High,BLOCK_AND_ISOLATE,CRITICAL
1585,0.891251089761531,High,BLOCK_AND_ISOLATE,CRITICAL
1586,0.9030031068349472,High,BLOCK_AND_ISOLATE,CRITICAL
1587,0.9189935718604366,High,BLOCK_AND_ISOLATE,CRITICAL
1588,0.8984245273956496,High,BLOCK_AND_ISOLATE,CRITICAL
1589,0.896248935493977,High,BLOCK_AND_ISOLATE,CRITICAL
1590,0.8962558496327709,High,BLOCK_AND_ISOLATE,CRITICAL
1591,0.9235023867966184,High,BLOCK_AND_ISOLATE,CRITICAL
1592,0.9150214618106244,High,BLOCK_AND_ISOLATE,CRITICAL
1593,0.9059287934003728,High,BLOCK_AND_ISOLATE,CRITICAL
1594,0.9062621424439848,High,BLOCK_AND_ISOLATE,CRITICAL
1595,0.9324771583080292,High,BLOCK_AND_ISOLATE,CRITICAL
1596,0.8971236307576648,High,BLOCK_AND_ISOLATE,CRITICAL
1597,0.9039105109807658,High,BLOCK_AND_ISOLATE,CRITICAL
1598,0.9061055742243002,High,BLOCK_AND_ISOLATE,CRITICAL
1599,0.8929332762470531,High,BLOCK_AND_ISOLATE,CRITICAL
1600,0.9235023867966184,High,BLOCK_AND_ISOLATE,CRITICAL
1601,0.9039105109807658,High,BLOCK_AND_ISOLATE,CRITICAL
1602,0.9000857013158853,High,BLOCK_AND_ISOLATE,CRITICAL
1603,0.9248466896423028,High,BLOCK_AND_ISOLATE,CRITICAL
1604,0.9234982442738066,High,BLOCK_AND_ISOLATE,CRITICAL
1605,0.9035931049087024,High,BLOCK_AND_ISOLATE,CRITICAL
1606,0.9039105109807658,High,BLOCK_AND_ISOLATE,CRITICAL
1607,0.896248935493977,High,BLOCK_AND_ISOLATE,CRITICAL
1608,0.9168521167173692,High,BLOCK_AND_ISOLATE,CRITICAL
1609,0.9186095550545008,High,BLOCK_AND_ISOLATE,CRITICAL
1610,0.9324285209178924,High,BLOCK_AND_ISOLATE,CRITICAL
1611,0.8960762262353007,High,BLOCK_AND_ISOLATE,CRITICAL
1612,0.9230075417638448,High,BLOCK_AND_ISOLATE,CRITICAL
1613,0.8915051695442607,High,BLOCK_AND_ISOLATE,CRITICAL
1614,0.8960727989682261,High,BLOCK_AND_ISOLATE,CRITICAL
1615,0.9033951856246346,High,BLOCK_AND_ISOLATE,CRITICAL
1616,0.9062599072698058,High,BLOCK_AND_ISOLATE,CRITICAL
1617,0.9243963689011646,High,BLOCK_AND_ISOLATE,CRITICAL
1618,0.9059233693319364,High,BLOCK_AND_ISOLATE,CRITICAL
1619,0.905512037795449,High,BLOCK_AND_ISOLATE,CRITICAL
1620,0.9089162560781272,High,BLOCK_AND_ISOLATE,CRITICAL
1621,0.8962558496327709,High,BLOCK_AND_ISOLATE,CRITICAL
1622,0.8931611762525999,High,BLOCK_AND_ISOLATE,CRITICAL
1623,0.8958681472311597,High,BLOCK_AND_ISOLATE,CRITICAL
1624,0.9252002098929076,High,BLOCK_AND_ISOLATE,CRITICAL
1625,0.9062621424439848,High,BLOCK_AND_ISOLATE,CRITICAL
1626,0.906052898811094,High,BLOCK_AND_ISOLATE,CRITICAL
1627,0.9060478350387016,High,BLOCK_AND_ISOLATE,CRITICAL
1628,0.8971192796185962,High,BLOCK_AND_ISOLATE,CRITICAL
1629,0.8999672293465587,High,BLOCK_AND_ISOLATE,CRITICAL
1630,0.9039105109807658,High,BLOCK_AND_ISOLATE,CRITICAL
1631,0.8966013965166197,High,BLOCK_AND_ISOLATE,CRITICAL
1632,0.9231598057912322,High,BLOCK_AND_ISOLATE,CRITICAL
1633,0.9062621424439848,High,BLOCK_AND_ISOLATE,CRITICAL
1634,0.9039105109807658,High,BLOCK_AND_ISOLATE,CRITICAL
1635,0.9234272453140612,High,BLOCK_AND_ISOLATE,CRITICAL
1636,0.9155843817300732,High,BLOCK_AND_ISOLATE,CRITICAL
1637,0.8985651094333996,High,BLOCK_AND_ISOLATE,CRITICAL
1638,0.8955953066640588,High,BLOCK_AND_ISOLATE,CRITICAL
1639,0.8962558496327709,High,BLOCK_AND_ISOLATE,CRITICAL
1640,0.926065856870986,High,BLOCK_AND_ISOLATE,CRITICAL
1641,0.906052898811094,High,BLOCK_AND_ISOLATE,CRITICAL
1642,0.8955856461789394,High,BLOCK_AND_ISOLATE,CRITICAL
1643,0.9059204019383232,High,BLOCK_AND_ISOLATE,CRITICAL
1644,0.8955009879547696,High,BLOCK_AND_ISOLATE,CRITICAL
1645,0.912688512223536,High,BLOCK_AND_ISOLATE,CRITICAL
1646,0.8971192796185962,High,BLOCK_AND_ISOLATE,CRITICAL
1647,0.9229638864460497,High,BLOCK_AND_ISOLATE,CRITICAL
1648,0.895688990416816,High,BLOCK_AND_ISOLATE,CRITICAL
1649,0.8960777461537425,High,BLOCK_AND_ISOLATE,CRITICAL
1650,0.9025537948033469,High,BLOCK_AND_ISOLATE,CRITICAL
1651,0.9199739823426256,High,BLOCK_AND_ISOLATE,CRITICAL
1652,0.8925222454752214,High,BLOCK_AND_ISOLATE,CRITICAL
1653,0.9026740605320036,High,BLOCK_AND_ISOLATE,CRITICAL
1654,0.8955009879547696,High,BLOCK_AND_ISOLATE,CRITICAL
1655,0.9007867726664828,High,BLOCK_AND_ISOLATE,CRITICAL
1656,0.8962452100576748,High,BLOCK_AND_ISOLATE,CRITICAL
1657,0.9186521461277072,High,BLOCK_AND_ISOLATE,CRITICAL
1658,0.8938302057235651,High,BLOCK_AND_ISOLATE,CRITICAL
1659,0.9035112085141256,High,BLOCK_AND_ISOLATE,CRITICAL
1660,0.758748312258105,High,BLOCK_AND_ISOLATE,CRITICAL
1661,0.9025528411290304,High,BLOCK_AND_ISOLATE,CRITICAL
1662,0.9255548741313818,High,BLOCK_AND_ISOLATE,CRITICAL
1663,0.8945903577731688,High,BLOCK_AND_ISOLATE,CRITICAL
1664,0.9240386939976462,High,BLOCK_AND_ISOLATE,CRITICAL
1665,0.8971251208737842,High,BLOCK_AND_ISOLATE,CRITICAL
1666,0.8947893634688496,High,BLOCK_AND_ISOLATE,CRITICAL
1667,0.9062058782831844,High,BLOCK_AND_ISOLATE,CRITICAL
1668,0.8960708961014764,High,BLOCK_AND_ISOLATE,CRITICAL
1669,0.9096308800068956,High,BLOCK_AND_ISOLATE,CRITICAL
1670,0.8949500284201637,High,BLOCK_AND_ISOLATE,CRITICAL
1671,0.8962465511621822,High,BLOCK_AND_ISOLATE,CRITICAL
1672,0.9039105109807658,High,BLOCK_AND_ISOLATE,CRITICAL
1673,0.9229984871753402,High,BLOCK_AND_ISOLATE,CRITICAL
1674,0.9243958920640064,High,BLOCK_AND_ISOLATE,CRITICAL
1675,0.8960703596596734,High,BLOCK_AND_ISOLATE,CRITICAL
1676,0.9243084329805248,High,BLOCK_AND_ISOLATE,CRITICAL
1677,0.9230547303757968,High,BLOCK_AND_ISOLATE,CRITICAL
1678,0.9322857081890106,High,BLOCK_AND_ISOLATE,CRITICAL
1679,0.9032674248014362,High,BLOCK_AND_ISOLATE,CRITICAL
1680,0.898517849563014,High,BLOCK_AND_ISOLATE,CRITICAL
1681,0.9323918640613555,High,BLOCK_AND_ISOLATE,CRITICAL
1682,0.9036178957090364,High,BLOCK_AND_ISOLATE,CRITICAL
1683,0.9309177407697296,High,BLOCK_AND_ISOLATE,CRITICAL
1684,0.8949500284201637,High,BLOCK_AND_ISOLATE,CRITICAL
1685,0.8960703596596734,High,BLOCK_AND_ISOLATE,CRITICAL
1686,0.9240427769158132,High,BLOCK_AND_ISOLATE,CRITICAL
1687,0.8943918968904131,High,BLOCK_AND_ISOLATE,CRITICAL
1688,0.9105139390296554,High,BLOCK_AND_ISOLATE,CRITICAL
1689,0.9236903887752966,High,BLOCK_AND_ISOLATE,CRITICAL
1690,0.8954978121216315,High,BLOCK_AND_ISOLATE,CRITICAL
1691,0.8987491670003076,High,BLOCK_AND_ISOLATE,CRITICAL
1692,0.8686477516489232,High,BLOCK_AND_ISOLATE,CRITICAL
1693,0.9274397416809352,High,BLOCK_AND_ISOLATE,CRITICAL
1694,0.9009485291567402,High,BLOCK_AND_ISOLATE,CRITICAL
1695,0.9069723268965404,High,BLOCK_AND_ISOLATE,CRITICAL
1696,0.8925685499344133,High,BLOCK_AND_ISOLATE,CRITICAL
1697,0.9123561411910608,High,BLOCK_AND_ISOLATE,CRITICAL
1698,0.8930029498364821,High,BLOCK_AND_ISOLATE,CRITICAL
1699,0.8969108379784937,High,BLOCK_AND_ISOLATE,CRITICAL
1700,0.9164745295884716,High,BLOCK_AND_ISOLATE,CRITICAL
1701,0.8956033994111117,High,BLOCK_AND_ISOLATE,CRITICAL
1702,0.8980145115152736,High,BLOCK_AND_ISOLATE,CRITICAL
1703,0.8490269247833514,High,BLOCK_AND_ISOLATE,CRITICAL
1704,0.8954974544937628,High,BLOCK_AND_ISOLATE,CRITICAL
1705,0.9039105109807658,High,BLOCK_AND_ISOLATE,CRITICAL
1706,0.9258442116370664,High,BLOCK_AND_ISOLATE,CRITICAL
1707,0.895953554181261,High,BLOCK_AND_ISOLATE,CRITICAL
1708,0.8908754160162815,High,BLOCK_AND_ISOLATE,CRITICAL
1709,0.8971236307576648,High,BLOCK_AND_ISOLATE,CRITICAL
1710,0.9060423549791822,High,BLOCK_AND_ISOLATE,CRITICAL
1711,0.903520659576732,High,BLOCK_AND_ISOLATE,CRITICAL
1712,0.8972151789651989,High,BLOCK_AND_ISOLATE,CRITICAL
1713,0.9248457359679864,High,BLOCK_AND_ISOLATE,CRITICAL
1714,0.9029170085472334,High,BLOCK_AND_ISOLATE,CRITICAL
1715,0.9096377941456896,High,BLOCK_AND_ISOLATE,CRITICAL
1716,0.9229968778499312,High,BLOCK_AND_ISOLATE,CRITICAL
1717,0.9039105109807658,High,BLOCK_AND_ISOLATE,CRITICAL
1718,0.9248462128051446,High,BLOCK_AND_ISOLATE,CRITICAL
1719,0.9234117939259284,High,BLOCK_AND_ISOLATE,CRITICAL
1720,0.9033187738451064,High,BLOCK_AND_ISOLATE,CRITICAL
1721,0.90263740043798,High,BLOCK_AND_ISOLATE,CRITICAL
1722,0.9186574509410922,High,BLOCK_AND_ISOLATE,CRITICAL
1723,0.89549754390073,High,BLOCK_AND_ISOLATE,CRITICAL
1724,0.8955707939209975,High,BLOCK_AND_ISOLATE,CRITICAL
1725,0.9244357499072212,High,BLOCK_AND_ISOLATE,CRITICAL
1726,0.8845612077570183,High,BLOCK_AND_ISOLATE,CRITICAL
1727,0.9325168251991272,High,BLOCK_AND_ISOLATE,CRITICAL
1728,0.8949500284201637,High,BLOCK_AND_ISOLATE,CRITICAL
1729,0.9220176119487914,High,BLOCK_AND_ISOLATE,CRITICAL
1730,0.9061055742243002,High,BLOCK_AND_ISOLATE,CRITICAL
1731,0.8984239879753545,High,BLOCK_AND_ISOLATE,CRITICAL
1732,0.8971312996937301,High,BLOCK_AND_ISOLATE,CRITICAL
1733,0.9236033644849768,High,BLOCK_AND_ISOLATE,CRITICAL
1734,0.9062552283051908,High,BLOCK_AND_ISOLATE,CRITICAL
1735,0.9057719092201524,High,BLOCK_AND_ISOLATE,CRITICAL
1736,0.9248466896423028,High,BLOCK_AND_ISOLATE,CRITICAL
1737,0.8931235252170537,High,BLOCK_AND_ISOLATE,CRITICAL
1738,0.9243084329805248,High,BLOCK_AND_ISOLATE,CRITICAL
1739,0.9284196833051572,High,BLOCK_AND_ISOLATE,CRITICAL
1740,0.896076554060847,High,BLOCK_AND_ISOLATE,CRITICAL
1741,0.9224801163308302,High,BLOCK_AND_ISOLATE,CRITICAL
1742,0.9111309788584864,High,BLOCK_AND_ISOLATE,CRITICAL
1743,0.92607007224265,High,BLOCK_AND_ISOLATE,CRITICAL
1744,0.896248935493977,High,BLOCK_AND_ISOLATE,CRITICAL
1745,0.906466262562964,High,BLOCK_AND_ISOLATE,CRITICAL
1746,0.9058918193868328,High,BLOCK_AND_ISOLATE,CRITICAL
1747,0.8926014768838716,High,BLOCK_AND_ISOLATE,CRITICAL
1748,0.8969955391942155,High,BLOCK_AND_ISOLATE,CRITICAL
1749,0.8973429327696089,High,BLOCK_AND_ISOLATE,CRITICAL
1750,0.9063722979156568,High,BLOCK_AND_ISOLATE,CRITICAL
1751,0.9257319091878148,High,BLOCK_AND_ISOLATE,CRITICAL
1752,0.9062621424439848,High,BLOCK_AND_ISOLATE,CRITICAL
1753,0.9216296472569536,High,BLOCK_AND_ISOLATE,CRITICAL
1754,0.9088478264297868,High,BLOCK_AND_ISOLATE,CRITICAL
1755,0.9030253457961452,High,BLOCK_AND_ISOLATE,CRITICAL
1756,0.8971251208737842,High,BLOCK_AND_ISOLATE,CRITICAL
1757,0.9037230599473492,High,BLOCK_AND_ISOLATE,CRITICAL
1758,0.9051649291356706,High,BLOCK_AND_ISOLATE,CRITICAL
1759,0.8942612285326587,High,BLOCK_AND_ISOLATE,CRITICAL
1760,0.9186040416248592,High,BLOCK_AND_ISOLATE,CRITICAL
1761,0.9310461047623332,High,BLOCK_AND_ISOLATE,CRITICAL
1762,0.9039105109807658,High,BLOCK_AND_ISOLATE,CRITICAL
1763,0.8957422174269006,High,BLOCK_AND_ISOLATE,CRITICAL
1764,0.9014713011271904,High,BLOCK_AND_ISOLATE,CRITICAL
1765,0.9252896208154582,High,BLOCK_AND_ISOLATE,CRITICAL
1766,0.9248466896423028,High,BLOCK_AND_ISOLATE,CRITICAL
1767,0.8921933414651818,High,BLOCK_AND_ISOLATE,CRITICAL
1768,0.9039053253766705,High,BLOCK_AND_ISOLATE,CRITICAL
1769,0.9243948489827228,High,BLOCK_AND_ISOLATE,CRITICAL
1770,0.9062621424439848,High,BLOCK_AND_ISOLATE,CRITICAL
1771,0.9229968778499312,High,BLOCK_AND_ISOLATE,CRITICAL
1772,0.9142605911992672,High,BLOCK_AND_ISOLATE,CRITICAL
1773,0.9239752004973302,High,BLOCK_AND_ISOLATE,CRITICAL
1774,0.89549754390073,High,BLOCK_AND_ISOLATE,CRITICAL
1775,0.9235023867966184,High,BLOCK_AND_ISOLATE,CRITICAL
1776,0.9033040929386404,High,BLOCK_AND_ISOLATE,CRITICAL
1777,0.9130210478176995,High,BLOCK_AND_ISOLATE,CRITICAL
1778,0.8971251208737842,High,BLOCK_AND_ISOLATE,CRITICAL
1779,0.8938851454052392,High,BLOCK_AND_ISOLATE,CRITICAL
1780,0.9214175933180117,High,BLOCK_AND_ISOLATE,CRITICAL
1781,0.8971251208737842,High,BLOCK_AND_ISOLATE,CRITICAL
1782,0.9038942091104196,High,BLOCK_AND_ISOLATE,CRITICAL
1783,0.9186095550545008,High,BLOCK_AND_ISOLATE,CRITICAL
1784,0.9154209118083572,High,BLOCK_AND_ISOLATE,CRITICAL
1785,0.901548782421624,High,BLOCK_AND_ISOLATE,CRITICAL
1786,0.9209448761038987,High,BLOCK_AND_ISOLATE,CRITICAL
1787,0.9058918193868328,High,BLOCK_AND_ISOLATE,CRITICAL
1788,0.9064339022204996,High,BLOCK_AND_ISOLATE,CRITICAL
1789,0.8956355767345238,High,BLOCK_AND_ISOLATE,CRITICAL
1790,0.8741489650262078,High,BLOCK_AND_ISOLATE,CRITICAL
1791,0.8975831303355649,High,BLOCK_AND_ISOLATE,CRITICAL
1792,0.9267781027194998,High,BLOCK_AND_ISOLATE,CRITICAL
1793,0.9023453626458168,High,BLOCK_AND_ISOLATE,CRITICAL
1794,0.9025537948033469,High,BLOCK_AND_ISOLATE,CRITICAL
1795,0.9072021653695944,High,BLOCK_AND_ISOLATE,CRITICAL
1796,0.903031872504748,High,BLOCK_AND_ISOLATE,CRITICAL
1797,0.9233602194814292,High,BLOCK_AND_ISOLATE,CRITICAL
1798,0.9243943721455646,High,BLOCK_AND_ISOLATE,CRITICAL
1799,0.8955004515129666,High,BLOCK_AND_ISOLATE,CRITICAL
1800,0.9060663236813072,High,BLOCK_AND_ISOLATE,CRITICAL
1801,0.9027934516311976,High,BLOCK_AND_ISOLATE,CRITICAL
1802,0.8995325306836378,High,BLOCK_AND_ISOLATE,CRITICAL
1803,0.9259278031468524,High,BLOCK_AND_ISOLATE,CRITICAL
1804,0.9235023867966184,High,BLOCK_AND_ISOLATE,CRITICAL
1805,0.8813238959048723,High,BLOCK_AND_ISOLATE,CRITICAL
1806,0.9042844949183704,High,BLOCK_AND_ISOLATE,CRITICAL
1807,0.9238474988604236,High,BLOCK_AND_ISOLATE,CRITICAL
1808,0.9201797766049804,High,BLOCK_AND_ISOLATE,CRITICAL
1809,0.8962482877769105,High,BLOCK_AND_ISOLATE,CRITICAL
1810,0.9257319091878148,High,BLOCK_AND_ISOLATE,CRITICAL
1811,0.9199481093592627,High,BLOCK_AND_ISOLATE,CRITICAL
1812,0.9234982442738066,High,BLOCK_AND_ISOLATE,CRITICAL
1813,0.9063679263205996,High,BLOCK_AND_ISOLATE,CRITICAL
1814,0.9232893758012726,High,BLOCK_AND_ISOLATE,CRITICAL
1815,0.8965422915756142,High,BLOCK_AND_ISOLATE,CRITICAL
1816,0.9187913852151632,High,BLOCK_AND_ISOLATE,CRITICAL
1817,0.912575063095866,High,BLOCK_AND_ISOLATE,CRITICAL
1818,0.9252896208154582,High,BLOCK_AND_ISOLATE,CRITICAL
1819,0.8971251208737842,High,BLOCK_AND_ISOLATE,CRITICAL
1820,0.903065403332832,High,BLOCK_AND_ISOLATE,CRITICAL
1821,0.8955043556171994,High,BLOCK_AND_ISOLATE,CRITICAL
1822,0.9208134943064216,High,BLOCK_AND_ISOLATE,CRITICAL
1823,0.921501688869004,High,BLOCK_AND_ISOLATE,CRITICAL
1824,0.906409102034446,High,BLOCK_AND_ISOLATE,CRITICAL
1825,0.8971251208737842,High,BLOCK_AND_ISOLATE,CRITICAL
1826,0.8954978121216315,High,BLOCK_AND_ISOLATE,CRITICAL
1827,0.9186574509410922,High,BLOCK_AND_ISOLATE,CRITICAL
1828,0.9102503598159228,High,BLOCK_AND_ISOLATE,CRITICAL
1829,0.8935941634170512,High,BLOCK_AND_ISOLATE,CRITICAL
1830,0.9325656414031982,High,BLOCK_AND_ISOLATE,CRITICAL
1831,0.9039105109807658,High,BLOCK_AND_ISOLATE,CRITICAL
1832,0.8986460466306762,High,BLOCK_AND_ISOLATE,CRITICAL
1833,0.8990621834465434,High,BLOCK_AND_ISOLATE,CRITICAL
1834,0.9039105109807658,High,BLOCK_AND_ISOLATE,CRITICAL
1835,0.905929657667722,High,BLOCK_AND_ISOLATE,CRITICAL
1836,0.9089416426438328,High,BLOCK_AND_ISOLATE,CRITICAL
1837,0.8957429624849603,High,BLOCK_AND_ISOLATE,CRITICAL
1838,0.8973794204787011,High,BLOCK_AND_ISOLATE,CRITICAL
1839,0.9236903887752966,High,BLOCK_AND_ISOLATE,CRITICAL
1840,0.9065428650607,High,BLOCK_AND_ISOLATE,CRITICAL
1841,0.9025528411290304,High,BLOCK_AND_ISOLATE,CRITICAL
1842,0.6754859087539414,Medium,MONITOR_AND_LOG,WARNING
1843,0.906548709841708,High,BLOCK_AND_ISOLATE,CRITICAL
1844,0.9040139578384596,High,BLOCK_AND_ISOLATE,CRITICAL
1845,0.9014982489984964,High,BLOCK_AND_ISOLATE,CRITICAL
1846,0.9234982442738066,High,BLOCK_AND_ISOLATE,CRITICAL
1847,0.8962558496327709,High,BLOCK_AND_ISOLATE,CRITICAL
1848,0.9235023867966184,High,BLOCK_AND_ISOLATE,CRITICAL
1849,0.9217569236062518,High,BLOCK_AND_ISOLATE,CRITICAL
1850,0.9185294383721744,High,BLOCK_AND_ISOLATE,CRITICAL
1851,0.9062621424439848,High,BLOCK_AND_ISOLATE,CRITICAL
1852,0.8961291008921253,High,BLOCK_AND_ISOLATE,CRITICAL
1853,0.9012700584030744,High,BLOCK_AND_ISOLATE,CRITICAL
1854,0.9243958920640064,High,BLOCK_AND_ISOLATE,CRITICAL
1855,0.9212392149320812,High,BLOCK_AND_ISOLATE,CRITICAL
1856,0.9234982442738066,High,BLOCK_AND_ISOLATE,CRITICAL
1857,0.9059287934003728,High,BLOCK_AND_ISOLATE,CRITICAL
1858,0.8972143146978496,High,BLOCK_AND_ISOLATE,CRITICAL
1859,0.9164179162019426,High,BLOCK_AND_ISOLATE,CRITICAL
1860,0.9036325322592912,High,BLOCK_AND_ISOLATE,CRITICAL
1861,0.9264211668426596,High,BLOCK_AND_ISOLATE,CRITICAL
1862,0.8962558496327709,High,BLOCK_AND_ISOLATE,CRITICAL
1863,0.9024693312012664,High,BLOCK_AND_ISOLATE,CRITICAL
1864,0.9106751892968702,High,BLOCK_AND_ISOLATE,CRITICAL
1865,0.9306722307599324,High,BLOCK_AND_ISOLATE,CRITICAL
1866,0.8962482877769105,High,BLOCK_AND_ISOLATE,CRITICAL
1867,0.9240427769158132,High,BLOCK_AND_ISOLATE,CRITICAL
1868,0.9248462128051446,High,BLOCK_AND_ISOLATE,CRITICAL
1869,0.9243589814133012,High,BLOCK_AND_ISOLATE,CRITICAL
1870,0.9240432537529716,High,BLOCK_AND_ISOLATE,CRITICAL
1871,0.919930460531716,High,BLOCK_AND_ISOLATE,CRITICAL
1872,0.9203095133625164,High,BLOCK_AND_ISOLATE,CRITICAL
1873,0.9081300379082308,High,BLOCK_AND_ISOLATE,CRITICAL
1874,0.8687811808657041,High,BLOCK_AND_ISOLATE,CRITICAL
1875,0.9218763309354722,High,BLOCK_AND_ISOLATE,CRITICAL
1876,0.8958539866402232,High,BLOCK_AND_ISOLATE,CRITICAL
1877,0.9028440971915812,High,BLOCK_AND_ISOLATE,CRITICAL
1878,0.8941242509340223,High,BLOCK_AND_ISOLATE,CRITICAL
1879,0.8904489344587504,High,BLOCK_AND_ISOLATE,CRITICAL
1880,0.9325460016727448,High,BLOCK_AND_ISOLATE,CRITICAL
1881,0.8991288742958566,High,BLOCK_AND_ISOLATE,CRITICAL
1882,0.8962558496327709,High,BLOCK_AND_ISOLATE,CRITICAL
1883,0.9212709077103344,High,BLOCK_AND_ISOLATE,CRITICAL
1884,0.8971251208737842,High,BLOCK_AND_ISOLATE,CRITICAL
1885,0.8924695011075096,High,BLOCK_AND_ISOLATE,CRITICAL
1886,0.9115204086851442,High,BLOCK_AND_ISOLATE,CRITICAL
1887,0.9222652158608644,High,BLOCK_AND_ISOLATE,CRITICAL
1888,0.9183345659211524,High,BLOCK_AND_ISOLATE,CRITICAL
1889,0.9038700344940648,High,BLOCK_AND_ISOLATE,CRITICAL
1890,0.914097265285778,High,BLOCK_AND_ISOLATE,CRITICAL
1891,0.910112362861072,High,BLOCK_AND_ISOLATE,CRITICAL
1892,0.9311810757229824,High,BLOCK_AND_ISOLATE,CRITICAL
1893,0.9062621424439848,High,BLOCK_AND_ISOLATE,CRITICAL
1894,0.8969108379784937,High,BLOCK_AND_ISOLATE,CRITICAL
1895,0.906412670002981,High,BLOCK_AND_ISOLATE,CRITICAL
1896,0.8965078208410797,High,BLOCK_AND_ISOLATE,CRITICAL
1897,0.9163720243121648,High,BLOCK_AND_ISOLATE,CRITICAL
1898,0.924039290044094,High,BLOCK_AND_ISOLATE,CRITICAL
1899,0.9240432537529716,High,BLOCK_AND_ISOLATE,CRITICAL
1900,0.9237533087537074,High,BLOCK_AND_ISOLATE,CRITICAL
1901,0.8955004515129666,High,BLOCK_AND_ISOLATE,CRITICAL
1902,0.9187375359705108,High,BLOCK_AND_ISOLATE,CRITICAL
1903,0.9024991142116848,High,BLOCK_AND_ISOLATE,CRITICAL
1904,0.9322531342506408,High,BLOCK_AND_ISOLATE,CRITICAL
1905,0.9058000791972506,High,BLOCK_AND_ISOLATE,CRITICAL
1906,0.8941784335669155,High,BLOCK_AND_ISOLATE,CRITICAL
1907,0.905017129355431,High,BLOCK_AND_ISOLATE,CRITICAL
1908,0.9061055742243002,High,BLOCK_AND_ISOLATE,CRITICAL
1909,0.906545088139336,High,BLOCK_AND_ISOLATE,CRITICAL
1910,0.9062599072698058,High,BLOCK_AND_ISOLATE,CRITICAL
1911,0.9215109106890086,High,BLOCK_AND_ISOLATE,CRITICAL
1912,0.8946182116972453,High,BLOCK_AND_ISOLATE,CRITICAL
1913,0.8965388947015479,High,BLOCK_AND_ISOLATE,CRITICAL
1914,0.8953683356122476,High,BLOCK_AND_ISOLATE,CRITICAL
1915,0.9235023867966184,High,BLOCK_AND_ISOLATE,CRITICAL
1916,0.8980142134920497,High,BLOCK_AND_ISOLATE,CRITICAL
1917,0.8953026988723697,High,BLOCK_AND_ISOLATE,CRITICAL
1918,0.9039105109807658,High,BLOCK_AND_ISOLATE,CRITICAL
1919,0.8975270921974506,High,BLOCK_AND_ISOLATE,CRITICAL
1920,0.9027445087192038,High,BLOCK_AND_ISOLATE,CRITICAL
1921,0.9156504107009495,High,BLOCK_AND_ISOLATE,CRITICAL
1922,0.9234982442738066,High,BLOCK_AND_ISOLATE,CRITICAL
1923,0.9062621424439848,High,BLOCK_AND_ISOLATE,CRITICAL
1924,0.9325535714626312,High,BLOCK_AND_ISOLATE,CRITICAL
1925,0.92184767461295,High,BLOCK_AND_ISOLATE,CRITICAL
1926,0.9256320724596924,High,BLOCK_AND_ISOLATE,CRITICAL
1927,0.9037081990523964,High,BLOCK_AND_ISOLATE,CRITICAL
1928,0.8971192796185962,High,BLOCK_AND_ISOLATE,CRITICAL
1929,0.9078211747978387,High,BLOCK_AND_ISOLATE,CRITICAL
1930,0.914150850238056,High,BLOCK_AND_ISOLATE,CRITICAL
1931,0.9231598057912322,High,BLOCK_AND_ISOLATE,CRITICAL
1932,0.8955009879547696,High,BLOCK_AND_ISOLATE,CRITICAL
1933,0.9243948489827228,High,BLOCK_AND_ISOLATE,CRITICAL
1934,0.9184481243958572,High,BLOCK_AND_ISOLATE,CRITICAL
1935,0.9038942091104196,High,BLOCK_AND_ISOLATE,CRITICAL
1936,0.8969394628749006,High,BLOCK_AND_ISOLATE,CRITICAL
1937,0.905111910606006,High,BLOCK_AND_ISOLATE,CRITICAL
1938,0.9030646582747722,High,BLOCK_AND_ISOLATE,CRITICAL
1939,0.924235580477642,High,BLOCK_AND_ISOLATE,CRITICAL
1940,0.9013698256695334,High,BLOCK_AND_ISOLATE,CRITICAL
1941,0.8969399993167035,High,BLOCK_AND_ISOLATE,CRITICAL
1942,0.9105197802848434,High,BLOCK_AND_ISOLATE,CRITICAL
1943,0.8966768378169637,High,BLOCK_AND_ISOLATE,CRITICAL
1944,0.905929657667722,High,BLOCK_AND_ISOLATE,CRITICAL
1945,0.8975467865075489,High,BLOCK_AND_ISOLATE,CRITICAL
1946,0.9067075293991104,High,BLOCK_AND_ISOLATE,CRITICAL
1947,0.9057719688247972,High,BLOCK_AND_ISOLATE,CRITICAL
1948,0.9182593938236036,High,BLOCK_AND_ISOLATE,CRITICAL
1949,0.9235566187051288,High,BLOCK_AND_ISOLATE,CRITICAL
1950,0.9277972374958052,High,BLOCK_AND_ISOLATE,CRITICAL
1951,0.918311619342327,High,BLOCK_AND_ISOLATE,CRITICAL
1952,0.9207472601426488,High,BLOCK_AND_ISOLATE,CRITICAL
1953,0.8947824493300557,High,BLOCK_AND_ISOLATE,CRITICAL
1954,0.9222233964233936,High,BLOCK_AND_ISOLATE,CRITICAL
1955,0.9186949256416096,High,BLOCK_AND_ISOLATE,CRITICAL
1956,0.8979388217210972,High,BLOCK_AND_ISOLATE,CRITICAL
1957,0.8964518734577249,High,BLOCK_AND_ISOLATE,CRITICAL
1958,0.9066187567187356,High,BLOCK_AND_ISOLATE,CRITICAL
1959,0.9137943786383124,High,BLOCK_AND_ISOLATE,CRITICAL
1960,0.8960762262353007,High,BLOCK_AND_ISOLATE,CRITICAL
1961,0.9037230599473492,High,BLOCK_AND_ISOLATE,CRITICAL
1962,0.8975290293484058,High,BLOCK_AND_ISOLATE,CRITICAL
1963,0.8960777461537425,High,BLOCK_AND_ISOLATE,CRITICAL
1964,0.9175983524624524,High,BLOCK_AND_ISOLATE,CRITICAL
1965,0.9158503306334362,High,BLOCK_AND_ISOLATE,CRITICAL
1966,0.8892704971895525,High,BLOCK_AND_ISOLATE,CRITICAL
1967,0.932548415660858,High,BLOCK_AND_ISOLATE,CRITICAL
1968,0.8970009646115956,High,BLOCK_AND_ISOLATE,CRITICAL
1969,0.9062621424439848,High,BLOCK_AND_ISOLATE,CRITICAL
1970,0.9257319091878148,High,BLOCK_AND_ISOLATE,CRITICAL
1971,0.932383370399475,High,BLOCK_AND_ISOLATE,CRITICAL
1972,0.9145076923463464,High,BLOCK_AND_ISOLATE,CRITICAL
1973,0.9235108237428858,High,BLOCK_AND_ISOLATE,CRITICAL
1974,0.9303881766482236,High,BLOCK_AND_ISOLATE,CRITICAL
1975,0.9069944570639265,High,BLOCK_AND_ISOLATE,CRITICAL
1976,0.9060663236813072,High,BLOCK_AND_ISOLATE,CRITICAL
1977,0.8434904801525497,High,BLOCK_AND_ISOLATE,CRITICAL
1978,0.896448303713186,High,BLOCK_AND_ISOLATE,CRITICAL
1979,0.9235566187051288,High,BLOCK_AND_ISOLATE,CRITICAL
1980,0.9059233693319364,High,BLOCK_AND_ISOLATE,CRITICAL
1981,0.9047163511386082,High,BLOCK_AND_ISOLATE,CRITICAL
1982,0.9044557758164814,High,BLOCK_AND_ISOLATE,CRITICAL
1983,0.9009180087208232,High,BLOCK_AND_ISOLATE,CRITICAL
1984,0.9134496874851356,High,BLOCK_AND_ISOLATE,CRITICAL
1985,0.9033951856246346,High,BLOCK_AND_ISOLATE,CRITICAL
1986,0.8954158436597351,High,BLOCK_AND_ISOLATE,CRITICAL
1987,0.8934815708902256,High,BLOCK_AND_ISOLATE,CRITICAL
1988,0.9185702220590258,High,BLOCK_AND_ISOLATE,CRITICAL
1989,0.8954094011210885,High,BLOCK_AND_ISOLATE,CRITICAL
1990,0.8934532109843697,High,BLOCK_AND_ISOLATE,CRITICAL
1991,0.9248014754836308,High,BLOCK_AND_ISOLATE,CRITICAL
1992,0.8979388217210972,High,BLOCK_AND_ISOLATE,CRITICAL
1993,0.9035053076542928,High,BLOCK_AND_ISOLATE,CRITICAL
1994,0.8801424524593174,High,BLOCK_AND_ISOLATE,CRITICAL
1995,0.9026733750785886,High,BLOCK_AND_ISOLATE,CRITICAL
1996,0.906128289518956,High,BLOCK_AND_ISOLATE,CRITICAL
1997,0.9025174891713154,High,BLOCK_AND_ISOLATE,CRITICAL
1998,0.9236027684385292,High,BLOCK_AND_ISOLATE,CRITICAL
1999,0.8466254102074603,High,BLOCK_AND_ISOLATE,CRITICAL
2000,0.9258885206911543,High,BLOCK_AND_ISOLATE,CRITICAL
2001,0.932312262988342,High,BLOCK_AND_ISOLATE,CRITICAL
2002,0.9098466682816048,High,BLOCK_AND_ISOLATE,CRITICAL
2003,0.8914694635274586,High,BLOCK_AND_ISOLATE,CRITICAL
2004,0.9249904625791882,High,BLOCK_AND_ISOLATE,CRITICAL
2005,0.9261233592790182,High,BLOCK_AND_ISOLATE,CRITICAL
2006,0.896248935493977,High,BLOCK_AND_ISOLATE,CRITICAL
2007,0.912701823306116,High,BLOCK_AND_ISOLATE,CRITICAL
2008,0.9258005735175148,High,BLOCK_AND_ISOLATE,CRITICAL
2009,0.9241183132650548,High,BLOCK_AND_ISOLATE,CRITICAL
2010,0.9058918193868328,High,BLOCK_AND_ISOLATE,CRITICAL
2011,0.9057729821037585,High,BLOCK_AND_ISOLATE,CRITICAL
2012,0.9248466896423028,High,BLOCK_AND_ISOLATE,CRITICAL
2013,0.9062621424439848,High,BLOCK_AND_ISOLATE,CRITICAL
2014,0.9062621424439848,High,BLOCK_AND_ISOLATE,CRITICAL
2015,0.9277972374958052,High,BLOCK_AND_ISOLATE,CRITICAL
2016,0.903712062890388,High,BLOCK_AND_ISOLATE,CRITICAL
2017,0.9230759205053316,High,BLOCK_AND_ISOLATE,CRITICAL
2018,0.8971251208737842,High,BLOCK_AND_ISOLATE,CRITICAL
2019,0.9143266720758388,High,BLOCK_AND_ISOLATE,CRITICAL
2020,0.906168126844017,High,BLOCK_AND_ISOLATE,CRITICAL
2021,0.9025528411290304,High,BLOCK_AND_ISOLATE,CRITICAL
2022,0.8949468955657379,High,BLOCK_AND_ISOLATE,CRITICAL
2023,0.9008304214501238,High,BLOCK_AND_ISOLATE,CRITICAL
2024,0.9009863467045056,High,BLOCK_AND_ISOLATE,CRITICAL
2025,0.8982157476391964,High,BLOCK_AND_ISOLATE,CRITICAL
2026,0.9240827786372082,High,BLOCK_AND_ISOLATE,CRITICAL
2027,0.9033872284045572,High,BLOCK_AND_ISOLATE,CRITICAL
2028,0.8636540853595275,High,BLOCK_AND_ISOLATE,CRITICAL
2029,0.9209285895961538,High,BLOCK_AND_ISOLATE,CRITICAL
2030,0.9256500897056013,High,BLOCK_AND_ISOLATE,CRITICAL
2031,0.9153993606856606,High,BLOCK_AND_ISOLATE,CRITICAL
2032,0.905772564871245,High,BLOCK_AND_ISOLATE,CRITICAL
2033,0.9062621424439848,High,BLOCK_AND_ISOLATE,CRITICAL
2034,0.9059287934003728,High,BLOCK_AND_ISOLATE,CRITICAL
2035,0.9074639079881156,High,BLOCK_AND_ISOLATE,CRITICAL
2036,0.8958539866402232,High,BLOCK_AND_ISOLATE,CRITICAL
2037,0.9325460016727448,High,BLOCK_AND_ISOLATE,CRITICAL
2038,0.8962558496327709,High,BLOCK_AND_ISOLATE,CRITICAL
2039,0.8960777461537425,High,BLOCK_AND_ISOLATE,CRITICAL
2040,0.9025033468471032,High,BLOCK_AND_ISOLATE,CRITICAL
2041,0.9230735389129168,High,BLOCK_AND_ISOLATE,CRITICAL
2042,0.9240368311705162,High,BLOCK_AND_ISOLATE,CRITICAL
2043,0.9235023867966184,High,BLOCK_AND_ISOLATE,CRITICAL
2044,0.8962558496327709,High,BLOCK_AND_ISOLATE,CRITICAL
2045,0.9186095550545008,High,BLOCK_AND_ISOLATE,CRITICAL
2046,0.8194522420885588,High,BLOCK_AND_ISOLATE,CRITICAL
2047,0.9240427769158132,High,BLOCK_AND_ISOLATE,CRITICAL
2048,0.8962558496327709,High,BLOCK_AND_ISOLATE,CRITICAL
2049,0.9235566187051288,High,BLOCK_AND_ISOLATE,CRITICAL
2050,0.8713322917103713,High,BLOCK_AND_ISOLATE,CRITICAL
2051,0.9084573639256152,High,BLOCK_AND_ISOLATE,CRITICAL
2052,0.922419934443247,High,BLOCK_AND_ISOLATE,CRITICAL
2053,0.8916814322974758,High,BLOCK_AND_ISOLATE,CRITICAL
2054,0.9062621424439848,High,BLOCK_AND_ISOLATE,CRITICAL
2055,0.9115984843388542,High,BLOCK_AND_ISOLATE,CRITICAL
2056,0.9256106312672332,High,BLOCK_AND_ISOLATE,CRITICAL
2057,0.9062621424439848,High,BLOCK_AND_ISOLATE,CRITICAL
2058,0.910320114272934,High,BLOCK_AND_ISOLATE,CRITICAL
2059,0.8997898690008403,High,BLOCK_AND_ISOLATE,CRITICAL
2060,0.8971251208737842,High,BLOCK_AND_ISOLATE,CRITICAL
2061,0.9033248507977713,High,BLOCK_AND_ISOLATE,CRITICAL
2062,0.8954730657262252,High,BLOCK_AND_ISOLATE,CRITICAL
2063,0.899707283833678,High,BLOCK_AND_ISOLATE,CRITICAL
2064,0.9108775472189315,High,BLOCK_AND_ISOLATE,CRITICAL
2065,0.9229067683219908,High,BLOCK_AND_ISOLATE,CRITICAL
2066,0.9059204019383232,High,BLOCK_AND_ISOLATE,CRITICAL
2067,0.8962558496327709,High,BLOCK_AND_ISOLATE,CRITICAL
2068,0.7248368815352528,High,BLOCK_AND_ISOLATE,CRITICAL
2069,0.8934496610947577,High,BLOCK_AND_ISOLATE,CRITICAL
2070,0.8960777461537425,High,BLOCK_AND_ISOLATE,CRITICAL
2071,0.9006481514715382,High,BLOCK_AND_ISOLATE,CRITICAL
2072,0.903661341342288,High,BLOCK_AND_ISOLATE,CRITICAL
2073,0.8945385369734647,High,BLOCK_AND_ISOLATE,CRITICAL
2074,0.9226863352209342,High,BLOCK_AND_ISOLATE,CRITICAL
2075,0.921122870807336,High,BLOCK_AND_ISOLATE,CRITICAL
2076,0.9065425144302144,High,BLOCK_AND_ISOLATE,CRITICAL
2077,0.9033872284045572,High,BLOCK_AND_ISOLATE,CRITICAL
2078,0.8960727989682261,High,BLOCK_AND_ISOLATE,CRITICAL
2079,0.8963436139887763,High,BLOCK_AND_ISOLATE,CRITICAL
2080,0.8969108379784937,High,BLOCK_AND_ISOLATE,CRITICAL
2081,0.9057729224991136,High,BLOCK_AND_ISOLATE,CRITICAL
2082,0.9026808843632926,High,BLOCK_AND_ISOLATE,CRITICAL
2083,0.9240020884332204,High,BLOCK_AND_ISOLATE,CRITICAL
2084,0.8971251208737842,High,BLOCK_AND_ISOLATE,CRITICAL
2085,0.9232841699688988,High,BLOCK_AND_ISOLATE,CRITICAL
2086,0.9060736427087194,High,BLOCK_AND_ISOLATE,CRITICAL
2087,0.8338322427316293,High,BLOCK_AND_ISOLATE,CRITICAL
2088,0.9083017663155052,High,BLOCK_AND_ISOLATE,CRITICAL
2089,0.9067644410844332,High,BLOCK_AND_ISOLATE,CRITICAL
2090,0.8965078208410797,High,BLOCK_AND_ISOLATE,CRITICAL
2091,0.9058685390653838,High,BLOCK_AND_ISOLATE,CRITICAL
2092,0.9057729224991136,High,BLOCK_AND_ISOLATE,CRITICAL
2093,0.9079116402173024,High,BLOCK_AND_ISOLATE,CRITICAL
2094,0.8665691778306146,High,BLOCK_AND_ISOLATE,CRITICAL
2095,0.8971251208737842,High,BLOCK_AND_ISOLATE,CRITICAL
2096,0.8972190389277451,High,BLOCK_AND_ISOLATE,CRITICAL
2097,0.8962558496327709,High,BLOCK_AND_ISOLATE,CRITICAL
2098,0.9062621424439848,High,BLOCK_AND_ISOLATE,CRITICAL
2099,0.913654786604722,High,BLOCK_AND_ISOLATE,CRITICAL
2100,0.8986444671075896,High,BLOCK_AND_ISOLATE,CRITICAL
2101,0.9012521432010102,High,BLOCK_AND_ISOLATE,CRITICAL
2102,0.9034879805065092,High,BLOCK_AND_ISOLATE,CRITICAL
2103,0.9187737569196064,High,BLOCK_AND_ISOLATE,CRITICAL
2104,0.9203463837081296,High,BLOCK_AND_ISOLATE,CRITICAL
2105,0.9297210385901152,High,BLOCK_AND_ISOLATE,CRITICAL
2106,0.9030749478119408,High,BLOCK_AND_ISOLATE,CRITICAL
2107,0.9038942091104196,High,BLOCK_AND_ISOLATE,CRITICAL
2108,0.9324990928173064,High,BLOCK_AND_ISOLATE,CRITICAL
2109,0.9221719511086252,High,BLOCK_AND_ISOLATE,CRITICAL
2110,0.8962558496327709,High,BLOCK_AND_ISOLATE,CRITICAL
2111,0.8962558496327709,High,BLOCK_AND_ISOLATE,CRITICAL
2112,0.9058000791972506,High,BLOCK_AND_ISOLATE,CRITICAL
2113,0.9325460016727448,High,BLOCK_AND_ISOLATE,CRITICAL
2114,0.9006260324165926,High,BLOCK_AND_ISOLATE,CRITICAL
2115,0.8958680876265149,High,BLOCK_AND_ISOLATE,CRITICAL
2116,0.9032170048756604,High,BLOCK_AND_ISOLATE,CRITICAL
2117,0.9068180866611943,High,BLOCK_AND_ISOLATE,CRITICAL
2118,0.9198732826650504,High,BLOCK_AND_ISOLATE,CRITICAL
2119,0.9018298840184724,High,BLOCK_AND_ISOLATE,CRITICAL
2120,0.9060736427087194,High,BLOCK_AND_ISOLATE,CRITICAL
2121,0.9243069130620832,High,BLOCK_AND_ISOLATE,CRITICAL
2122,0.9325460016727448,High,BLOCK_AND_ISOLATE,CRITICAL
2123,0.8965388947015479,High,BLOCK_AND_ISOLATE,CRITICAL
2124,0.9062568376305998,High,BLOCK_AND_ISOLATE,CRITICAL
2125,0.9069551614674894,High,BLOCK_AND_ISOLATE,CRITICAL
2126,0.9192198945072249,High,BLOCK_AND_ISOLATE,CRITICAL
2127,0.902221521728356,High,BLOCK_AND_ISOLATE,CRITICAL
2128,0.9102489889090928,High,BLOCK_AND_ISOLATE,CRITICAL
2129,0.9243948489827228,High,BLOCK_AND_ISOLATE,CRITICAL
2130,0.8969394628749006,High,BLOCK_AND_ISOLATE,CRITICAL
2131,0.9229968768512604,High,BLOCK_AND_ISOLATE,CRITICAL
2132,0.9057726542782122,High,BLOCK_AND_ISOLATE,CRITICAL
2133,0.899987968633536,High,BLOCK_AND_ISOLATE,CRITICAL
2134,0.9100744051884352,High,BLOCK_AND_ISOLATE,CRITICAL
2135,0.9240427769158132,High,BLOCK_AND_ISOLATE,CRITICAL
2136,0.9062599072698058,High,BLOCK_AND_ISOLATE,CRITICAL
2137,0.9062552283051908,High,BLOCK_AND_ISOLATE,CRITICAL
2138,0.932516437768936,High,BLOCK_AND_ISOLATE,CRITICAL
2139,0.8969108379784937,High,BLOCK_AND_ISOLATE,CRITICAL
2140,0.9293159305616052,High,BLOCK_AND_ISOLATE,CRITICAL
2141,0.8957422174269006,High,BLOCK_AND_ISOLATE,CRITICAL
2142,0.9010962549246389,High,BLOCK_AND_ISOLATE,CRITICAL
2143,0.9062552283051908,High,BLOCK_AND_ISOLATE,CRITICAL
2144,0.9016222605305664,High,BLOCK_AND_ISOLATE,CRITICAL
2145,0.8811332778556314,High,BLOCK_AND_ISOLATE,CRITICAL
2146,0.9030650457049632,High,BLOCK_AND_ISOLATE,CRITICAL
2147,0.9026711101020872,High,BLOCK_AND_ISOLATE,CRITICAL
2148,0.9084573639256152,High,BLOCK_AND_ISOLATE,CRITICAL
2149,0.9325632274150848,High,BLOCK_AND_ISOLATE,CRITICAL
2150,0.9039105109807658,High,BLOCK_AND_ISOLATE,CRITICAL
2151,0.9062621424439848,High,BLOCK_AND_ISOLATE,CRITICAL
2152,0.8969108379784937,High,BLOCK_AND_ISOLATE,CRITICAL
2153,0.8984136633574257,High,BLOCK_AND_ISOLATE,CRITICAL
2154,0.8983160529590158,High,BLOCK_AND_ISOLATE,CRITICAL
2155,0.9228547252214871,High,BLOCK_AND_ISOLATE,CRITICAL
2156,0.8962558496327709,High,BLOCK_AND_ISOLATE,CRITICAL
2157,0.7232395654910744,High,BLOCK_AND_ISOLATE,CRITICAL
2158,0.9164093091925212,High,BLOCK_AND_ISOLATE,CRITICAL
2159,0.9176708533876786,High,BLOCK_AND_ISOLATE,CRITICAL
2160,0.8945565600761819,High,BLOCK_AND_ISOLATE,CRITICAL
2161,0.8954978121216315,High,BLOCK_AND_ISOLATE,CRITICAL
2162,0.9049079111675546,High,BLOCK_AND_ISOLATE,CRITICAL
2163,0.9235023867966184,High,BLOCK_AND_ISOLATE,CRITICAL
2164,0.9247585510769636,High,BLOCK_AND_ISOLATE,CRITICAL
2165,0.9057729224991136,High,BLOCK_AND_ISOLATE,CRITICAL
2166,0.901269702119292,High,BLOCK_AND_ISOLATE,CRITICAL
2167,0.8994988903684676,High,BLOCK_AND_ISOLATE,CRITICAL
2168,0.8962456570925106,High,BLOCK_AND_ISOLATE,CRITICAL
2169,0.8788601713230829,High,BLOCK_AND_ISOLATE,CRITICAL
2170,0.9039105109807658,High,BLOCK_AND_ISOLATE,CRITICAL
2171,0.9247585510769636,High,BLOCK_AND_ISOLATE,CRITICAL
2172,0.899998141084047,High,BLOCK_AND_ISOLATE,CRITICAL
2173,0.8959610667199854,High,BLOCK_AND_ISOLATE,CRITICAL
2174,0.9234267684769027,High,BLOCK_AND_ISOLATE,CRITICAL
2175,0.9098531149198552,High,BLOCK_AND_ISOLATE,CRITICAL
2176,0.9062621424439848,High,BLOCK_AND_ISOLATE,CRITICAL
2177,0.8942448401148347,High,BLOCK_AND_ISOLATE,CRITICAL
2178,0.8998237061869311,High,BLOCK_AND_ISOLATE,CRITICAL
2179,0.9062552283051908,High,BLOCK_AND_ISOLATE,CRITICAL
2180,0.9036178957090364,High,BLOCK_AND_ISOLATE,CRITICAL
2181,0.8948303082056398,High,BLOCK_AND_ISOLATE,CRITICAL
2182,0.9006167225989408,High,BLOCK_AND_ISOLATE,CRITICAL
2183,0.9239481475279142,High,BLOCK_AND_ISOLATE,CRITICAL
2184,0.9231598057912322,High,BLOCK_AND_ISOLATE,CRITICAL
2185,0.8981475057559476,High,BLOCK_AND_ISOLATE,CRITICAL
2186,0.9012952442518026,High,BLOCK_AND_ISOLATE,CRITICAL
2187,0.8960777461537425,High,BLOCK_AND_ISOLATE,CRITICAL
2188,0.9062621424439848,High,BLOCK_AND_ISOLATE,CRITICAL
2189,0.9152094486099286,High,BLOCK_AND_ISOLATE,CRITICAL
2190,0.8407919966979845,High,BLOCK_AND_ISOLATE,CRITICAL
2191,0.9030708273555064,High,BLOCK_AND_ISOLATE,CRITICAL
2192,0.923501045692111,High,BLOCK_AND_ISOLATE,CRITICAL
2193,0.9196049826372586,High,BLOCK_AND_ISOLATE,CRITICAL
2194,0.903760325938939,High,BLOCK_AND_ISOLATE,CRITICAL
2195,0.9323766648769378,High,BLOCK_AND_ISOLATE,CRITICAL
2196,0.9035446791550024,High,BLOCK_AND_ISOLATE,CRITICAL
2197,0.8927607558050171,High,BLOCK_AND_ISOLATE,CRITICAL
2198,0.8976417240718054,High,BLOCK_AND_ISOLATE,CRITICAL
2199,0.9325298488140106,High,BLOCK_AND_ISOLATE,CRITICAL
2200,0.8818616319190061,High,BLOCK_AND_ISOLATE,CRITICAL
2201,0.9234511353502524,High,BLOCK_AND_ISOLATE,CRITICAL
2202,0.9064028042107808,High,BLOCK_AND_ISOLATE,CRITICAL
2203,0.896450264132316,High,BLOCK_AND_ISOLATE,CRITICAL
2204,0.9243064362249248,High,BLOCK_AND_ISOLATE,CRITICAL
2205,0.9296828940314432,High,BLOCK_AND_ISOLATE,CRITICAL
2206,0.8337527037287858,High,BLOCK_AND_ISOLATE,CRITICAL
2207,0.8969140278532776,High,BLOCK_AND_ISOLATE,CRITICAL
2208,0.8994597983702949,High,BLOCK_AND_ISOLATE,CRITICAL
2209,0.9236465736666862,High,BLOCK_AND_ISOLATE,CRITICAL
2210,0.8971251208737842,High,BLOCK_AND_ISOLATE,CRITICAL
2211,0.873932199965011,High,BLOCK_AND_ISOLATE,CRITICAL
2212,0.9223637232760474,High,BLOCK_AND_ISOLATE,CRITICAL
2213,0.9241311601685696,High,BLOCK_AND_ISOLATE,CRITICAL
2214,0.8966591092220215,High,BLOCK_AND_ISOLATE,CRITICAL
2215,0.9325672507286072,High,BLOCK_AND_ISOLATE,CRITICAL
2216,0.9251046638005574,High,BLOCK_AND_ISOLATE,CRITICAL
2217,0.9062621424439848,High,BLOCK_AND_ISOLATE,CRITICAL
2218,0.8969430093512647,High,BLOCK_AND_ISOLATE,CRITICAL
2219,0.9295103857728124,High,BLOCK_AND_ISOLATE,CRITICAL
2220,0.8971251208737842,High,BLOCK_AND_ISOLATE,CRITICAL
2221,0.9037210035871044,High,BLOCK_AND_ISOLATE,CRITICAL
2222,0.8789405679457292,High,BLOCK_AND_ISOLATE,CRITICAL
2223,0.8937634971979783,High,BLOCK_AND_ISOLATE,CRITICAL
2224,0.8986414868753508,High,BLOCK_AND_ISOLATE,CRITICAL
2225,0.8943280584104439,High,BLOCK_AND_ISOLATE,CRITICAL
2226,0.9243523959828248,High,BLOCK_AND_ISOLATE,CRITICAL
2227,0.896538209248133,High,BLOCK_AND_ISOLATE,CRITICAL
2228,0.9248466896423028,High,BLOCK_AND_ISOLATE,CRITICAL
2229,0.9038942091104196,High,BLOCK_AND_ISOLATE,CRITICAL
2230,0.9030687411929392,High,BLOCK_AND_ISOLATE,CRITICAL
2231,0.8704252653670694,High,BLOCK_AND_ISOLATE,CRITICAL
2232,0.911292030260224,High,BLOCK_AND_ISOLATE,CRITICAL
2233,0.906052898811094,High,BLOCK_AND_ISOLATE,CRITICAL
2234,0.9243948489827228,High,BLOCK_AND_ISOLATE,CRITICAL
2235,0.9164450122632084,High,BLOCK_AND_ISOLATE,CRITICAL
2236,0.9248466896423028,High,BLOCK_AND_ISOLATE,CRITICAL
2237,0.9236909848217444,High,BLOCK_AND_ISOLATE,CRITICAL
2238,0.8939455076921282,High,BLOCK_AND_ISOLATE,CRITICAL
2239,0.9212331373482702,High,BLOCK_AND_ISOLATE,CRITICAL
2240,0.9263366865486024,High,BLOCK_AND_ISOLATE,CRITICAL
2241,0.8996600642089535,High,BLOCK_AND_ISOLATE,CRITICAL
2242,0.9065087026908198,High,BLOCK_AND_ISOLATE,CRITICAL
2243,0.9234982442738066,High,BLOCK_AND_ISOLATE,CRITICAL
2244,0.9062621424439848,High,BLOCK_AND_ISOLATE,CRITICAL
2245,0.8948740042055813,High,BLOCK_AND_ISOLATE,CRITICAL
2246,0.9265545178903836,High,BLOCK_AND_ISOLATE,CRITICAL
2247,0.9060126648886204,High,BLOCK_AND_ISOLATE,CRITICAL
2248,0.9058000791972506,High,BLOCK_AND_ISOLATE,CRITICAL
2249,0.8973077331900127,High,BLOCK_AND_ISOLATE,CRITICAL
2250,0.8962558496327709,High,BLOCK_AND_ISOLATE,CRITICAL
2251,0.9235023867966184,High,BLOCK_AND_ISOLATE,CRITICAL
2252,0.8966045443342561,High,BLOCK_AND_ISOLATE,CRITICAL
2253,0.9234982442738066,High,BLOCK_AND_ISOLATE,CRITICAL
2254,0.9093272117760824,High,BLOCK_AND_ISOLATE,CRITICAL
2255,0.9062621424439848,High,BLOCK_AND_ISOLATE,CRITICAL
2256,0.8955109220276725,High,BLOCK_AND_ISOLATE,CRITICAL
2257,0.9239953963914918,High,BLOCK_AND_ISOLATE,CRITICAL
2258,0.8964803810152909,High,BLOCK_AND_ISOLATE,CRITICAL
2259,0.915532563322644,High,BLOCK_AND_ISOLATE,CRITICAL
2260,0.8928385604094666,High,BLOCK_AND_ISOLATE,CRITICAL
2261,0.8538315226012502,High,BLOCK_AND_ISOLATE,CRITICAL
2262,0.8942441914896632,High,BLOCK_AND_ISOLATE,CRITICAL
2263,0.8980142134920497,High,BLOCK_AND_ISOLATE,CRITICAL
2264,0.8970837094604786,High,BLOCK_AND_ISOLATE,CRITICAL
2265,0.896248935493977,High,BLOCK_AND_ISOLATE,CRITICAL
2266,0.9031957319390594,High,BLOCK_AND_ISOLATE,CRITICAL
2267,0.927354302374668,High,BLOCK_AND_ISOLATE,CRITICAL
2268,0.9325460016727448,High,BLOCK_AND_ISOLATE,CRITICAL
2269,0.8957982588644555,High,BLOCK_AND_ISOLATE,CRITICAL
2270,0.8971236307576648,High,BLOCK_AND_ISOLATE,CRITICAL
2271,0.9026719147647916,High,BLOCK_AND_ISOLATE,CRITICAL
2272,0.9325178980827332,High,BLOCK_AND_ISOLATE,CRITICAL
2273,0.9074072145018108,High,BLOCK_AND_ISOLATE,CRITICAL
2274,0.9235023867966184,High,BLOCK_AND_ISOLATE,CRITICAL
2275,0.9147221726890978,High,BLOCK_AND_ISOLATE,CRITICAL
2276,0.8960777461537425,High,BLOCK_AND_ISOLATE,CRITICAL
2277,0.896541814738456,High,BLOCK_AND_ISOLATE,CRITICAL
2278,0.9202729946461916,High,BLOCK_AND_ISOLATE,CRITICAL
2279,0.9280794334375854,High,BLOCK_AND_ISOLATE,CRITICAL
2280,0.9159083347106984,High,BLOCK_AND_ISOLATE,CRITICAL
2281,0.905929657667722,High,BLOCK_AND_ISOLATE,CRITICAL
2282,0.9205059165608372,High,BLOCK_AND_ISOLATE,CRITICAL
2283,0.9036178957090364,High,BLOCK_AND_ISOLATE,CRITICAL
2284,0.9060736427087194,High,BLOCK_AND_ISOLATE,CRITICAL
2285,0.922292589675434,High,BLOCK_AND_ISOLATE,CRITICAL
2286,0.8960708961014764,High,BLOCK_AND_ISOLATE,CRITICAL
2287,0.8962558496327709,High,BLOCK_AND_ISOLATE,CRITICAL
2288,0.912894871396832,High,BLOCK_AND_ISOLATE,CRITICAL
2289,0.9157351712527148,High,BLOCK_AND_ISOLATE,CRITICAL
2290,0.9263384150833008,High,BLOCK_AND_ISOLATE,CRITICAL
2291,0.906052898811094,High,BLOCK_AND_ISOLATE,CRITICAL
2292,0.905929657667722,High,BLOCK_AND_ISOLATE,CRITICAL
2293,0.9159014531306684,High,BLOCK_AND_ISOLATE,CRITICAL
2294,0.921676225317114,High,BLOCK_AND_ISOLATE,CRITICAL
2295,0.9033860065093392,High,BLOCK_AND_ISOLATE,CRITICAL
2296,0.8954094011210885,High,BLOCK_AND_ISOLATE,CRITICAL
2297,0.9252255672112224,High,BLOCK_AND_ISOLATE,CRITICAL
2298,0.8962558496327709,High,BLOCK_AND_ISOLATE,CRITICAL
2299,0.9063675388904086,High,BLOCK_AND_ISOLATE,CRITICAL
2300,0.9103195778311308,High,BLOCK_AND_ISOLATE,CRITICAL
2301,0.8949500284201637,High,BLOCK_AND_ISOLATE,CRITICAL
2302,0.9057729224991136,High,BLOCK_AND_ISOLATE,CRITICAL
2303,0.8971192796185962,High,BLOCK_AND_ISOLATE,CRITICAL
2304,0.8974140762726316,High,BLOCK_AND_ISOLATE,CRITICAL
2305,0.9032170048756604,High,BLOCK_AND_ISOLATE,CRITICAL
2306,0.9089483467072396,High,BLOCK_AND_ISOLATE,CRITICAL
2307,0.9112349480476596,High,BLOCK_AND_ISOLATE,CRITICAL
2308,0.9034307624089394,High,BLOCK_AND_ISOLATE,CRITICAL
2309,0.9234504796991598,High,BLOCK_AND_ISOLATE,CRITICAL
2310,0.8971251208737842,High,BLOCK_AND_ISOLATE,CRITICAL
2311,0.8956457588342283,High,BLOCK_AND_ISOLATE,CRITICAL
2312,0.9105197802848434,High,BLOCK_AND_ISOLATE,CRITICAL
2313,0.9058918193868328,High,BLOCK_AND_ISOLATE,CRITICAL
2314,0.906186047767101,High,BLOCK_AND_ISOLATE,CRITICAL
2315,0.893225378863049,High,BLOCK_AND_ISOLATE,CRITICAL
2316,0.9241311601685696,High,BLOCK_AND_ISOLATE,CRITICAL
2317,0.8956191121393545,High,BLOCK_AND_ISOLATE,CRITICAL
2318,0.9039105109807658,High,BLOCK_AND_ISOLATE,CRITICAL
2319,0.9235023867966184,High,BLOCK_AND_ISOLATE,CRITICAL
2320,0.923501045692111,High,BLOCK_AND_ISOLATE,CRITICAL
2321,0.8910554979921042,High,BLOCK_AND_ISOLATE,CRITICAL
2322,0.9239993601003692,High,BLOCK_AND_ISOLATE,CRITICAL
2323,0.8971251208737842,High,BLOCK_AND_ISOLATE,CRITICAL
2324,0.923647169713134,High,BLOCK_AND_ISOLATE,CRITICAL
2325,0.8962536144585919,High,BLOCK_AND_ISOLATE,CRITICAL
2326,0.9155296255052966,High,BLOCK_AND_ISOLATE,CRITICAL
2327,0.8955043556171994,High,BLOCK_AND_ISOLATE,CRITICAL
2328,0.920413906160795,High,BLOCK_AND_ISOLATE,CRITICAL
2329,0.9228256138622868,High,BLOCK_AND_ISOLATE,CRITICAL
2330,0.8954171223466889,High,BLOCK_AND_ISOLATE,CRITICAL
2331,0.9235023867966184,High,BLOCK_AND_ISOLATE,CRITICAL
2332,0.9084534896237048,High,BLOCK_AND_ISOLATE,CRITICAL
2333,0.9022548768675906,High,BLOCK_AND_ISOLATE,CRITICAL
2334,0.9059587119461048,High,BLOCK_AND_ISOLATE,CRITICAL
2335,0.925152157616128,High,BLOCK_AND_ISOLATE,CRITICAL
2336,0.9231598057912322,High,BLOCK_AND_ISOLATE,CRITICAL
2337,0.9050827723711342,High,BLOCK_AND_ISOLATE,CRITICAL
2338,0.9010045712574348,High,BLOCK_AND_ISOLATE,CRITICAL
2339,0.8974240643915766,High,BLOCK_AND_ISOLATE,CRITICAL
2340,0.9039105109807658,High,BLOCK_AND_ISOLATE,CRITICAL
2341,0.8971192796185962,High,BLOCK_AND_ISOLATE,CRITICAL
2342,0.91878230590443,High,BLOCK_AND_ISOLATE,CRITICAL
2343,0.896248935493977,High,BLOCK_AND_ISOLATE,CRITICAL
2344,0.9147610924037096,High,BLOCK_AND_ISOLATE,CRITICAL
2345,0.9240432537529716,High,BLOCK_AND_ISOLATE,CRITICAL
2346,0.9026719147647916,High,BLOCK_AND_ISOLATE,CRITICAL
2347,0.9057719092201524,High,BLOCK_AND_ISOLATE,CRITICAL
2348,0.8801684745747901,High,BLOCK_AND_ISOLATE,CRITICAL
2349,0.9152350371283416,High,BLOCK_AND_ISOLATE,CRITICAL
2350,0.930894038575394,High,BLOCK_AND_ISOLATE,CRITICAL
2351,0.9177240451454244,High,BLOCK_AND_ISOLATE,CRITICAL
2352,0.9235023867966184,High,BLOCK_AND_ISOLATE,CRITICAL
2353,0.9325460016727448,High,BLOCK_AND_ISOLATE,CRITICAL
2354,0.9074597397576224,High,BLOCK_AND_ISOLATE,CRITICAL
2355,0.8954978121216315,High,BLOCK_AND_ISOLATE,CRITICAL
2356,0.9138278602545292,High,BLOCK_AND_ISOLATE,CRITICAL
2357,0.9278512300788364,High,BLOCK_AND_ISOLATE,CRITICAL
2358,0.9187074188553273,High,BLOCK_AND_ISOLATE,CRITICAL
2359,0.9162634314973458,High,BLOCK_AND_ISOLATE,CRITICAL
2360,0.9217045381007286,High,BLOCK_AND_ISOLATE,CRITICAL
2361,0.8962558496327709,High,BLOCK_AND_ISOLATE,CRITICAL
2362,0.920933432012102,High,BLOCK_AND_ISOLATE,CRITICAL
2363,0.906368879994916,High,BLOCK_AND_ISOLATE,CRITICAL
2364,0.9232914321615172,High,BLOCK_AND_ISOLATE,CRITICAL
2365,0.9039105109807658,High,BLOCK_AND_ISOLATE,CRITICAL
2366,0.9062552283051908,High,BLOCK_AND_ISOLATE,CRITICAL
2367,0.8972721769629753,High,BLOCK_AND_ISOLATE,CRITICAL
2368,0.9105197802848434,High,BLOCK_AND_ISOLATE,CRITICAL
2369,0.9232914321615172,High,BLOCK_AND_ISOLATE,CRITICAL
2370,0.9021211478578064,High,BLOCK_AND_ISOLATE,CRITICAL
2371,0.9232893459989502,High,BLOCK_AND_ISOLATE,CRITICAL
2372,0.9217604998849384,High,BLOCK_AND_ISOLATE,CRITICAL
2373,0.7816077038269987,High,BLOCK_AND_ISOLATE,CRITICAL
2374,0.9249021689821968,High,BLOCK_AND_ISOLATE,CRITICAL
2375,0.8955866594579006,High,BLOCK_AND_ISOLATE,CRITICAL
2376,0.9241305939244444,High,BLOCK_AND_ISOLATE,CRITICAL
2377,0.9105139390296554,High,BLOCK_AND_ISOLATE,CRITICAL
2378,0.9057719092201524,High,BLOCK_AND_ISOLATE,CRITICAL
2379,0.9058060038139908,High,BLOCK_AND_ISOLATE,CRITICAL
2380,0.8938380566846883,High,BLOCK_AND_ISOLATE,CRITICAL
2381,0.906759614783421,High,BLOCK_AND_ISOLATE,CRITICAL
2382,0.8932644367523639,High,BLOCK_AND_ISOLATE,CRITICAL
2383,0.9158767342165404,High,BLOCK_AND_ISOLATE,CRITICAL
2384,0.9213125953823288,High,BLOCK_AND_ISOLATE,CRITICAL
2385,0.9040960223912584,High,BLOCK_AND_ISOLATE,CRITICAL
2386,0.9290825100319524,High,BLOCK_AND_ISOLATE,CRITICAL
2387,0.8962558496327709,High,BLOCK_AND_ISOLATE,CRITICAL
2388,0.9211304323044248,High,BLOCK_AND_ISOLATE,CRITICAL
2389,0.8996729054622005,High,BLOCK_AND_ISOLATE,CRITICAL
2390,0.9097516611832503,High,BLOCK_AND_ISOLATE,CRITICAL
2391,0.8966454111587514,High,BLOCK_AND_ISOLATE,CRITICAL
2392,0.8800254343369308,High,BLOCK_AND_ISOLATE,CRITICAL
2393,0.9212934955777498,High,BLOCK_AND_ISOLATE,CRITICAL
2394,0.9234510757456076,High,BLOCK_AND_ISOLATE,CRITICAL
2395,0.9248452591308282,High,BLOCK_AND_ISOLATE,CRITICAL
2396,0.9061099551656911,High,BLOCK_AND_ISOLATE,CRITICAL
2397,0.901185792163534,High,BLOCK_AND_ISOLATE,CRITICAL
2398,0.9077774353567216,High,BLOCK_AND_ISOLATE,CRITICAL
2399,0.905929657667722,High,BLOCK_AND_ISOLATE,CRITICAL
2400,0.9230353277674408,High,BLOCK_AND_ISOLATE,CRITICAL
2401,0.927707766361213,High,BLOCK_AND_ISOLATE,CRITICAL
2402,0.9236909848217444,High,BLOCK_AND_ISOLATE,CRITICAL
2403,0.924092808781411,High,BLOCK_AND_ISOLATE,CRITICAL
2404,0.9325460016727448,High,BLOCK_AND_ISOLATE,CRITICAL
2405,0.915438779317883,High,BLOCK_AND_ISOLATE,CRITICAL
2406,0.8765895845709424,High,BLOCK_AND_ISOLATE,CRITICAL
2407,0.9237303768243882,High,BLOCK_AND_ISOLATE,CRITICAL
2408,0.8962558496327709,High,BLOCK_AND_ISOLATE,CRITICAL
2409,0.9235023867966184,High,BLOCK_AND_ISOLATE,CRITICAL
2410,0.8968973960955542,High,BLOCK_AND_ISOLATE,CRITICAL
2411,0.8957422174269006,High,BLOCK_AND_ISOLATE,CRITICAL
2412,0.9012854430245062,High,BLOCK_AND_ISOLATE,CRITICAL
2413,0.9167059464702254,High,BLOCK_AND_ISOLATE,CRITICAL
2414,0.906412670002981,High,BLOCK_AND_ISOLATE,CRITICAL
2415,0.896545510226432,High,BLOCK_AND_ISOLATE,CRITICAL
2416,0.9060736427087194,High,BLOCK_AND_ISOLATE,CRITICAL
2417,0.8968982007582587,High,BLOCK_AND_ISOLATE,CRITICAL
2418,0.9185913756378444,High,BLOCK_AND_ISOLATE,CRITICAL
2419,0.8956876866733835,High,BLOCK_AND_ISOLATE,CRITICAL
2420,0.9059200016695064,High,BLOCK_AND_ISOLATE,CRITICAL
2421,0.8939583260704272,High,BLOCK_AND_ISOLATE,CRITICAL
2422,0.8930361860710415,High,BLOCK_AND_ISOLATE,CRITICAL
2423,0.8971251208737842,High,BLOCK_AND_ISOLATE,CRITICAL
2424,0.9240432537529716,High,BLOCK_AND_ISOLATE,CRITICAL
2425,0.900289524300962,High,BLOCK_AND_ISOLATE,CRITICAL
2426,0.8962558496327709,High,BLOCK_AND_ISOLATE,CRITICAL
2427,0.8955043556171994,High,BLOCK_AND_ISOLATE,CRITICAL
2428,0.9059204019383232,High,BLOCK_AND_ISOLATE,CRITICAL
2429,0.8989817871710715,High,BLOCK_AND_ISOLATE,CRITICAL
2430,0.913998245822538,High,BLOCK_AND_ISOLATE,CRITICAL
2431,0.8417166693826175,High,BLOCK_AND_ISOLATE,CRITICAL
2432,0.9263009371843764,High,BLOCK_AND_ISOLATE,CRITICAL
2433,0.9099603880068438,High,BLOCK_AND_ISOLATE,CRITICAL
2434,0.9186095550545008,High,BLOCK_AND_ISOLATE,CRITICAL
2435,0.9058918193868328,High,BLOCK_AND_ISOLATE,CRITICAL
2436,0.925157128696872,High,BLOCK_AND_ISOLATE,CRITICAL
2437,0.9062621424439848,High,BLOCK_AND_ISOLATE,CRITICAL
2438,0.8966799752436622,High,BLOCK_AND_ISOLATE,CRITICAL
2439,0.9099613118788378,High,BLOCK_AND_ISOLATE,CRITICAL
2440,0.8971251208737842,High,BLOCK_AND_ISOLATE,CRITICAL
2441,0.9039105109807658,High,BLOCK_AND_ISOLATE,CRITICAL
2442,0.9211464032492772,High,BLOCK_AND_ISOLATE,CRITICAL
2443,0.9236256299841248,High,BLOCK_AND_ISOLATE,CRITICAL
2444,0.9155296255052966,High,BLOCK_AND_ISOLATE,CRITICAL
2445,0.9025528411290304,High,BLOCK_AND_ISOLATE,CRITICAL
2446,0.8968760943736167,High,BLOCK_AND_ISOLATE,CRITICAL
2447,0.9119943165600484,High,BLOCK_AND_ISOLATE,CRITICAL
2448,0.9069236992666128,High,BLOCK_AND_ISOLATE,CRITICAL
2449,0.9036178957090364,High,BLOCK_AND_ISOLATE,CRITICAL
2450,0.9063722979156568,High,BLOCK_AND_ISOLATE,CRITICAL
2451,0.8930660341586156,High,BLOCK_AND_ISOLATE,CRITICAL
2452,0.8942907049362435,High,BLOCK_AND_ISOLATE,CRITICAL
2453,0.8972174678010756,High,BLOCK_AND_ISOLATE,CRITICAL
2454,0.9062042966228672,High,BLOCK_AND_ISOLATE,CRITICAL
2455,0.9096383862112096,High,BLOCK_AND_ISOLATE,CRITICAL
2456,0.8936260433072621,High,BLOCK_AND_ISOLATE,CRITICAL
2457,0.9297690843722364,High,BLOCK_AND_ISOLATE,CRITICAL
2458,0.8971251208737842,High,BLOCK_AND_ISOLATE,CRITICAL
2459,0.9039105109807658,High,BLOCK_AND_ISOLATE,CRITICAL
2460,0.8971251208737842,High,BLOCK_AND_ISOLATE,CRITICAL
2461,0.9059200016695064,High,BLOCK_AND_ISOLATE,CRITICAL
2462,0.9078113465740076,High,BLOCK_AND_ISOLATE,CRITICAL
2463,0.8928285226531286,High,BLOCK_AND_ISOLATE,CRITICAL
2464,0.9235023867966184,High,BLOCK_AND_ISOLATE,CRITICAL
2465,0.8955009879547696,High,BLOCK_AND_ISOLATE,CRITICAL
2466,0.8985818364487396,High,BLOCK_AND_ISOLATE,CRITICAL
2467,0.90345993164368,High,BLOCK_AND_ISOLATE,CRITICAL
2468,0.9062621424439848,High,BLOCK_AND_ISOLATE,CRITICAL
2469,0.9243069130620832,High,BLOCK_AND_ISOLATE,CRITICAL
2470,0.9061055742243002,High,BLOCK_AND_ISOLATE,CRITICAL
2471,0.9057729224991136,High,BLOCK_AND_ISOLATE,CRITICAL
2472,0.9010257371381346,High,BLOCK_AND_ISOLATE,CRITICAL
2473,0.9146504242136256,High,BLOCK_AND_ISOLATE,CRITICAL
2474,0.8931628442529806,High,BLOCK_AND_ISOLATE,CRITICAL
2475,0.7649669080158732,High,BLOCK_AND_ISOLATE,CRITICAL
2476,0.91617672151216,High,BLOCK_AND_ISOLATE,CRITICAL
2477,0.8990209350711675,High,BLOCK_AND_ISOLATE,CRITICAL
2478,0.8956033994111117,High,BLOCK_AND_ISOLATE,CRITICAL
2479,0.8962558496327709,High,BLOCK_AND_ISOLATE,CRITICAL
2480,0.9214763917588564,High,BLOCK_AND_ISOLATE,CRITICAL
2481,0.906128289518956,High,BLOCK_AND_ISOLATE,CRITICAL
2482,0.9247862411094826,High,BLOCK_AND_ISOLATE,CRITICAL
2483,0.9062621424439848,High,BLOCK_AND_ISOLATE,CRITICAL
2484,0.90845542677466,High,BLOCK_AND_ISOLATE,CRITICAL
2485,0.9325672507286072,High,BLOCK_AND_ISOLATE,CRITICAL
2486,0.8958670743475537,High,BLOCK_AND_ISOLATE,CRITICAL
2487,0.8936773656624976,High,BLOCK_AND_ISOLATE,CRITICAL
2488,0.9261266375344808,High,BLOCK_AND_ISOLATE,CRITICAL
2489,0.9228198024094212,High,BLOCK_AND_ISOLATE,CRITICAL
2490,0.9061415218320747,High,BLOCK_AND_ISOLATE,CRITICAL
2491,0.926065856870986,High,BLOCK_AND_ISOLATE,CRITICAL
2492,0.9025174891713154,High,BLOCK_AND_ISOLATE,CRITICAL
2493,0.91818018686094,High,BLOCK_AND_ISOLATE,CRITICAL
2494,0.9078300103871112,High,BLOCK_AND_ISOLATE,CRITICAL
2495,0.8971236307576648,High,BLOCK_AND_ISOLATE,CRITICAL
2496,0.8983238015628366,High,BLOCK_AND_ISOLATE,CRITICAL
2497,0.9219168559331188,High,BLOCK_AND_ISOLATE,CRITICAL
2498,0.9008290207409716,High,BLOCK_AND_ISOLATE,CRITICAL
2499,0.9151939227868132,High,BLOCK_AND_ISOLATE,CRITICAL
2500,0.9235023867966184,High,BLOCK_AND_ISOLATE,CRITICAL
2501,0.900121874466503,High,BLOCK_AND_ISOLATE,CRITICAL
2502,0.9062621424439848,High,BLOCK_AND_ISOLATE,CRITICAL
2503,0.895520579017107,High,BLOCK_AND_ISOLATE,CRITICAL
2504,0.8955009879547696,High,BLOCK_AND_ISOLATE,CRITICAL
2505,0.9209031640866528,High,BLOCK_AND_ISOLATE,CRITICAL
2506,0.8971861524391814,High,BLOCK_AND_ISOLATE,CRITICAL
2507,0.8968982007582587,High,BLOCK_AND_ISOLATE,CRITICAL
2508,0.9025836858001224,High,BLOCK_AND_ISOLATE,CRITICAL
2509,0.898013081003799,High,BLOCK_AND_ISOLATE,CRITICAL
2510,0.9007617524399476,High,BLOCK_AND_ISOLATE,CRITICAL
2511,0.8957422174269006,High,BLOCK_AND_ISOLATE,CRITICAL
2512,0.9248457359679864,High,BLOCK_AND_ISOLATE,CRITICAL
2513,0.8956033994111117,High,BLOCK_AND_ISOLATE,CRITICAL
2514,0.927976568143169,High,BLOCK_AND_ISOLATE,CRITICAL
2515,0.9309592616191812,High,BLOCK_AND_ISOLATE,CRITICAL
2516,0.8971251208737842,High,BLOCK_AND_ISOLATE,CRITICAL
2517,0.9230835790261545,High,BLOCK_AND_ISOLATE,CRITICAL
2518,0.9039105109807658,High,BLOCK_AND_ISOLATE,CRITICAL
2519,0.9254266151733632,High,BLOCK_AND_ISOLATE,CRITICAL
2520,0.9150747160002656,High,BLOCK_AND_ISOLATE,CRITICAL
2521,0.909269682714132,High,BLOCK_AND_ISOLATE,CRITICAL
2522,0.9230759205053316,High,BLOCK_AND_ISOLATE,CRITICAL
2523,0.9234982442738066,High,BLOCK_AND_ISOLATE,CRITICAL
2524,0.8946054062602086,High,BLOCK_AND_ISOLATE,CRITICAL
2525,0.9062552283051908,High,BLOCK_AND_ISOLATE,CRITICAL
2526,0.8954746679650673,High,BLOCK_AND_ISOLATE,CRITICAL
2527,0.9027992928863856,High,BLOCK_AND_ISOLATE,CRITICAL
2528,0.9023752120896718,High,BLOCK_AND_ISOLATE,CRITICAL
2529,0.9202193711166536,High,BLOCK_AND_ISOLATE,CRITICAL
2530,0.9059939752804376,High,BLOCK_AND_ISOLATE,CRITICAL
2531,0.8998560038582003,High,BLOCK_AND_ISOLATE,CRITICAL
2532,0.9085595502735904,High,BLOCK_AND_ISOLATE,CRITICAL
2533,0.9105197802848434,High,BLOCK_AND_ISOLATE,CRITICAL
2534,0.9041895379673948,High,BLOCK_AND_ISOLATE,CRITICAL
2535,0.9193253757590856,High,BLOCK_AND_ISOLATE,CRITICAL
2536,0.8971251208737842,High,BLOCK_AND_ISOLATE,CRITICAL
2537,0.9062621424439848,High,BLOCK_AND_ISOLATE,CRITICAL
2538,0.9059233693319364,High,BLOCK_AND_ISOLATE,CRITICAL
2539,0.8962558496327709,High,BLOCK_AND_ISOLATE,CRITICAL
2540,0.9243812486466008,High,BLOCK_AND_ISOLATE,CRITICAL
2541,0.9062621424439848,High,BLOCK_AND_ISOLATE,CRITICAL
2542,0.896076554060847,High,BLOCK_AND_ISOLATE,CRITICAL
2543,0.911872187780104,High,BLOCK_AND_ISOLATE,CRITICAL
2544,0.9235023867966184,High,BLOCK_AND_ISOLATE,CRITICAL
2545,0.896450264132316,High,BLOCK_AND_ISOLATE,CRITICAL
2546,0.659398060702523,Medium,MONITOR_AND_LOG,WARNING
2547,0.8970703521678479,High,BLOCK_AND_ISOLATE,CRITICAL
2548,0.838905379895713,High,BLOCK_AND_ISOLATE,CRITICAL
2549,0.9153968274882576,High,BLOCK_AND_ISOLATE,CRITICAL
2550,0.8956023861321505,High,BLOCK_AND_ISOLATE,CRITICAL
2551,0.9062621424439848,High,BLOCK_AND_ISOLATE,CRITICAL
2552,0.8954978121216315,High,BLOCK_AND_ISOLATE,CRITICAL
2553,0.9260608202785026,High,BLOCK_AND_ISOLATE,CRITICAL
2554,0.8954978121216315,High,BLOCK_AND_ISOLATE,CRITICAL
2555,0.9240432537529716,High,BLOCK_AND_ISOLATE,CRITICAL
2556,0.8382173756067349,High,BLOCK_AND_ISOLATE,CRITICAL
2557,0.9062621424439848,High,BLOCK_AND_ISOLATE,CRITICAL
2558,0.9166396777447278,High,BLOCK_AND_ISOLATE,CRITICAL
2559,0.9025537948033469,High,BLOCK_AND_ISOLATE,CRITICAL
2560,0.8998213641037452,High,BLOCK_AND_ISOLATE,CRITICAL
2561,0.9000474872470711,High,BLOCK_AND_ISOLATE,CRITICAL
2562,0.8992183006044224,High,BLOCK_AND_ISOLATE,CRITICAL
2563,0.9261266375344808,High,BLOCK_AND_ISOLATE,CRITICAL
2564,0.8954094011210885,High,BLOCK_AND_ISOLATE,CRITICAL
2565,0.8960727989682261,High,BLOCK_AND_ISOLATE,CRITICAL
2566,0.8963141167642974,High,BLOCK_AND_ISOLATE,CRITICAL
2567,0.9062621424439848,High,BLOCK_AND_ISOLATE,CRITICAL
2568,0.9039105109807658,High,BLOCK_AND_ISOLATE,CRITICAL
2569,0.9057729224991136,High,BLOCK_AND_ISOLATE,CRITICAL
2570,0.8958680876265149,High,BLOCK_AND_ISOLATE,CRITICAL
2571,0.9050892719865006,High,BLOCK_AND_ISOLATE,CRITICAL
2572,0.8960777461537425,High,BLOCK_AND_ISOLATE,CRITICAL
2573,0.9325460016727448,High,BLOCK_AND_ISOLATE,CRITICAL
2574,0.9325672507286072,High,BLOCK_AND_ISOLATE,CRITICAL
2575,0.9280794334375854,High,BLOCK_AND_ISOLATE,CRITICAL
2576,0.8994549981290659,High,BLOCK_AND_ISOLATE,CRITICAL
2577,0.8993611740102655,High,BLOCK_AND_ISOLATE,CRITICAL
2578,0.9258442116370664,High,BLOCK_AND_ISOLATE,CRITICAL
2579,0.905929657667722,High,BLOCK_AND_ISOLATE,CRITICAL
2580,0.9324045896530152,High,BLOCK_AND_ISOLATE,CRITICAL
2581,0.9057719688247972,High,BLOCK_AND_ISOLATE,CRITICAL
2582,0.9039105109807658,High,BLOCK_AND_ISOLATE,CRITICAL
2583,0.8962558496327709,High,BLOCK_AND_ISOLATE,CRITICAL
2584,0.8962558496327709,High,BLOCK_AND_ISOLATE,CRITICAL
2585,0.8969955391942155,High,BLOCK_AND_ISOLATE,CRITICAL
2586,0.8988394932535201,High,BLOCK_AND_ISOLATE,CRITICAL
2587,0.8952391051666062,High,BLOCK_AND_ISOLATE,CRITICAL
2588,0.896248935493977,High,BLOCK_AND_ISOLATE,CRITICAL
2589,0.9062621424439848,High,BLOCK_AND_ISOLATE,CRITICAL
2590,0.8965078208410797,High,BLOCK_AND_ISOLATE,CRITICAL
2591,0.9235023867966184,High,BLOCK_AND_ISOLATE,CRITICAL
2592,0.8946104483095402,High,BLOCK_AND_ISOLATE,CRITICAL
2593,0.9063675388904086,High,BLOCK_AND_ISOLATE,CRITICAL
2594,0.9142323412753438,High,BLOCK_AND_ISOLATE,CRITICAL
2595,0.916132290649803,High,BLOCK_AND_ISOLATE,CRITICAL
2596,0.8905562177574453,High,BLOCK_AND_ISOLATE,CRITICAL
2597,0.9243958920640064,High,BLOCK_AND_ISOLATE,CRITICAL
2598,0.912718413216774,High,BLOCK_AND_ISOLATE,CRITICAL
2599,0.9235023867966184,High,BLOCK_AND_ISOLATE,CRITICAL
2600,0.8955043556171994,High,BLOCK_AND_ISOLATE,CRITICAL
2601,0.8996690013579677,High,BLOCK_AND_ISOLATE,CRITICAL
2602,0.8992571630360185,High,BLOCK_AND_ISOLATE,CRITICAL
2603,0.8962558496327709,High,BLOCK_AND_ISOLATE,CRITICAL
2604,0.9235023867966184,High,BLOCK_AND_ISOLATE,CRITICAL
2605,0.9062552283051908,High,BLOCK_AND_ISOLATE,CRITICAL
2606,0.9248026153901876,High,BLOCK_AND_ISOLATE,CRITICAL
2607,0.8960777461537425,High,BLOCK_AND_ISOLATE,CRITICAL
2608,0.9062621424439848,High,BLOCK_AND_ISOLATE,CRITICAL
2609,0.901160157247572,High,BLOCK_AND_ISOLATE,CRITICAL
2610,0.8962536144585919,High,BLOCK_AND_ISOLATE,CRITICAL
2611,0.9218460652875412,High,BLOCK_AND_ISOLATE,CRITICAL
2612,0.8964648465702901,High,BLOCK_AND_ISOLATE,CRITICAL
2613,0.8962505448193859,High,BLOCK_AND_ISOLATE,CRITICAL
2614,0.9260215078269968,High,BLOCK_AND_ISOLATE,CRITICAL
2615,0.8974617148533864,High,BLOCK_AND_ISOLATE,CRITICAL
2616,0.9314602405706666,High,BLOCK_AND_ISOLATE,CRITICAL
2617,0.9241987442046834,High,BLOCK_AND_ISOLATE,CRITICAL
2618,0.92664346872622,High,BLOCK_AND_ISOLATE,CRITICAL
2619,0.9235023867966184,High,BLOCK_AND_ISOLATE,CRITICAL
2620,0.9057729821037585,High,BLOCK_AND_ISOLATE,CRITICAL
2621,0.8634019319071798,High,BLOCK_AND_ISOLATE,CRITICAL
2622,0.8947840586554646,High,BLOCK_AND_ISOLATE,CRITICAL
2623,0.8962558496327709,High,BLOCK_AND_ISOLATE,CRITICAL
2624,0.9163261409877668,High,BLOCK_AND_ISOLATE,CRITICAL
2625,0.8954978121216315,High,BLOCK_AND_ISOLATE,CRITICAL
2626,0.9068625313643316,High,BLOCK_AND_ISOLATE,CRITICAL
2627,0.9062621424439848,High,BLOCK_AND_ISOLATE,CRITICAL
2628,0.9139650211438748,High,BLOCK_AND_ISOLATE,CRITICAL
2629,0.9231598057912322,High,BLOCK_AND_ISOLATE,CRITICAL
2630,0.9236033644849768,High,BLOCK_AND_ISOLATE,CRITICAL
2631,0.9229638864460497,High,BLOCK_AND_ISOLATE,CRITICAL
2632,0.9050908037759936,High,BLOCK_AND_ISOLATE,CRITICAL
2633,0.9096308800068956,High,BLOCK_AND_ISOLATE,CRITICAL
2634,0.926465607167445,High,BLOCK_AND_ISOLATE,CRITICAL
2635,0.90303401827196,High,BLOCK_AND_ISOLATE,CRITICAL
2636,0.9120070642195548,High,BLOCK_AND_ISOLATE,CRITICAL
2637,0.8992544510246813,High,BLOCK_AND_ISOLATE,CRITICAL
2638,0.9059939752804376,High,BLOCK_AND_ISOLATE,CRITICAL
2639,0.9098481020101008,High,BLOCK_AND_ISOLATE,CRITICAL
2640,0.9057729224991136,High,BLOCK_AND_ISOLATE,CRITICAL
2641,0.932538491487503,High,BLOCK_AND_ISOLATE,CRITICAL
2642,0.9234982442738066,High,BLOCK_AND_ISOLATE,CRITICAL
2643,0.9066626759877752,High,BLOCK_AND_ISOLATE,CRITICAL
2644,0.8931476585744221,High,BLOCK_AND_ISOLATE,CRITICAL
2645,0.9116512887272707,High,BLOCK_AND_ISOLATE,CRITICAL
2646,0.9317920872685996,High,BLOCK_AND_ISOLATE,CRITICAL
2647,0.9234982442738066,High,BLOCK_AND_ISOLATE,CRITICAL
2648,0.8971251208737842,High,BLOCK_AND_ISOLATE,CRITICAL
2649,0.926065856870986,High,BLOCK_AND_ISOLATE,CRITICAL
2650,0.6062363034040079,Medium,MONITOR_AND_LOG,WARNING
2651,0.8966444872867574,High,BLOCK_AND_ISOLATE,CRITICAL
2652,0.9093272117760824,High,BLOCK_AND_ISOLATE,CRITICAL
2653,0.896248935493977,High,BLOCK_AND_ISOLATE,CRITICAL
2654,0.924669975421066,High,BLOCK_AND_ISOLATE,CRITICAL
2655,0.9013127694500404,High,BLOCK_AND_ISOLATE,CRITICAL
2656,0.8929150298100684,High,BLOCK_AND_ISOLATE,CRITICAL
2657,0.9231598057912322,High,BLOCK_AND_ISOLATE,CRITICAL
2658,0.903371465776998,High,BLOCK_AND_ISOLATE,CRITICAL
2659,0.9235566187051288,High,BLOCK_AND_ISOLATE,CRITICAL
2660,0.9212468337467928,High,BLOCK_AND_ISOLATE,CRITICAL
2661,0.8947481427789598,High,BLOCK_AND_ISOLATE,CRITICAL
2662,0.90491976215532,High,BLOCK_AND_ISOLATE,CRITICAL
2663,0.92384246226794,High,BLOCK_AND_ISOLATE,CRITICAL
2664,0.8918329429965571,High,BLOCK_AND_ISOLATE,CRITICAL
2665,0.8960791766652171,High,BLOCK_AND_ISOLATE,CRITICAL
2666,0.9062621424439848,High,BLOCK_AND_ISOLATE,CRITICAL
2667,0.9186095550545008,High,BLOCK_AND_ISOLATE,CRITICAL
2668,0.9236721629924296,High,BLOCK_AND_ISOLATE,CRITICAL
2669,0.9248529966968734,High,BLOCK_AND_ISOLATE,CRITICAL
2670,0.9210851317136372,High,BLOCK_AND_ISOLATE,CRITICAL
2671,0.9215611065106416,High,BLOCK_AND_ISOLATE,CRITICAL
2672,0.9234709796833372,High,BLOCK_AND_ISOLATE,CRITICAL
2673,0.8955004515129666,High,BLOCK_AND_ISOLATE,CRITICAL
2674,0.9209501213126392,High,BLOCK_AND_ISOLATE,CRITICAL
2675,0.9062621424439848,High,BLOCK_AND_ISOLATE,CRITICAL
2676,0.9058000791972506,High,BLOCK_AND_ISOLATE,CRITICAL
2677,0.9067351354484688,High,BLOCK_AND_ISOLATE,CRITICAL
2678,0.902221521728356,High,BLOCK_AND_ISOLATE,CRITICAL
2679,0.9260619527667532,High,BLOCK_AND_ISOLATE,CRITICAL
2680,0.9193998883173758,High,BLOCK_AND_ISOLATE,CRITICAL
2681,0.8962536144585919,High,BLOCK_AND_ISOLATE,CRITICAL
2682,0.91702430227495,High,BLOCK_AND_ISOLATE,CRITICAL
2683,0.8971251208737842,High,BLOCK_AND_ISOLATE,CRITICAL
2684,0.9229638864460497,High,BLOCK_AND_ISOLATE,CRITICAL
2685,0.9064082868089914,High,BLOCK_AND_ISOLATE,CRITICAL
2686,0.896248935493977,High,BLOCK_AND_ISOLATE,CRITICAL
2687,0.8996944421452461,High,BLOCK_AND_ISOLATE,CRITICAL
2688,0.89549754390073,High,BLOCK_AND_ISOLATE,CRITICAL
2689,0.9171393426467316,High,BLOCK_AND_ISOLATE,CRITICAL
2690,0.903387284989798,High,BLOCK_AND_ISOLATE,CRITICAL
2691,0.9066187567187356,High,BLOCK_AND_ISOLATE,CRITICAL
2692,0.8982768835090312,High,BLOCK_AND_ISOLATE,CRITICAL
2693,0.9094420948608524,High,BLOCK_AND_ISOLATE,CRITICAL
2694,0.9172971577437142,High,BLOCK_AND_ISOLATE,CRITICAL
2695,0.8968973960955542,High,BLOCK_AND_ISOLATE,CRITICAL
2696,0.83848772882311,High,BLOCK_AND_ISOLATE,CRITICAL
2697,0.8960738465313928,High,BLOCK_AND_ISOLATE,CRITICAL
2698,0.902800633990893,High,BLOCK_AND_ISOLATE,CRITICAL
2699,0.9204896418900668,High,BLOCK_AND_ISOLATE,CRITICAL
2700,0.9252896208154582,High,BLOCK_AND_ISOLATE,CRITICAL
2701,0.8933966649034085,High,BLOCK_AND_ISOLATE,CRITICAL
2702,0.9043458159662626,High,BLOCK_AND_ISOLATE,CRITICAL
2703,0.902912399420066,High,BLOCK_AND_ISOLATE,CRITICAL
2704,0.9025528411290304,High,BLOCK_AND_ISOLATE,CRITICAL
2705,0.9233597340389066,High,BLOCK_AND_ISOLATE,CRITICAL
2706,0.9211033481513512,High,BLOCK_AND_ISOLATE,CRITICAL
2707,0.8969118214551325,High,BLOCK_AND_ISOLATE,CRITICAL
2708,0.8959135347710759,High,BLOCK_AND_ISOLATE,CRITICAL
2709,0.8962558496327709,High,BLOCK_AND_ISOLATE,CRITICAL
2710,0.9222789074911808,High,BLOCK_AND_ISOLATE,CRITICAL
2711,0.9229862002290308,High,BLOCK_AND_ISOLATE,CRITICAL
2712,0.9025552551171436,High,BLOCK_AND_ISOLATE,CRITICAL
2713,0.9153968274882576,High,BLOCK_AND_ISOLATE,CRITICAL
2714,0.9325646579265594,High,BLOCK_AND_ISOLATE,CRITICAL
2715,0.8943879424826905,High,BLOCK_AND_ISOLATE,CRITICAL
2716,0.8939411722906424,High,BLOCK_AND_ISOLATE,CRITICAL
2717,0.8989588158465055,High,BLOCK_AND_ISOLATE,CRITICAL
2718,0.909487046603597,High,BLOCK_AND_ISOLATE,CRITICAL
2719,0.922990165911472,High,BLOCK_AND_ISOLATE,CRITICAL
2720,0.9002848707568806,High,BLOCK_AND_ISOLATE,CRITICAL
2721,0.9235023867966184,High,BLOCK_AND_ISOLATE,CRITICAL
2722,0.9057729224991136,High,BLOCK_AND_ISOLATE,CRITICAL
2723,0.9060821953086824,High,BLOCK_AND_ISOLATE,CRITICAL
2724,0.9214143802403788,High,BLOCK_AND_ISOLATE,CRITICAL
2725,0.9039105109807658,High,BLOCK_AND_ISOLATE,CRITICAL
2726,0.9059287934003728,High,BLOCK_AND_ISOLATE,CRITICAL
2727,0.9039105109807658,High,BLOCK_AND_ISOLATE,CRITICAL
2728,0.9070777029852778,High,BLOCK_AND_ISOLATE,CRITICAL
2729,0.9236909848217444,High,BLOCK_AND_ISOLATE,CRITICAL
2730,0.9186484912538032,High,BLOCK_AND_ISOLATE,CRITICAL
2731,0.7979501723415953,High,BLOCK_AND_ISOLATE,CRITICAL
2732,0.9323186993598938,High,BLOCK_AND_ISOLATE,CRITICAL
2733,0.9198565979218636,High,BLOCK_AND_ISOLATE,CRITICAL
2734,0.9248622818173232,High,BLOCK_AND_ISOLATE,CRITICAL
2735,0.9062621424439848,High,BLOCK_AND_ISOLATE,CRITICAL
2736,0.9206944834855668,High,BLOCK_AND_ISOLATE,CRITICAL
2737,0.8934532109843697,High,BLOCK_AND_ISOLATE,CRITICAL
2738,0.8944381242168046,High,BLOCK_AND_ISOLATE,CRITICAL
2739,0.9248026153901876,High,BLOCK_AND_ISOLATE,CRITICAL
2740,0.9231598057912322,High,BLOCK_AND_ISOLATE,CRITICAL
2741,0.9065087026908198,High,BLOCK_AND_ISOLATE,CRITICAL
2742,0.9059204019383232,High,BLOCK_AND_ISOLATE,CRITICAL
2743,0.9245238334011038,High,BLOCK_AND_ISOLATE,CRITICAL
2744,0.9292610997090036,High,BLOCK_AND_ISOLATE,CRITICAL
2745,0.8928396197417591,High,BLOCK_AND_ISOLATE,CRITICAL
2746,0.9062621424439848,High,BLOCK_AND_ISOLATE,CRITICAL
2747,0.8968973960955542,High,BLOCK_AND_ISOLATE,CRITICAL
2748,0.9017244938178433,High,BLOCK_AND_ISOLATE,CRITICAL
2749,0.8766559550967133,High,BLOCK_AND_ISOLATE,CRITICAL
2750,0.9312765165767458,High,BLOCK_AND_ISOLATE,CRITICAL
2751,0.9325460016727448,High,BLOCK_AND_ISOLATE,CRITICAL
2752,0.9263465809196352,High,BLOCK_AND_ISOLATE,CRITICAL
2753,0.902683834793209,High,BLOCK_AND_ISOLATE,CRITICAL
2754,0.9058685390653838,High,BLOCK_AND_ISOLATE,CRITICAL
2755,0.9039053253766705,High,BLOCK_AND_ISOLATE,CRITICAL
2756,0.9101418128745816,High,BLOCK_AND_ISOLATE,CRITICAL
2757,0.9062621424439848,High,BLOCK_AND_ISOLATE,CRITICAL
2758,0.9190987296569064,High,BLOCK_AND_ISOLATE,CRITICAL
2759,0.8619298804434058,High,BLOCK_AND_ISOLATE,CRITICAL
2760,0.9277524968839304,High,BLOCK_AND_ISOLATE,CRITICAL
2761,0.9146591453805208,High,BLOCK_AND_ISOLATE,CRITICAL
2762,0.8630028221728115,High,BLOCK_AND_ISOLATE,CRITICAL
2763,0.90303401827196,High,BLOCK_AND_ISOLATE,CRITICAL
2764,0.9091242952665214,High,BLOCK_AND_ISOLATE,CRITICAL
2765,0.8691284546683343,High,BLOCK_AND_ISOLATE,CRITICAL
2766,0.9062621424439848,High,BLOCK_AND_ISOLATE,CRITICAL
2767,0.932280284166336,High,BLOCK_AND_ISOLATE,CRITICAL
2768,0.9167042434505144,High,BLOCK_AND_ISOLATE,CRITICAL
2769,0.8943018963994683,High,BLOCK_AND_ISOLATE,CRITICAL
2770,0.9185294383721744,High,BLOCK_AND_ISOLATE,CRITICAL
2771,0.9260769518790688,High,BLOCK_AND_ISOLATE,CRITICAL
2772,0.9025529901406424,High,BLOCK_AND_ISOLATE,CRITICAL
2773,0.9240427769158132,High,BLOCK_AND_ISOLATE,CRITICAL
2774,0.9120974321042656,High,BLOCK_AND_ISOLATE,CRITICAL
2775,0.9105139390296554,High,BLOCK_AND_ISOLATE,CRITICAL
2776,0.8971192796185962,High,BLOCK_AND_ISOLATE,CRITICAL
2777,0.9062621424439848,High,BLOCK_AND_ISOLATE,CRITICAL
2778,0.9061845576509816,High,BLOCK_AND_ISOLATE,CRITICAL
2779,0.893103836585292,High,BLOCK_AND_ISOLATE,CRITICAL
2780,0.9241306833314116,High,BLOCK_AND_ISOLATE,CRITICAL
2781,0.924039290044094,High,BLOCK_AND_ISOLATE,CRITICAL
2782,0.8971251208737842,High,BLOCK_AND_ISOLATE,CRITICAL
2783,0.8971236307576648,High,BLOCK_AND_ISOLATE,CRITICAL
2784,0.932246309518814,High,BLOCK_AND_ISOLATE,CRITICAL
2785,0.885028263264927,High,BLOCK_AND_ISOLATE,CRITICAL
2786,0.8981972730150055,High,BLOCK_AND_ISOLATE,CRITICAL
2787,0.92284374891308,High,BLOCK_AND_ISOLATE,CRITICAL
2788,0.9209041177609693,High,BLOCK_AND_ISOLATE,CRITICAL
2789,0.9265545178903836,High,BLOCK_AND_ISOLATE,CRITICAL
2790,0.900383980896145,High,BLOCK_AND_ISOLATE,CRITICAL
2791,0.905929657667722,High,BLOCK_AND_ISOLATE,CRITICAL
2792,0.9324884235858916,High,BLOCK_AND_ISOLATE,CRITICAL
2793,0.9241311601685696,High,BLOCK_AND_ISOLATE,CRITICAL
2794,0.904689312960014,High,BLOCK_AND_ISOLATE,CRITICAL
2795,0.8950574170092319,High,BLOCK_AND_ISOLATE,CRITICAL
2796,0.9240427769158132,High,BLOCK_AND_ISOLATE,CRITICAL
2797,0.9023885026076814,High,BLOCK_AND_ISOLATE,CRITICAL
2798,0.8962558496327709,High,BLOCK_AND_ISOLATE,CRITICAL
2799,0.8959881795371644,High,BLOCK_AND_ISOLATE,CRITICAL
2800,0.925799912574818,High,BLOCK_AND_ISOLATE,CRITICAL
2801,0.9241311601685696,High,BLOCK_AND_ISOLATE,CRITICAL
2802,0.9064087957010706,High,BLOCK_AND_ISOLATE,CRITICAL
2803,0.8921237440453086,High,BLOCK_AND_ISOLATE,CRITICAL
2804,0.9243069130620832,High,BLOCK_AND_ISOLATE,CRITICAL
2805,0.9155938706940582,High,BLOCK_AND_ISOLATE,CRITICAL
2806,0.905929657667722,High,BLOCK_AND_ISOLATE,CRITICAL
2807,0.923626971088632,High,BLOCK_AND_ISOLATE,CRITICAL
2808,0.8971192796185962,High,BLOCK_AND_ISOLATE,CRITICAL
2809,0.9060663236813072,High,BLOCK_AND_ISOLATE,CRITICAL
2810,0.9062621424439848,High,BLOCK_AND_ISOLATE,CRITICAL
2811,0.8898838066593139,High,BLOCK_AND_ISOLATE,CRITICAL
2812,0.9185702220590258,High,BLOCK_AND_ISOLATE,CRITICAL
2813,0.8954094011210885,High,BLOCK_AND_ISOLATE,CRITICAL
2814,0.9235023867966184,High,BLOCK_AND_ISOLATE,CRITICAL
2815,0.8949500284201637,High,BLOCK_AND_ISOLATE,CRITICAL
2816,0.9059204019383232,High,BLOCK_AND_ISOLATE,CRITICAL
2817,0.9236027684385292,High,BLOCK_AND_ISOLATE,CRITICAL
2818,0.9248466896423028,High,BLOCK_AND_ISOLATE,CRITICAL
2819,0.907278104896706,High,BLOCK_AND_ISOLATE,CRITICAL
2820,0.898517849563014,High,BLOCK_AND_ISOLATE,CRITICAL
2821,0.8968982007582587,High,BLOCK_AND_ISOLATE,CRITICAL
2822,0.9233453315259864,High,BLOCK_AND_ISOLATE,CRITICAL
2823,0.9070078580758814,High,BLOCK_AND_ISOLATE,CRITICAL
2824,0.8971251208737842,High,BLOCK_AND_ISOLATE,CRITICAL
2825,0.8907091447401759,High,BLOCK_AND_ISOLATE,CRITICAL
2826,0.8969118214551325,High,BLOCK_AND_ISOLATE,CRITICAL
2827,0.8968973960955542,High,BLOCK_AND_ISOLATE,CRITICAL
2828,0.9156670897069644,High,BLOCK_AND_ISOLATE,CRITICAL
2829,0.9176859575161032,High,BLOCK_AND_ISOLATE,CRITICAL
2830,0.923626971088632,High,BLOCK_AND_ISOLATE,CRITICAL
2831,0.9182256068784648,High,BLOCK_AND_ISOLATE,CRITICAL
2832,0.9239993601003692,High,BLOCK_AND_ISOLATE,CRITICAL
2833,0.9234982442738066,High,BLOCK_AND_ISOLATE,CRITICAL
2834,0.925932839739336,High,BLOCK_AND_ISOLATE,CRITICAL
2835,0.9236033644849768,High,BLOCK_AND_ISOLATE,CRITICAL
2836,0.9105197802848434,High,BLOCK_AND_ISOLATE,CRITICAL
2837,0.8958680876265149,High,BLOCK_AND_ISOLATE,CRITICAL
2838,0.9229638864460497,High,BLOCK_AND_ISOLATE,CRITICAL
2839,0.925157128696872,High,BLOCK_AND_ISOLATE,CRITICAL
2840,0.9025753233902084,High,BLOCK_AND_ISOLATE,CRITICAL
2841,0.925932839739336,High,BLOCK_AND_ISOLATE,CRITICAL
2842,0.8932300294679414,High,BLOCK_AND_ISOLATE,CRITICAL
2843,0.9056167657176948,High,BLOCK_AND_ISOLATE,CRITICAL
2844,0.9186949256416096,High,BLOCK_AND_ISOLATE,CRITICAL
2845,0.9277972374958052,High,BLOCK_AND_ISOLATE,CRITICAL
2846,0.8936471069932983,High,BLOCK_AND_ISOLATE,CRITICAL
2847,0.9200862801392756,High,BLOCK_AND_ISOLATE,CRITICAL
2848,0.9213588990861344,High,BLOCK_AND_ISOLATE,CRITICAL
2849,0.9240427769158132,High,BLOCK_AND_ISOLATE,CRITICAL
2850,0.9244495163421672,High,BLOCK_AND_ISOLATE,CRITICAL
2851,0.896545510226432,High,BLOCK_AND_ISOLATE,CRITICAL
2852,0.9325627505779266,High,BLOCK_AND_ISOLATE,CRITICAL
2853,0.8962558496327709,High,BLOCK_AND_ISOLATE,CRITICAL
2854,0.8962558496327709,High,BLOCK_AND_ISOLATE,CRITICAL
2855,0.8957368765300134,High,BLOCK_AND_ISOLATE,CRITICAL
2856,0.9173656023055828,High,BLOCK_AND_ISOLATE,CRITICAL
2857,0.8986244824829465,High,BLOCK_AND_ISOLATE,CRITICAL
2858,0.8962505448193859,High,BLOCK_AND_ISOLATE,CRITICAL
2859,0.9046822034840348,High,BLOCK_AND_ISOLATE,CRITICAL
2860,0.896538209248133,High,BLOCK_AND_ISOLATE,CRITICAL
2861,0.9062621424439848,High,BLOCK_AND_ISOLATE,CRITICAL
2862,0.9045077848249888,High,BLOCK_AND_ISOLATE,CRITICAL
2863,0.9325460016727448,High,BLOCK_AND_ISOLATE,CRITICAL
2864,0.9238036500635796,High,BLOCK_AND_ISOLATE,CRITICAL
2865,0.9146803394559652,High,BLOCK_AND_ISOLATE,CRITICAL
2866,0.8915318573252874,High,BLOCK_AND_ISOLATE,CRITICAL
2867,0.8282256715239155,High,BLOCK_AND_ISOLATE,CRITICAL
2868,0.9279804914438752,High,BLOCK_AND_ISOLATE,CRITICAL
2869,0.9019645556652154,High,BLOCK_AND_ISOLATE,CRITICAL
2870,0.8970844843208606,High,BLOCK_AND_ISOLATE,CRITICAL
2871,0.9230182933837826,High,BLOCK_AND_ISOLATE,CRITICAL
2872,0.9013084715697725,High,BLOCK_AND_ISOLATE,CRITICAL
2873,0.8942553489035766,High,BLOCK_AND_ISOLATE,CRITICAL
2874,0.9078136115505092,High,BLOCK_AND_ISOLATE,CRITICAL
2875,0.8965422915756142,High,BLOCK_AND_ISOLATE,CRITICAL
2876,0.9248026153901876,High,BLOCK_AND_ISOLATE,CRITICAL
2877,0.9248462128051446,High,BLOCK_AND_ISOLATE,CRITICAL
2878,0.9142929590315736,High,BLOCK_AND_ISOLATE,CRITICAL
2879,0.905929657667722,High,BLOCK_AND_ISOLATE,CRITICAL
2880,0.8955004515129666,High,BLOCK_AND_ISOLATE,CRITICAL
2881,0.8966454111587514,High,BLOCK_AND_ISOLATE,CRITICAL
2882,0.9062621424439848,High,BLOCK_AND_ISOLATE,CRITICAL
2883,0.905772564871245,High,BLOCK_AND_ISOLATE,CRITICAL
2884,0.9235023867966184,High,BLOCK_AND_ISOLATE,CRITICAL
2885,0.896248935493977,High,BLOCK_AND_ISOLATE,CRITICAL
2886,0.9026860103627432,High,BLOCK_AND_ISOLATE,CRITICAL
2887,0.9243958920640064,High,BLOCK_AND_ISOLATE,CRITICAL
2888,0.9185989454277308,High,BLOCK_AND_ISOLATE,CRITICAL
2889,0.8961458826481602,High,BLOCK_AND_ISOLATE,CRITICAL
2890,0.9325460016727448,High,BLOCK_AND_ISOLATE,CRITICAL
2891,0.8962558496327709,High,BLOCK_AND_ISOLATE,CRITICAL
2892,0.8985821046696411,High,BLOCK_AND_ISOLATE,CRITICAL
2893,0.8962482877769105,High,BLOCK_AND_ISOLATE,CRITICAL
2894,0.8969430093512647,High,BLOCK_AND_ISOLATE,CRITICAL
2895,0.8989337608616257,High,BLOCK_AND_ISOLATE,CRITICAL
2896,0.9265386727829156,High,BLOCK_AND_ISOLATE,CRITICAL
2897,0.901957297570861,High,BLOCK_AND_ISOLATE,CRITICAL
2898,0.9169025917909038,High,BLOCK_AND_ISOLATE,CRITICAL
2899,0.9057729224991136,High,BLOCK_AND_ISOLATE,CRITICAL
2900,0.9254664164749076,High,BLOCK_AND_ISOLATE,CRITICAL
2901,0.9097307859041328,High,BLOCK_AND_ISOLATE,CRITICAL
2902,0.9235169291904451,High,BLOCK_AND_ISOLATE,CRITICAL
2903,0.9237598111547854,High,BLOCK_AND_ISOLATE,CRITICAL
2904,0.894421522216431,High,BLOCK_AND_ISOLATE,CRITICAL
2905,0.893980582149594,High,BLOCK_AND_ISOLATE,CRITICAL
2906,0.8962558496327709,High,BLOCK_AND_ISOLATE,CRITICAL
2907,0.9062552283051908,High,BLOCK_AND_ISOLATE,CRITICAL
2908,0.9030390917921004,High,BLOCK_AND_ISOLATE,CRITICAL
2909,0.926065856870986,High,BLOCK_AND_ISOLATE,CRITICAL
2910,0.8962536144585919,High,BLOCK_AND_ISOLATE,CRITICAL
2911,0.9229984871753402,High,BLOCK_AND_ISOLATE,CRITICAL
2912,0.9033416130248356,High,BLOCK_AND_ISOLATE,CRITICAL
2913,0.9067378220477414,High,BLOCK_AND_ISOLATE,CRITICAL
2914,0.926465607167445,High,BLOCK_AND_ISOLATE,CRITICAL
2915,0.9039105109807658,High,BLOCK_AND_ISOLATE,CRITICAL
2916,0.9039053253766705,High,BLOCK_AND_ISOLATE,CRITICAL
2917,0.9059287934003728,High,BLOCK_AND_ISOLATE,CRITICAL
2918,0.9235023867966184,High,BLOCK_AND_ISOLATE,CRITICAL
2919,0.8128982641835515,High,BLOCK_AND_ISOLATE,CRITICAL
2920,0.89549754390073,High,BLOCK_AND_ISOLATE,CRITICAL
2921,0.9039105109807658,High,BLOCK_AND_ISOLATE,CRITICAL
2922,0.9243958920640064,High,BLOCK_AND_ISOLATE,CRITICAL
2923,0.9225374305625356,High,BLOCK_AND_ISOLATE,CRITICAL
2924,0.9062621424439848,High,BLOCK_AND_ISOLATE,CRITICAL
2925,0.9235023867966184,High,BLOCK_AND_ISOLATE,CRITICAL
2926,0.9062621424439848,High,BLOCK_AND_ISOLATE,CRITICAL
2927,0.9325036823749542,High,BLOCK_AND_ISOLATE,CRITICAL
2928,0.9059656260848988,High,BLOCK_AND_ISOLATE,CRITICAL
2929,0.9220972937302656,High,BLOCK_AND_ISOLATE,CRITICAL
2930,0.9158962866333524,High,BLOCK_AND_ISOLATE,CRITICAL
2931,0.9184622578096988,High,BLOCK_AND_ISOLATE,CRITICAL
2932,0.9325460016727448,High,BLOCK_AND_ISOLATE,CRITICAL
2933,0.9287349349291216,High,BLOCK_AND_ISOLATE,CRITICAL
2934,0.8962558496327709,High,BLOCK_AND_ISOLATE,CRITICAL
2935,0.9235023867966184,High,BLOCK_AND_ISOLATE,CRITICAL
2936,0.9237937639724156,High,BLOCK_AND_ISOLATE,CRITICAL
2937,0.9164228037828142,High,BLOCK_AND_ISOLATE,CRITICAL
2938,0.9193114020788308,High,BLOCK_AND_ISOLATE,CRITICAL
2939,0.9235023867966184,High,BLOCK_AND_ISOLATE,CRITICAL
2940,0.8963040357931916,High,BLOCK_AND_ISOLATE,CRITICAL
2941,0.9243963689011646,High,BLOCK_AND_ISOLATE,CRITICAL
2942,0.9062621424439848,High,BLOCK_AND_ISOLATE,CRITICAL
2943,0.9325460016727448,High,BLOCK_AND_ISOLATE,CRITICAL
2944,0.8958548509075724,High,BLOCK_AND_ISOLATE,CRITICAL
2945,0.8986313233186765,High,BLOCK_AND_ISOLATE,CRITICAL
2946,0.896248935493977,High,BLOCK_AND_ISOLATE,CRITICAL
2947,0.8196913538429375,High,BLOCK_AND_ISOLATE,CRITICAL
2948,0.9100537898383024,High,BLOCK_AND_ISOLATE,CRITICAL
2949,0.8990725218753143,High,BLOCK_AND_ISOLATE,CRITICAL
2950,0.8960738465313928,High,BLOCK_AND_ISOLATE,CRITICAL
2951,0.924553027087612,High,BLOCK_AND_ISOLATE,CRITICAL
2952,0.9048206077677092,High,BLOCK_AND_ISOLATE,CRITICAL
2953,0.9240432537529716,High,BLOCK_AND_ISOLATE,CRITICAL
2954,0.9235566187051288,High,BLOCK_AND_ISOLATE,CRITICAL
2955,0.9229984871753402,High,BLOCK_AND_ISOLATE,CRITICAL
2956,0.8955043556171994,High,BLOCK_AND_ISOLATE,CRITICAL
2957,0.8274511727667689,High,BLOCK_AND_ISOLATE,CRITICAL
2958,0.9062621424439848,High,BLOCK_AND_ISOLATE,CRITICAL
2959,0.9008887938029438,High,BLOCK_AND_ISOLATE,CRITICAL
2960,0.8966123646502825,High,BLOCK_AND_ISOLATE,CRITICAL
2961,0.8966123646502825,High,BLOCK_AND_ISOLATE,CRITICAL
2962,0.9059287934003728,High,BLOCK_AND_ISOLATE,CRITICAL
2963,0.916001677817732,High,BLOCK_AND_ISOLATE,CRITICAL
2964,0.92664346872622,High,BLOCK_AND_ISOLATE,CRITICAL
2965,0.9059316255674582,High,BLOCK_AND_ISOLATE,CRITICAL
2966,0.9243943721455646,High,BLOCK_AND_ISOLATE,CRITICAL
2967,0.9234982442738066,High,BLOCK_AND_ISOLATE,CRITICAL
2968,0.8972168180929302,High,BLOCK_AND_ISOLATE,CRITICAL
2969,0.9033951856246346,High,BLOCK_AND_ISOLATE,CRITICAL
2970,0.896538209248133,High,BLOCK_AND_ISOLATE,CRITICAL
2971,0.8954094011210885,High,BLOCK_AND_ISOLATE,CRITICAL
2972,0.902683834793209,High,BLOCK_AND_ISOLATE,CRITICAL
2973,0.9062552283051908,High,BLOCK_AND_ISOLATE,CRITICAL
2974,0.9033872284045572,High,BLOCK_AND_ISOLATE,CRITICAL
2975,0.922743179577529,High,BLOCK_AND_ISOLATE,CRITICAL
2976,0.90845542677466,High,BLOCK_AND_ISOLATE,CRITICAL
2977,0.9257319091878148,High,BLOCK_AND_ISOLATE,CRITICAL
2978,0.8968760943736167,High,BLOCK_AND_ISOLATE,CRITICAL
2979,0.9163231478680368,High,BLOCK_AND_ISOLATE,CRITICAL
2980,0.9057726542782122,High,BLOCK_AND_ISOLATE,CRITICAL
2981,0.8955043556171994,High,BLOCK_AND_ISOLATE,CRITICAL
2982,0.9067353484549832,High,BLOCK_AND_ISOLATE,CRITICAL
2983,0.8958670743475537,High,BLOCK_AND_ISOLATE,CRITICAL
2984,0.916283984108814,High,BLOCK_AND_ISOLATE,CRITICAL
2985,0.9001184566520456,High,BLOCK_AND_ISOLATE,CRITICAL
2986,0.9236033644849768,High,BLOCK_AND_ISOLATE,CRITICAL
2987,0.9025189757484396,High,BLOCK_AND_ISOLATE,CRITICAL
2988,0.8965422915756142,High,BLOCK_AND_ISOLATE,CRITICAL
2989,0.9062552283051908,High,BLOCK_AND_ISOLATE,CRITICAL
2990,0.9027782356600906,High,BLOCK_AND_ISOLATE,CRITICAL
2991,0.9146037654333538,High,BLOCK_AND_ISOLATE,CRITICAL
2992,0.9248462128051446,High,BLOCK_AND_ISOLATE,CRITICAL
2993,0.8957422174269006,High,BLOCK_AND_ISOLATE,CRITICAL
2994,0.8962558496327709,High,BLOCK_AND_ISOLATE,CRITICAL
2995,0.8956590604627593,High,BLOCK_AND_ISOLATE,CRITICAL
2996,0.9232338554160778,High,BLOCK_AND_ISOLATE,CRITICAL
2997,0.9325460016727448,High,BLOCK_AND_ISOLATE,CRITICAL
2998,0.8929911108251575,High,BLOCK_AND_ISOLATE,CRITICAL
2999,0.9004559384476728,High,BLOCK_AND_ISOLATE,CRITICAL
3000,0.9062621424439848,High,BLOCK_AND_ISOLATE,CRITICAL
3001,0.9062621424439848,High,BLOCK_AND_ISOLATE,CRITICAL
3002,0.9230545813641848,High,BLOCK_AND_ISOLATE,CRITICAL
3003,0.8960762262353007,High,BLOCK_AND_ISOLATE,CRITICAL
3004,0.8776788720788726,High,BLOCK_AND_ISOLATE,CRITICAL
3005,0.9057729821037585,High,BLOCK_AND_ISOLATE,CRITICAL
3006,0.922619469577625,High,BLOCK_AND_ISOLATE,CRITICAL
3007,0.9036325322592912,High,BLOCK_AND_ISOLATE,CRITICAL
3008,0.9231598057912322,High,BLOCK_AND_ISOLATE,CRITICAL
3009,0.8960703000550286,High,BLOCK_AND_ISOLATE,CRITICAL
3010,0.9038942091104196,High,BLOCK_AND_ISOLATE,CRITICAL
3011,0.9235023867966184,High,BLOCK_AND_ISOLATE,CRITICAL
3012,0.9025537948033469,High,BLOCK_AND_ISOLATE,CRITICAL
3013,0.8969108379784937,High,BLOCK_AND_ISOLATE,CRITICAL
3014,0.8838925593528809,High,BLOCK_AND_ISOLATE,CRITICAL
3015,0.9057729224991136,High,BLOCK_AND_ISOLATE,CRITICAL
3016,0.9325460016727448,High,BLOCK_AND_ISOLATE,CRITICAL
3017,0.9062621424439848,High,BLOCK_AND_ISOLATE,CRITICAL
3018,0.8971251208737842,High,BLOCK_AND_ISOLATE,CRITICAL
3019,0.9243958920640064,High,BLOCK_AND_ISOLATE,CRITICAL
3020,0.9033019471714284,High,BLOCK_AND_ISOLATE,CRITICAL
3021,0.9062875716299192,High,BLOCK_AND_ISOLATE,CRITICAL
3022,0.9258596155967674,High,BLOCK_AND_ISOLATE,CRITICAL
3023,0.7244096702945536,High,BLOCK_AND_ISOLATE,CRITICAL
3024,0.9206467415496336,High,BLOCK_AND_ISOLATE,CRITICAL
3025,0.898220122324941,High,BLOCK_AND_ISOLATE,CRITICAL
3026,0.9180716251819656,High,BLOCK_AND_ISOLATE,CRITICAL
3027,0.9054587980045118,High,BLOCK_AND_ISOLATE,CRITICAL
3028,0.9154418035249076,High,BLOCK_AND_ISOLATE,CRITICAL
3029,0.902682910921215,High,BLOCK_AND_ISOLATE,CRITICAL
3030,0.9303993047029256,High,BLOCK_AND_ISOLATE,CRITICAL
3031,0.9057719092201524,High,BLOCK_AND_ISOLATE,CRITICAL
3032,0.9236138961016064,High,BLOCK_AND_ISOLATE,CRITICAL
3033,0.9032439594484436,High,BLOCK_AND_ISOLATE,CRITICAL
3034,0.786174551050438,High,BLOCK_AND_ISOLATE,CRITICAL
3035,0.9038942091104196,High,BLOCK_AND_ISOLATE,CRITICAL
3036,0.9325632274150848,High,BLOCK_AND_ISOLATE,CRITICAL
3037,0.8954978121216315,High,BLOCK_AND_ISOLATE,CRITICAL
3038,0.9099237123726184,High,BLOCK_AND_ISOLATE,CRITICAL
3039,0.8971251208737842,High,BLOCK_AND_ISOLATE,CRITICAL
3040,0.9187320146390706,High,BLOCK_AND_ISOLATE,CRITICAL
3041,0.9057719092201524,High,BLOCK_AND_ISOLATE,CRITICAL
3042,0.902519307112981,High,BLOCK_AND_ISOLATE,CRITICAL
3043,0.8461880260843488,High,BLOCK_AND_ISOLATE,CRITICAL
3044,0.9039105109807658,High,BLOCK_AND_ISOLATE,CRITICAL
3045,0.8960777461537425,High,BLOCK_AND_ISOLATE,CRITICAL
3046,0.9325014770030976,High,BLOCK_AND_ISOLATE,CRITICAL
3047,0.9079322017268416,High,BLOCK_AND_ISOLATE,CRITICAL
3048,0.8928991401187768,High,BLOCK_AND_ISOLATE,CRITICAL
3049,0.9094399658956924,High,BLOCK_AND_ISOLATE,CRITICAL
3050,0.8976417240718054,High,BLOCK_AND_ISOLATE,CRITICAL
3051,0.9220501893961164,High,BLOCK_AND_ISOLATE,CRITICAL
3052,0.9232893459989502,High,BLOCK_AND_ISOLATE,CRITICAL
3053,0.8986174231796894,High,BLOCK_AND_ISOLATE,CRITICAL
3054,0.9208838636883238,High,BLOCK_AND_ISOLATE,CRITICAL
3055,0.9025537948033469,High,BLOCK_AND_ISOLATE,CRITICAL
3056,0.9235023867966184,High,BLOCK_AND_ISOLATE,CRITICAL
3057,0.9061845576509816,High,BLOCK_AND_ISOLATE,CRITICAL
3058,0.9325656414031982,High,BLOCK_AND_ISOLATE,CRITICAL
3059,0.8968809322647137,High,BLOCK_AND_ISOLATE,CRITICAL
3060,0.8960727989682261,High,BLOCK_AND_ISOLATE,CRITICAL
3061,0.8960727989682261,High,BLOCK_AND_ISOLATE,CRITICAL
3062,0.9235023867966184,High,BLOCK_AND_ISOLATE,CRITICAL
3063,0.9127875291793768,High,BLOCK_AND_ISOLATE,CRITICAL
3064,0.9216764157582056,High,BLOCK_AND_ISOLATE,CRITICAL
3065,0.8969131923619623,High,BLOCK_AND_ISOLATE,CRITICAL
3066,0.906102041484072,High,BLOCK_AND_ISOLATE,CRITICAL
3067,0.8957422174269006,High,BLOCK_AND_ISOLATE,CRITICAL
3068,0.9186095550545008,High,BLOCK_AND_ISOLATE,CRITICAL
3069,0.902749791474728,High,BLOCK_AND_ISOLATE,CRITICAL
3070,0.9062621424439848,High,BLOCK_AND_ISOLATE,CRITICAL
3071,0.9240364141075188,High,BLOCK_AND_ISOLATE,CRITICAL
3072,0.7796517331723686,High,BLOCK_AND_ISOLATE,CRITICAL
3073,0.8962558496327709,High,BLOCK_AND_ISOLATE,CRITICAL
3074,0.9278448790243848,High,BLOCK_AND_ISOLATE,CRITICAL
3075,0.8957422174269006,High,BLOCK_AND_ISOLATE,CRITICAL
3076,0.8956175762563542,High,BLOCK_AND_ISOLATE,CRITICAL
3077,0.9230545813641848,High,BLOCK_AND_ISOLATE,CRITICAL
3078,0.9235023867966184,High,BLOCK_AND_ISOLATE,CRITICAL
3079,0.9039105109807658,High,BLOCK_AND_ISOLATE,CRITICAL
3080,0.9064266192623724,High,BLOCK_AND_ISOLATE,CRITICAL
3081,0.924235580477642,High,BLOCK_AND_ISOLATE,CRITICAL
3082,0.9062621424439848,High,BLOCK_AND_ISOLATE,CRITICAL
3083,0.9322268784046172,High,BLOCK_AND_ISOLATE,CRITICAL
3084,0.9046303089308756,High,BLOCK_AND_ISOLATE,CRITICAL
3085,0.8968548401024306,High,BLOCK_AND_ISOLATE,CRITICAL
3086,0.9218333421354804,High,BLOCK_AND_ISOLATE,CRITICAL
3087,0.9192581810861712,High,BLOCK_AND_ISOLATE,CRITICAL
3088,0.9025552551171436,High,BLOCK_AND_ISOLATE,CRITICAL
3089,0.9235023867966184,High,BLOCK_AND_ISOLATE,CRITICAL
3090,0.8966454111587514,High,BLOCK_AND_ISOLATE,CRITICAL
3091,0.8604743271303018,High,BLOCK_AND_ISOLATE,CRITICAL
3092,0.9235023867966184,High,BLOCK_AND_ISOLATE,CRITICAL
3093,0.9230545813641848,High,BLOCK_AND_ISOLATE,CRITICAL
3094,0.9062867349345984,High,BLOCK_AND_ISOLATE,CRITICAL
3095,0.7920384318573656,High,BLOCK_AND_ISOLATE,CRITICAL
3096,0.9062621424439848,High,BLOCK_AND_ISOLATE,CRITICAL
3097,0.9243508760643828,High,BLOCK_AND_ISOLATE,CRITICAL
3098,0.9062621424439848,High,BLOCK_AND_ISOLATE,CRITICAL
3099,0.9242686010375276,High,BLOCK_AND_ISOLATE,CRITICAL
3100,0.902666778235746,High,BLOCK_AND_ISOLATE,CRITICAL
3101,0.9218412360772896,High,BLOCK_AND_ISOLATE,CRITICAL
3102,0.8975846204516843,High,BLOCK_AND_ISOLATE,CRITICAL
3103,0.9057726542782122,High,BLOCK_AND_ISOLATE,CRITICAL
3104,0.9232893758012726,High,BLOCK_AND_ISOLATE,CRITICAL
3105,0.9059233693319364,High,BLOCK_AND_ISOLATE,CRITICAL
3106,0.9064384467296934,High,BLOCK_AND_ISOLATE,CRITICAL
3107,0.8955009879547696,High,BLOCK_AND_ISOLATE,CRITICAL
3108,0.9235023867966184,High,BLOCK_AND_ISOLATE,CRITICAL
3109,0.8962558496327709,High,BLOCK_AND_ISOLATE,CRITICAL
3110,0.9234982442738066,High,BLOCK_AND_ISOLATE,CRITICAL
3111,0.9194124352953024,High,BLOCK_AND_ISOLATE,CRITICAL
3112,0.8968973960955542,High,BLOCK_AND_ISOLATE,CRITICAL
3113,0.9059233693319364,High,BLOCK_AND_ISOLATE,CRITICAL
3114,0.9225684947297916,High,BLOCK_AND_ISOLATE,CRITICAL
3115,0.9144817265072132,High,BLOCK_AND_ISOLATE,CRITICAL
3116,0.8932914517236862,High,BLOCK_AND_ISOLATE,CRITICAL
3117,0.9018894531549146,High,BLOCK_AND_ISOLATE,CRITICAL
3118,0.8971192796185962,High,BLOCK_AND_ISOLATE,CRITICAL
3119,0.9039105109807658,High,BLOCK_AND_ISOLATE,CRITICAL
3120,0.902710699616076,High,BLOCK_AND_ISOLATE,CRITICAL
3121,0.896076554060847,High,BLOCK_AND_ISOLATE,CRITICAL
3122,0.9059194652277036,High,BLOCK_AND_ISOLATE,CRITICAL
3123,0.9062621424439848,High,BLOCK_AND_ISOLATE,CRITICAL
3124,0.9082192327966188,High,BLOCK_AND_ISOLATE,CRITICAL
3125,0.8955043556171994,High,BLOCK_AND_ISOLATE,CRITICAL
3126,0.917263895783368,High,BLOCK_AND_ISOLATE,CRITICAL
3127,0.894043770682374,High,BLOCK_AND_ISOLATE,CRITICAL
3128,0.9236903887752966,High,BLOCK_AND_ISOLATE,CRITICAL
3129,0.8986578215718618,High,BLOCK_AND_ISOLATE,CRITICAL
3130,0.9062621424439848,High,BLOCK_AND_ISOLATE,CRITICAL
3131,0.902519307112981,High,BLOCK_AND_ISOLATE,CRITICAL
3132,0.919982457782824,High,BLOCK_AND_ISOLATE,CRITICAL
3133,0.90263740043798,High,BLOCK_AND_ISOLATE,CRITICAL
3134,0.9059587119461048,High,BLOCK_AND_ISOLATE,CRITICAL
3135,0.9243943721455646,High,BLOCK_AND_ISOLATE,CRITICAL
3136,0.9219731325649768,High,BLOCK_AND_ISOLATE,CRITICAL
3137,0.8980088710177957,High,BLOCK_AND_ISOLATE,CRITICAL
3138,0.924078066576998,High,BLOCK_AND_ISOLATE,CRITICAL
3139,0.9062552283051908,High,BLOCK_AND_ISOLATE,CRITICAL
3140,0.8993743476280395,High,BLOCK_AND_ISOLATE,CRITICAL
3141,0.9060821953086824,High,BLOCK_AND_ISOLATE,CRITICAL
3142,0.9062621424439848,High,BLOCK_AND_ISOLATE,CRITICAL
3143,0.932246309518814,High,BLOCK_AND_ISOLATE,CRITICAL
3144,0.9059939752804376,High,BLOCK_AND_ISOLATE,CRITICAL
3145,0.9229638864460497,High,BLOCK_AND_ISOLATE,CRITICAL
3146,0.904039473481292,High,BLOCK_AND_ISOLATE,CRITICAL
3147,0.9234511353502524,High,BLOCK_AND_ISOLATE,CRITICAL
3148,0.8949441871649757,High,BLOCK_AND_ISOLATE,CRITICAL
3149,0.9062621424439848,High,BLOCK_AND_ISOLATE,CRITICAL
3150,0.9034255345236404,High,BLOCK_AND_ISOLATE,CRITICAL
3151,0.9258885206911543,High,BLOCK_AND_ISOLATE,CRITICAL
3152,0.9264211668426596,High,BLOCK_AND_ISOLATE,CRITICAL
3153,0.8965392225270942,High,BLOCK_AND_ISOLATE,CRITICAL
3154,0.894007322572902,High,BLOCK_AND_ISOLATE,CRITICAL
3155,0.924172794533036,High,BLOCK_AND_ISOLATE,CRITICAL
3156,0.9059287934003728,High,BLOCK_AND_ISOLATE,CRITICAL
3157,0.8971236307576648,High,BLOCK_AND_ISOLATE,CRITICAL
3158,0.9057729224991136,High,BLOCK_AND_ISOLATE,CRITICAL
3159,0.894147369543102,High,BLOCK_AND_ISOLATE,CRITICAL
3160,0.9022980972114124,High,BLOCK_AND_ISOLATE,CRITICAL
3161,0.8929166371710855,High,BLOCK_AND_ISOLATE,CRITICAL
3162,0.9238541884368776,High,BLOCK_AND_ISOLATE,CRITICAL
3163,0.9325460016727448,High,BLOCK_AND_ISOLATE,CRITICAL
3164,0.9236428685232076,High,BLOCK_AND_ISOLATE,CRITICAL
3165,0.8855134464065106,High,BLOCK_AND_ISOLATE,CRITICAL
3166,0.8992571630360185,High,BLOCK_AND_ISOLATE,CRITICAL
3167,0.9260164712345132,High,BLOCK_AND_ISOLATE,CRITICAL
3168,0.9324840724468232,High,BLOCK_AND_ISOLATE,CRITICAL
3169,0.8673992748251407,High,BLOCK_AND_ISOLATE,CRITICAL
3170,0.9218037992336232,High,BLOCK_AND_ISOLATE,CRITICAL
3171,0.9304877278879898,High,BLOCK_AND_ISOLATE,CRITICAL
3172,0.902870962297916,High,BLOCK_AND_ISOLATE,CRITICAL
3173,0.9248462128051446,High,BLOCK_AND_ISOLATE,CRITICAL
3174,0.9011255831891516,High,BLOCK_AND_ISOLATE,CRITICAL
3175,0.9243943721455646,High,BLOCK_AND_ISOLATE,CRITICAL
3176,0.9324737608432768,High,BLOCK_AND_ISOLATE,CRITICAL
3177,0.9007977245649856,High,BLOCK_AND_ISOLATE,CRITICAL
3178,0.8955043556171994,High,BLOCK_AND_ISOLATE,CRITICAL
3179,0.9059200016695064,High,BLOCK_AND_ISOLATE,CRITICAL
3180,0.9153041740461412,High,BLOCK_AND_ISOLATE,CRITICAL
3181,0.9274842650053768,High,BLOCK_AND_ISOLATE,CRITICAL
3182,0.8971236307576648,High,BLOCK_AND_ISOLATE,CRITICAL
3183,0.9162670585098772,High,BLOCK_AND_ISOLATE,CRITICAL
3184,0.9039105109807658,High,BLOCK_AND_ISOLATE,CRITICAL
3185,0.9243963689011646,High,BLOCK_AND_ISOLATE,CRITICAL
3186,0.9096377941456896,High,BLOCK_AND_ISOLATE,CRITICAL
3187,0.8969108379784937,High,BLOCK_AND_ISOLATE,CRITICAL
3188,0.931802986357975,High,BLOCK_AND_ISOLATE,CRITICAL
3189,0.9322612702846528,High,BLOCK_AND_ISOLATE,CRITICAL
3190,0.9210865920274344,High,BLOCK_AND_ISOLATE,CRITICAL
3191,0.8960777461537425,High,BLOCK_AND_ISOLATE,CRITICAL
3192,0.922237009405304,High,BLOCK_AND_ISOLATE,CRITICAL
3193,0.9240427769158132,High,BLOCK_AND_ISOLATE,CRITICAL
3194,0.906548709841708,High,BLOCK_AND_ISOLATE,CRITICAL
3195,0.92305452175954,High,BLOCK_AND_ISOLATE,CRITICAL
3196,0.9039105109807658,High,BLOCK_AND_ISOLATE,CRITICAL
3197,0.92331918802791,High,BLOCK_AND_ISOLATE,CRITICAL
3198,0.9045856888748244,High,BLOCK_AND_ISOLATE,CRITICAL
3199,0.8962558496327709,High,BLOCK_AND_ISOLATE,CRITICAL
3200,0.9031927219044984,High,BLOCK_AND_ISOLATE,CRITICAL
3201,0.8639728857661342,High,BLOCK_AND_ISOLATE,CRITICAL
3202,0.9199225358045794,High,BLOCK_AND_ISOLATE,CRITICAL
3203,0.9051113693167756,High,BLOCK_AND_ISOLATE,CRITICAL
3204,0.9234982442738066,High,BLOCK_AND_ISOLATE,CRITICAL
3205,0.8966454111587514,High,BLOCK_AND_ISOLATE,CRITICAL
3206,0.8955009879547696,High,BLOCK_AND_ISOLATE,CRITICAL
3207,0.8916922392717608,High,BLOCK_AND_ISOLATE,CRITICAL
3208,0.9012927975987538,High,BLOCK_AND_ISOLATE,CRITICAL
3209,0.7613544928243733,High,BLOCK_AND_ISOLATE,CRITICAL
3210,0.8962558496327709,High,BLOCK_AND_ISOLATE,CRITICAL
3211,0.8980145115152736,High,BLOCK_AND_ISOLATE,CRITICAL
3212,0.9282399320440504,High,BLOCK_AND_ISOLATE,CRITICAL
3213,0.9158162419795236,High,BLOCK_AND_ISOLATE,CRITICAL
3214,0.9061055742243002,High,BLOCK_AND_ISOLATE,CRITICAL
3215,0.911157246615047,High,BLOCK_AND_ISOLATE,CRITICAL
3216,0.9159990850156844,High,BLOCK_AND_ISOLATE,CRITICAL
3217,0.8954746679650673,High,BLOCK_AND_ISOLATE,CRITICAL
3218,0.9083970836118588,High,BLOCK_AND_ISOLATE,CRITICAL
3219,0.7954200736983146,High,BLOCK_AND_ISOLATE,CRITICAL
3220,0.8969108379784937,High,BLOCK_AND_ISOLATE,CRITICAL
3221,0.8962558496327709,High,BLOCK_AND_ISOLATE,CRITICAL
3222,0.8962669499102898,High,BLOCK_AND_ISOLATE,CRITICAL
3223,0.9325672507286072,High,BLOCK_AND_ISOLATE,CRITICAL
3224,0.9060736427087194,High,BLOCK_AND_ISOLATE,CRITICAL
3225,0.8981762553207432,High,BLOCK_AND_ISOLATE,CRITICAL
3226,0.9060663236813072,High,BLOCK_AND_ISOLATE,CRITICAL
3227,0.8925230413736344,High,BLOCK_AND_ISOLATE,CRITICAL
3228,0.9227761823104436,High,BLOCK_AND_ISOLATE,CRITICAL
3229,0.906186047767101,High,BLOCK_AND_ISOLATE,CRITICAL
3230,0.9260619527667532,High,BLOCK_AND_ISOLATE,CRITICAL
3231,0.9062972733119372,High,BLOCK_AND_ISOLATE,CRITICAL
3232,0.9025528411290304,High,BLOCK_AND_ISOLATE,CRITICAL
3233,0.8954746679650673,High,BLOCK_AND_ISOLATE,CRITICAL
3234,0.9185699825908408,High,BLOCK_AND_ISOLATE,CRITICAL
3235,0.8998210963865428,High,BLOCK_AND_ISOLATE,CRITICAL
3236,0.9181492901783342,High,BLOCK_AND_ISOLATE,CRITICAL
3237,0.8578733076546768,High,BLOCK_AND_ISOLATE,CRITICAL
3238,0.927842129576869,High,BLOCK_AND_ISOLATE,CRITICAL
3239,0.90845542677466,High,BLOCK_AND_ISOLATE,CRITICAL
3240,0.9308998772008436,High,BLOCK_AND_ISOLATE,CRITICAL
3241,0.905772564871245,High,BLOCK_AND_ISOLATE,CRITICAL
3242,0.903508320565137,High,BLOCK_AND_ISOLATE,CRITICAL
3243,0.9263131940044468,High,BLOCK_AND_ISOLATE,CRITICAL
3244,0.9010094352677884,High,BLOCK_AND_ISOLATE,CRITICAL
3245,0.8982358817095969,High,BLOCK_AND_ISOLATE,CRITICAL
3246,0.9038134928617676,High,BLOCK_AND_ISOLATE,CRITICAL
3247,0.9156084899596176,High,BLOCK_AND_ISOLATE,CRITICAL
3248,0.9049378656854492,High,BLOCK_AND_ISOLATE,CRITICAL
3249,0.9240432537529716,High,BLOCK_AND_ISOLATE,CRITICAL
3250,0.9263392197460052,High,BLOCK_AND_ISOLATE,CRITICAL
3251,0.8969399993167035,High,BLOCK_AND_ISOLATE,CRITICAL
3252,0.8962558496327709,High,BLOCK_AND_ISOLATE,CRITICAL
3253,0.925932839739336,High,BLOCK_AND_ISOLATE,CRITICAL
3254,0.9059287934003728,High,BLOCK_AND_ISOLATE,CRITICAL
3255,0.8945411981907787,High,BLOCK_AND_ISOLATE,CRITICAL
3256,0.8901444284325083,High,BLOCK_AND_ISOLATE,CRITICAL
3257,0.9041769360713424,High,BLOCK_AND_ISOLATE,CRITICAL
3258,0.903282412762245,High,BLOCK_AND_ISOLATE,CRITICAL
3259,0.9039105109807658,High,BLOCK_AND_ISOLATE,CRITICAL
3260,0.9059204019383232,High,BLOCK_AND_ISOLATE,CRITICAL
3261,0.928215305578029,High,BLOCK_AND_ISOLATE,CRITICAL
3262,0.8960762262353007,High,BLOCK_AND_ISOLATE,CRITICAL
3263,0.9239993601003692,High,BLOCK_AND_ISOLATE,CRITICAL
3264,0.9130004850218406,High,BLOCK_AND_ISOLATE,CRITICAL
3265,0.9248026153901876,High,BLOCK_AND_ISOLATE,CRITICAL
3266,0.921616738966514,High,BLOCK_AND_ISOLATE,CRITICAL
3267,0.8962536144585919,High,BLOCK_AND_ISOLATE,CRITICAL
3268,0.8956432762015248,High,BLOCK_AND_ISOLATE,CRITICAL
3269,0.9257319091878148,High,BLOCK_AND_ISOLATE,CRITICAL
3270,0.9062621424439848,High,BLOCK_AND_ISOLATE,CRITICAL
3271,0.8944864603441351,High,BLOCK_AND_ISOLATE,CRITICAL
3272,0.9325460016727448,High,BLOCK_AND_ISOLATE,CRITICAL
3273,0.8963494740619115,High,BLOCK_AND_ISOLATE,CRITICAL
3274,0.9012843766513906,High,BLOCK_AND_ISOLATE,CRITICAL
3275,0.9257490543305744,High,BLOCK_AND_ISOLATE,CRITICAL
3276,0.8971192796185962,High,BLOCK_AND_ISOLATE,CRITICAL
3277,0.9197085881144976,High,BLOCK_AND_ISOLATE,CRITICAL
3278,0.9057726542782122,High,BLOCK_AND_ISOLATE,CRITICAL
3279,0.914382166644274,High,BLOCK_AND_ISOLATE,CRITICAL
3280,0.8235203466806894,High,BLOCK_AND_ISOLATE,CRITICAL
3281,0.9243963689011646,High,BLOCK_AND_ISOLATE,CRITICAL
3282,0.9038942091104196,High,BLOCK_AND_ISOLATE,CRITICAL
3283,0.8979117038683125,High,BLOCK_AND_ISOLATE,CRITICAL
3284,0.9243948489827228,High,BLOCK_AND_ISOLATE,CRITICAL
3285,0.9039105109807658,High,BLOCK_AND_ISOLATE,CRITICAL
3286,0.9066187567187356,High,BLOCK_AND_ISOLATE,CRITICAL
3287,0.8933986020543637,High,BLOCK_AND_ISOLATE,CRITICAL
3288,0.9117834337971756,High,BLOCK_AND_ISOLATE,CRITICAL
3289,0.903760325938939,High,BLOCK_AND_ISOLATE,CRITICAL
3290,0.8970450968754883,High,BLOCK_AND_ISOLATE,CRITICAL
3291,0.9037047087014648,High,BLOCK_AND_ISOLATE,CRITICAL
3292,0.9105139390296554,High,BLOCK_AND_ISOLATE,CRITICAL
3293,0.8937599549823713,High,BLOCK_AND_ISOLATE,CRITICAL
3294,0.9248466896423028,High,BLOCK_AND_ISOLATE,CRITICAL
3295,0.9325646579265594,High,BLOCK_AND_ISOLATE,CRITICAL
3296,0.9156630188826528,High,BLOCK_AND_ISOLATE,CRITICAL
3297,0.9046540296899612,High,BLOCK_AND_ISOLATE,CRITICAL
3298,0.910828514806836,High,BLOCK_AND_ISOLATE,CRITICAL
3299,0.9061099551656911,High,BLOCK_AND_ISOLATE,CRITICAL
3300,0.9230759205053316,High,BLOCK_AND_ISOLATE,CRITICAL
3301,0.8962482877769105,High,BLOCK_AND_ISOLATE,CRITICAL
3302,0.8960762262353007,High,BLOCK_AND_ISOLATE,CRITICAL
3303,0.8963422989401597,High,BLOCK_AND_ISOLATE,CRITICAL
3304,0.915577319106718,High,BLOCK_AND_ISOLATE,CRITICAL
3305,0.926065856870986,High,BLOCK_AND_ISOLATE,CRITICAL
3306,0.9263366865486024,High,BLOCK_AND_ISOLATE,CRITICAL
3307,0.8971251208737842,High,BLOCK_AND_ISOLATE,CRITICAL
3308,0.8918324065547542,High,BLOCK_AND_ISOLATE,CRITICAL
3309,0.9324771583080292,High,BLOCK_AND_ISOLATE,CRITICAL
3310,0.9325178980827332,High,BLOCK_AND_ISOLATE,CRITICAL
3311,0.9325460016727448,High,BLOCK_AND_ISOLATE,CRITICAL
3312,0.9240432537529716,High,BLOCK_AND_ISOLATE,CRITICAL
3313,0.8922901356995326,High,BLOCK_AND_ISOLATE,CRITICAL
3314,0.9158576002913656,High,BLOCK_AND_ISOLATE,CRITICAL
3315,0.8954094011210885,High,BLOCK_AND_ISOLATE,CRITICAL
3316,0.9146555254625456,High,BLOCK_AND_ISOLATE,CRITICAL
3317,0.9036325322592912,High,BLOCK_AND_ISOLATE,CRITICAL
3318,0.9060736427087194,High,BLOCK_AND_ISOLATE,CRITICAL
3319,0.8968973960955542,High,BLOCK_AND_ISOLATE,CRITICAL
3320,0.8961917048941993,High,BLOCK_AND_ISOLATE,CRITICAL
3321,0.9160402954666228,High,BLOCK_AND_ISOLATE,CRITICAL
3322,0.9248452591308282,High,BLOCK_AND_ISOLATE,CRITICAL
3323,0.9025114392998708,High,BLOCK_AND_ISOLATE,CRITICAL
3324,0.919267242699314,High,BLOCK_AND_ISOLATE,CRITICAL
3325,0.8996939946419044,High,BLOCK_AND_ISOLATE,CRITICAL
3326,0.9235023867966184,High,BLOCK_AND_ISOLATE,CRITICAL
3327,0.9313772792129816,High,BLOCK_AND_ISOLATE,CRITICAL
3328,0.9052792410306498,High,BLOCK_AND_ISOLATE,CRITICAL
3329,0.8635419428045356,High,BLOCK_AND_ISOLATE,CRITICAL
3330,0.9033804695976876,High,BLOCK_AND_ISOLATE,CRITICAL
3331,0.9235023867966184,High,BLOCK_AND_ISOLATE,CRITICAL
3332,0.7775155952882659,High,BLOCK_AND_ISOLATE,CRITICAL
3333,0.9062621424439848,High,BLOCK_AND_ISOLATE,CRITICAL
3334,0.9325655817985534,High,BLOCK_AND_ISOLATE,CRITICAL
3335,0.9187375359705108,High,BLOCK_AND_ISOLATE,CRITICAL
3336,0.9252012827765136,High,BLOCK_AND_ISOLATE,CRITICAL
3337,0.8940261374293934,High,BLOCK_AND_ISOLATE,CRITICAL
3338,0.8941715194281216,High,BLOCK_AND_ISOLATE,CRITICAL
3339,0.8954104144000496,High,BLOCK_AND_ISOLATE,CRITICAL
3340,0.9039105109807658,High,BLOCK_AND_ISOLATE,CRITICAL
3341,0.9019720940612306,High,BLOCK_AND_ISOLATE,CRITICAL
3342,0.9186095550545008,High,BLOCK_AND_ISOLATE,CRITICAL
3343,0.9234992277504454,High,BLOCK_AND_ISOLATE,CRITICAL
3344,0.9010205515340391,High,BLOCK_AND_ISOLATE,CRITICAL
3345,0.9258885206911543,High,BLOCK_AND_ISOLATE,CRITICAL
3346,0.9186128929146083,High,BLOCK_AND_ISOLATE,CRITICAL
3347,0.926082827636632,High,BLOCK_AND_ISOLATE,CRITICAL
3348,0.9235023867966184,High,BLOCK_AND_ISOLATE,CRITICAL
3349,0.8924442205957527,High,BLOCK_AND_ISOLATE,CRITICAL
3350,0.9226314454033402,High,BLOCK_AND_ISOLATE,CRITICAL
3351,0.8955707939209975,High,BLOCK_AND_ISOLATE,CRITICAL
3352,0.9243963689011646,High,BLOCK_AND_ISOLATE,CRITICAL
3353,0.920375122640394,High,BLOCK_AND_ISOLATE,CRITICAL
3354,0.9025552551171436,High,BLOCK_AND_ISOLATE,CRITICAL
3355,0.9077037922832164,High,BLOCK_AND_ISOLATE,CRITICAL
3356,0.8960762262353007,High,BLOCK_AND_ISOLATE,CRITICAL
3357,0.9186949256416096,High,BLOCK_AND_ISOLATE,CRITICAL
3358,0.9235023867966184,High,BLOCK_AND_ISOLATE,CRITICAL
3359,0.9032732336469496,High,BLOCK_AND_ISOLATE,CRITICAL
3360,0.8971192796185962,High,BLOCK_AND_ISOLATE,CRITICAL
3361,0.9039105109807658,High,BLOCK_AND_ISOLATE,CRITICAL
3362,0.9234511353502524,High,BLOCK_AND_ISOLATE,CRITICAL
3363,0.8977183425632399,High,BLOCK_AND_ISOLATE,CRITICAL
3364,0.8966123646502825,High,BLOCK_AND_ISOLATE,CRITICAL
3365,0.8947273955372984,High,BLOCK_AND_ISOLATE,CRITICAL
3366,0.9212891609040902,High,BLOCK_AND_ISOLATE,CRITICAL
3367,0.926065856870986,High,BLOCK_AND_ISOLATE,CRITICAL
3368,0.9243963689011646,High,BLOCK_AND_ISOLATE,CRITICAL
3369,0.9249038357586756,High,BLOCK_AND_ISOLATE,CRITICAL
3370,0.894037189118979,High,BLOCK_AND_ISOLATE,CRITICAL
3371,0.8955009879547696,High,BLOCK_AND_ISOLATE,CRITICAL
3372,0.9230545813641848,High,BLOCK_AND_ISOLATE,CRITICAL
3373,0.9258885206911543,High,BLOCK_AND_ISOLATE,CRITICAL
3374,0.928215305578029,High,BLOCK_AND_ISOLATE,CRITICAL
3375,0.9231598057912322,High,BLOCK_AND_ISOLATE,CRITICAL
3376,0.9185720996053364,High,BLOCK_AND_ISOLATE,CRITICAL
3377,0.9162651783555836,High,BLOCK_AND_ISOLATE,CRITICAL
3378,0.8955043556171994,High,BLOCK_AND_ISOLATE,CRITICAL
3379,0.6793677166579221,Medium,MONITOR_AND_LOG,WARNING
3380,0.8971251208737842,High,BLOCK_AND_ISOLATE,CRITICAL
3381,0.8965422915756142,High,BLOCK_AND_ISOLATE,CRITICAL
3382,0.9240386939976462,High,BLOCK_AND_ISOLATE,CRITICAL
3383,0.9217670868844484,High,BLOCK_AND_ISOLATE,CRITICAL
3384,0.8953124101122863,High,BLOCK_AND_ISOLATE,CRITICAL
3385,0.9242714349056936,High,BLOCK_AND_ISOLATE,CRITICAL
3386,0.9058863861778028,High,BLOCK_AND_ISOLATE,CRITICAL
3387,0.9015353100776874,High,BLOCK_AND_ISOLATE,CRITICAL
3388,0.9206271068637772,High,BLOCK_AND_ISOLATE,CRITICAL
3389,0.9039105109807658,High,BLOCK_AND_ISOLATE,CRITICAL
3390,0.9248457359679864,High,BLOCK_AND_ISOLATE,CRITICAL
3391,0.8934573265434022,High,BLOCK_AND_ISOLATE,CRITICAL
3392,0.9101480607954991,High,BLOCK_AND_ISOLATE,CRITICAL
3393,0.896545510226432,High,BLOCK_AND_ISOLATE,CRITICAL
3394,0.9039105109807658,High,BLOCK_AND_ISOLATE,CRITICAL
3395,0.8962558496327709,High,BLOCK_AND_ISOLATE,CRITICAL
3396,0.9062621424439848,High,BLOCK_AND_ISOLATE,CRITICAL
3397,0.8956877320234552,High,BLOCK_AND_ISOLATE,CRITICAL
3398,0.9149982492906412,High,BLOCK_AND_ISOLATE,CRITICAL
3399,0.9232919686033204,High,BLOCK_AND_ISOLATE,CRITICAL
3400,0.919586980895658,High,BLOCK_AND_ISOLATE,CRITICAL
3401,0.9233049411990988,High,BLOCK_AND_ISOLATE,CRITICAL
3402,0.8958539866402232,High,BLOCK_AND_ISOLATE,CRITICAL
3403,0.9202193711166536,High,BLOCK_AND_ISOLATE,CRITICAL
3404,0.8980142134920497,High,BLOCK_AND_ISOLATE,CRITICAL
3405,0.9054471175118418,High,BLOCK_AND_ISOLATE,CRITICAL
3406,0.894348459008439,High,BLOCK_AND_ISOLATE,CRITICAL
3407,0.908139476762209,High,BLOCK_AND_ISOLATE,CRITICAL
3408,0.8888808244426198,High,BLOCK_AND_ISOLATE,CRITICAL
3409,0.9091558533994164,High,BLOCK_AND_ISOLATE,CRITICAL
3410,0.9008290207409716,High,BLOCK_AND_ISOLATE,CRITICAL
3411,0.8962558496327709,High,BLOCK_AND_ISOLATE,CRITICAL
3412,0.9233049411990988,High,BLOCK_AND_ISOLATE,CRITICAL
3413,0.8969118214551325,High,BLOCK_AND_ISOLATE,CRITICAL
3414,0.9277778249089048,High,BLOCK_AND_ISOLATE,CRITICAL
3415,0.9235023867966184,High,BLOCK_AND_ISOLATE,CRITICAL
3416,0.9226440139889096,High,BLOCK_AND_ISOLATE,CRITICAL
3417,0.9242824949267932,High,BLOCK_AND_ISOLATE,CRITICAL
3418,0.8980078279365121,High,BLOCK_AND_ISOLATE,CRITICAL
3419,0.9062552283051908,High,BLOCK_AND_ISOLATE,CRITICAL
3420,0.9239953963914918,High,BLOCK_AND_ISOLATE,CRITICAL
3421,0.9059316255674582,High,BLOCK_AND_ISOLATE,CRITICAL
3422,0.9162833603802232,High,BLOCK_AND_ISOLATE,CRITICAL
3423,0.9005269682368716,High,BLOCK_AND_ISOLATE,CRITICAL
3424,0.915438779317883,High,BLOCK_AND_ISOLATE,CRITICAL
3425,0.9235023867966184,High,BLOCK_AND_ISOLATE,CRITICAL
3426,0.6085604125822952,Medium,MONITOR_AND_LOG,WARNING
3427,0.8960703596596734,High,BLOCK_AND_ISOLATE,CRITICAL
3428,0.9033951856246346,High,BLOCK_AND_ISOLATE,CRITICAL
3429,0.9031141078967918,High,BLOCK_AND_ISOLATE,CRITICAL
3430,0.897446622828679,High,BLOCK_AND_ISOLATE,CRITICAL
3431,0.9229968778499312,High,BLOCK_AND_ISOLATE,CRITICAL
3432,0.9060663236813072,High,BLOCK_AND_ISOLATE,CRITICAL
3433,0.906186047767101,High,BLOCK_AND_ISOLATE,CRITICAL
3434,0.9240427769158132,High,BLOCK_AND_ISOLATE,CRITICAL
3435,0.9137187661199858,High,BLOCK_AND_ISOLATE,CRITICAL
3436,0.905929657667722,High,BLOCK_AND_ISOLATE,CRITICAL
3437,0.7318607900268946,High,BLOCK_AND_ISOLATE,CRITICAL
3438,0.8962558496327709,High,BLOCK_AND_ISOLATE,CRITICAL
3439,0.9062924941136866,High,BLOCK_AND_ISOLATE,CRITICAL
3440,0.9062552283051908,High,BLOCK_AND_ISOLATE,CRITICAL
3441,0.921754451682964,High,BLOCK_AND_ISOLATE,CRITICAL
3442,0.8986460466306762,High,BLOCK_AND_ISOLATE,CRITICAL
3443,0.9322739660739898,High,BLOCK_AND_ISOLATE,CRITICAL
3444,0.923501045692111,High,BLOCK_AND_ISOLATE,CRITICAL
3445,0.9026733750785886,High,BLOCK_AND_ISOLATE,CRITICAL
3446,0.8975286121158924,High,BLOCK_AND_ISOLATE,CRITICAL
3447,0.9033951856246346,High,BLOCK_AND_ISOLATE,CRITICAL
3448,0.9096308800068956,High,BLOCK_AND_ISOLATE,CRITICAL
3449,0.9089449790448096,High,BLOCK_AND_ISOLATE,CRITICAL
3450,0.9039105109807658,High,BLOCK_AND_ISOLATE,CRITICAL
3451,0.9248462128051446,High,BLOCK_AND_ISOLATE,CRITICAL
3452,0.9039105109807658,High,BLOCK_AND_ISOLATE,CRITICAL
3453,0.9048784899897864,High,BLOCK_AND_ISOLATE,CRITICAL
3454,0.9066118425799418,High,BLOCK_AND_ISOLATE,CRITICAL
3455,0.896541814738456,High,BLOCK_AND_ISOLATE,CRITICAL
3456,0.8971251208737842,High,BLOCK_AND_ISOLATE,CRITICAL
3457,0.8954978121216315,High,BLOCK_AND_ISOLATE,CRITICAL
3458,0.9229862002290308,High,BLOCK_AND_ISOLATE,CRITICAL
3459,0.8955009879547696,High,BLOCK_AND_ISOLATE,CRITICAL
3460,0.8804996287855348,High,BLOCK_AND_ISOLATE,CRITICAL
3461,0.9235023867966184,High,BLOCK_AND_ISOLATE,CRITICAL
3462,0.9061835443720204,High,BLOCK_AND_ISOLATE,CRITICAL
3463,0.9038942091104196,High,BLOCK_AND_ISOLATE,CRITICAL
3464,0.9150017906823412,High,BLOCK_AND_ISOLATE,CRITICAL
3465,0.9039105109807658,High,BLOCK_AND_ISOLATE,CRITICAL
3466,0.9059194652277036,High,BLOCK_AND_ISOLATE,CRITICAL
3467,0.916167615324274,High,BLOCK_AND_ISOLATE,CRITICAL
3468,0.9062621424439848,High,BLOCK_AND_ISOLATE,CRITICAL
3469,0.922064797910922,High,BLOCK_AND_ISOLATE,CRITICAL
3470,0.8991708239107891,High,BLOCK_AND_ISOLATE,CRITICAL
3471,0.9188916802406312,High,BLOCK_AND_ISOLATE,CRITICAL
3472,0.8927819625256158,High,BLOCK_AND_ISOLATE,CRITICAL
3473,0.8971236307576648,High,BLOCK_AND_ISOLATE,CRITICAL
3474,0.9028324887200604,High,BLOCK_AND_ISOLATE,CRITICAL
3475,0.8971236307576648,High,BLOCK_AND_ISOLATE,CRITICAL
3476,0.9059204019383232,High,BLOCK_AND_ISOLATE,CRITICAL
3477,0.9060736427087194,High,BLOCK_AND_ISOLATE,CRITICAL
3478,0.9163261409877668,High,BLOCK_AND_ISOLATE,CRITICAL
3479,0.9325325159541116,High,BLOCK_AND_ISOLATE,CRITICAL
3480,0.9039105109807658,High,BLOCK_AND_ISOLATE,CRITICAL
3481,0.9282161996477006,High,BLOCK_AND_ISOLATE,CRITICAL
3482,0.9062599072698058,High,BLOCK_AND_ISOLATE,CRITICAL
3483,0.9235023867966184,High,BLOCK_AND_ISOLATE,CRITICAL
3484,0.9007518761752468,High,BLOCK_AND_ISOLATE,CRITICAL
3485,0.9260164712345132,High,BLOCK_AND_ISOLATE,CRITICAL
3486,0.8961156894439609,High,BLOCK_AND_ISOLATE,CRITICAL
3487,0.9234982442738066,High,BLOCK_AND_ISOLATE,CRITICAL
3488,0.9059287934003728,High,BLOCK_AND_ISOLATE,CRITICAL
3489,0.9167832506628968,High,BLOCK_AND_ISOLATE,CRITICAL
3490,0.922287796479812,High,BLOCK_AND_ISOLATE,CRITICAL
3491,0.8772993145927627,High,BLOCK_AND_ISOLATE,CRITICAL
3492,0.8949500284201637,High,BLOCK_AND_ISOLATE,CRITICAL
3493,0.8944817434674319,High,BLOCK_AND_ISOLATE,CRITICAL
3494,0.9062621424439848,High,BLOCK_AND_ISOLATE,CRITICAL
3495,0.9256433716963492,High,BLOCK_AND_ISOLATE,CRITICAL
3496,0.9110035656794576,High,BLOCK_AND_ISOLATE,CRITICAL
3497,0.8971251208737842,High,BLOCK_AND_ISOLATE,CRITICAL
3498,0.8473693011026869,High,BLOCK_AND_ISOLATE,CRITICAL
3499,0.8979711219032734,High,BLOCK_AND_ISOLATE,CRITICAL
3500,0.9239554763459326,High,BLOCK_AND_ISOLATE,CRITICAL
3501,0.9057729224991136,High,BLOCK_AND_ISOLATE,CRITICAL
3502,0.9105197802848434,High,BLOCK_AND_ISOLATE,CRITICAL
3503,0.8965590494528218,High,BLOCK_AND_ISOLATE,CRITICAL
3504,0.8960088267044318,High,BLOCK_AND_ISOLATE,CRITICAL
3505,0.9243958920640064,High,BLOCK_AND_ISOLATE,CRITICAL
3506,0.8973707480737433,High,BLOCK_AND_ISOLATE,CRITICAL
3507,0.9325215935707092,High,BLOCK_AND_ISOLATE,CRITICAL
3508,0.9239554763459326,High,BLOCK_AND_ISOLATE,CRITICAL
3509,0.9265100575159328,High,BLOCK_AND_ISOLATE,CRITICAL
3510,0.8955009879547696,High,BLOCK_AND_ISOLATE,CRITICAL
3511,0.9021825497960396,High,BLOCK_AND_ISOLATE,CRITICAL
3512,0.9058685390653838,High,BLOCK_AND_ISOLATE,CRITICAL
3513,0.8998363057413398,High,BLOCK_AND_ISOLATE,CRITICAL
3514,0.8940039890014535,High,BLOCK_AND_ISOLATE,CRITICAL
3515,0.905929657667722,High,BLOCK_AND_ISOLATE,CRITICAL
3516,0.9027934516311976,High,BLOCK_AND_ISOLATE,CRITICAL
3517,0.8990561009400183,High,BLOCK_AND_ISOLATE,CRITICAL
3518,0.9098463404560586,High,BLOCK_AND_ISOLATE,CRITICAL
3519,0.9062621424439848,High,BLOCK_AND_ISOLATE,CRITICAL
3520,0.918104217192022,High,BLOCK_AND_ISOLATE,CRITICAL
3521,0.9325023412704468,High,BLOCK_AND_ISOLATE,CRITICAL
3522,0.8965388947015479,High,BLOCK_AND_ISOLATE,CRITICAL
3523,0.9229638864460497,High,BLOCK_AND_ISOLATE,CRITICAL
3524,0.6879770475754824,Medium,MONITOR_AND_LOG,WARNING
3525,0.8960762262353007,High,BLOCK_AND_ISOLATE,CRITICAL
3526,0.8967235290803147,High,BLOCK_AND_ISOLATE,CRITICAL
3527,0.8923738547118479,High,BLOCK_AND_ISOLATE,CRITICAL
3528,0.9155296255052966,High,BLOCK_AND_ISOLATE,CRITICAL
3529,0.9187375359705108,High,BLOCK_AND_ISOLATE,CRITICAL
3530,0.9292610997090036,High,BLOCK_AND_ISOLATE,CRITICAL
3531,0.9150267631162444,High,BLOCK_AND_ISOLATE,CRITICAL
3532,0.91921430212611,High,BLOCK_AND_ISOLATE,CRITICAL
3533,0.9064705393459576,High,BLOCK_AND_ISOLATE,CRITICAL
3534,0.8971207101300708,High,BLOCK_AND_ISOLATE,CRITICAL
3535,0.9058000791972506,High,BLOCK_AND_ISOLATE,CRITICAL
3536,0.8965078208410797,High,BLOCK_AND_ISOLATE,CRITICAL
3537,0.9247890970108807,High,BLOCK_AND_ISOLATE,CRITICAL
3538,0.9206733475598098,High,BLOCK_AND_ISOLATE,CRITICAL
3539,0.8962558496327709,High,BLOCK_AND_ISOLATE,CRITICAL
3540,0.9038942091104196,High,BLOCK_AND_ISOLATE,CRITICAL
3541,0.9052514319419532,High,BLOCK_AND_ISOLATE,CRITICAL
3542,0.8815259929567986,High,BLOCK_AND_ISOLATE,CRITICAL
3543,0.8932142415074994,High,BLOCK_AND_ISOLATE,CRITICAL
3544,0.8826741079329298,High,BLOCK_AND_ISOLATE,CRITICAL
3545,0.9208874085467564,High,BLOCK_AND_ISOLATE,CRITICAL
3546,0.9239953963914918,High,BLOCK_AND_ISOLATE,CRITICAL
3547,0.9062552283051908,High,BLOCK_AND_ISOLATE,CRITICAL
3548,0.9060736427087194,High,BLOCK_AND_ISOLATE,CRITICAL
3549,0.8946125823325718,High,BLOCK_AND_ISOLATE,CRITICAL
3550,0.8981984173269018,High,BLOCK_AND_ISOLATE,CRITICAL
3551,0.896541814738456,High,BLOCK_AND_ISOLATE,CRITICAL
3552,0.9325460016727448,High,BLOCK_AND_ISOLATE,CRITICAL
3553,0.9062599072698058,High,BLOCK_AND_ISOLATE,CRITICAL
3554,0.8955009879547696,High,BLOCK_AND_ISOLATE,CRITICAL
3555,0.9231632915327688,High,BLOCK_AND_ISOLATE,CRITICAL
3556,0.9212372256117852,High,BLOCK_AND_ISOLATE,CRITICAL
3557,0.9235023867966184,High,BLOCK_AND_ISOLATE,CRITICAL
3558,0.8936873564068138,High,BLOCK_AND_ISOLATE,CRITICAL
3559,0.9244352730700628,High,BLOCK_AND_ISOLATE,CRITICAL
3560,0.9224420210561912,High,BLOCK_AND_ISOLATE,CRITICAL
3561,0.9039105109807658,High,BLOCK_AND_ISOLATE,CRITICAL
3562,0.9160016182130872,High,BLOCK_AND_ISOLATE,CRITICAL
3563,0.8971251208737842,High,BLOCK_AND_ISOLATE,CRITICAL
3564,0.8981762553207432,High,BLOCK_AND_ISOLATE,CRITICAL
3565,0.9090914288093752,High,BLOCK_AND_ISOLATE,CRITICAL
3566,0.9059233693319364,High,BLOCK_AND_ISOLATE,CRITICAL
3567,0.9294099236993776,High,BLOCK_AND_ISOLATE,CRITICAL
3568,0.9160006943410932,High,BLOCK_AND_ISOLATE,CRITICAL
3569,0.8971216340020648,High,BLOCK_AND_ISOLATE,CRITICAL
3570,0.8961615202135922,High,BLOCK_AND_ISOLATE,CRITICAL
3571,0.9010257371381346,High,BLOCK_AND_ISOLATE,CRITICAL
3572,0.8964836726858599,High,BLOCK_AND_ISOLATE,CRITICAL
3573,0.8971251208737842,High,BLOCK_AND_ISOLATE,CRITICAL
3574,0.9255965792688852,High,BLOCK_AND_ISOLATE,CRITICAL
3575,0.8956023861321505,High,BLOCK_AND_ISOLATE,CRITICAL
3576,0.9067353484549832,High,BLOCK_AND_ISOLATE,CRITICAL
3577,0.9231539890107924,High,BLOCK_AND_ISOLATE,CRITICAL
3578,0.8971192796185962,High,BLOCK_AND_ISOLATE,CRITICAL
3579,0.9038942091104196,High,BLOCK_AND_ISOLATE,CRITICAL
3580,0.8968973960955542,High,BLOCK_AND_ISOLATE,CRITICAL
3581,0.9060663236813072,High,BLOCK_AND_ISOLATE,CRITICAL
3582,0.8995575987577905,High,BLOCK_AND_ISOLATE,CRITICAL
3583,0.9238474988604236,High,BLOCK_AND_ISOLATE,CRITICAL
3584,0.8956773518491646,High,BLOCK_AND_ISOLATE,CRITICAL
3585,0.9079326487616772,High,BLOCK_AND_ISOLATE,CRITICAL
3586,0.8938802787853278,High,BLOCK_AND_ISOLATE,CRITICAL
3587,0.9037230599473492,High,BLOCK_AND_ISOLATE,CRITICAL
3588,0.9277972374958052,High,BLOCK_AND_ISOLATE,CRITICAL
3589,0.8962536144585919,High,BLOCK_AND_ISOLATE,CRITICAL
3590,0.8833728140943417,High,BLOCK_AND_ISOLATE,CRITICAL
3591,0.9062792987461415,High,BLOCK_AND_ISOLATE,CRITICAL
3592,0.9235023867966184,High,BLOCK_AND_ISOLATE,CRITICAL
3593,0.8960738465313928,High,BLOCK_AND_ISOLATE,CRITICAL
3594,0.9059287934003728,High,BLOCK_AND_ISOLATE,CRITICAL
3595,0.925687635450144,High,BLOCK_AND_ISOLATE,CRITICAL
3596,0.9248462128051446,High,BLOCK_AND_ISOLATE,CRITICAL
3597,0.902800246560702,High,BLOCK_AND_ISOLATE,CRITICAL
3598,0.9160819410762844,High,BLOCK_AND_ISOLATE,CRITICAL
3599,0.8954978121216315,High,BLOCK_AND_ISOLATE,CRITICAL
3600,0.9057719688247972,High,BLOCK_AND_ISOLATE,CRITICAL
3601,0.8970685779641605,High,BLOCK_AND_ISOLATE,CRITICAL
3602,0.9054143813387212,High,BLOCK_AND_ISOLATE,CRITICAL
3603,0.915934613048788,High,BLOCK_AND_ISOLATE,CRITICAL
3604,0.8991288742958566,High,BLOCK_AND_ISOLATE,CRITICAL
3605,0.8936009529718096,High,BLOCK_AND_ISOLATE,CRITICAL
3606,0.9243943721455646,High,BLOCK_AND_ISOLATE,CRITICAL
3607,0.8969955391942155,High,BLOCK_AND_ISOLATE,CRITICAL
3608,0.9243234826158984,High,BLOCK_AND_ISOLATE,CRITICAL
3609,0.8992254394479845,High,BLOCK_AND_ISOLATE,CRITICAL
3610,0.895234396399669,High,BLOCK_AND_ISOLATE,CRITICAL
3611,0.924039290044094,High,BLOCK_AND_ISOLATE,CRITICAL
3612,0.9038942091104196,High,BLOCK_AND_ISOLATE,CRITICAL
3613,0.9154029071620248,High,BLOCK_AND_ISOLATE,CRITICAL
3614,0.8962558496327709,High,BLOCK_AND_ISOLATE,CRITICAL
3615,0.903403324715007,High,BLOCK_AND_ISOLATE,CRITICAL
3616,0.908648773666501,High,BLOCK_AND_ISOLATE,CRITICAL
3617,0.9279317877435244,High,BLOCK_AND_ISOLATE,CRITICAL
3618,0.9059939752804376,High,BLOCK_AND_ISOLATE,CRITICAL
3619,0.8925034742055039,High,BLOCK_AND_ISOLATE,CRITICAL
3620,0.9258442116370664,High,BLOCK_AND_ISOLATE,CRITICAL
3621,0.9059316255674582,High,BLOCK_AND_ISOLATE,CRITICAL
3622,0.8935499996075613,High,BLOCK_AND_ISOLATE,CRITICAL
3623,0.9035077216424064,High,BLOCK_AND_ISOLATE,CRITICAL
3624,0.8971192796185962,High,BLOCK_AND_ISOLATE,CRITICAL
3625,0.9105197802848434,High,BLOCK_AND_ISOLATE,CRITICAL
3626,0.9231598057912322,High,BLOCK_AND_ISOLATE,CRITICAL
3627,0.9248457359679864,High,BLOCK_AND_ISOLATE,CRITICAL
3628,0.8956457588342283,High,BLOCK_AND_ISOLATE,CRITICAL
3629,0.8975846204516843,High,BLOCK_AND_ISOLATE,CRITICAL
3630,0.9046822034840348,High,BLOCK_AND_ISOLATE,CRITICAL
3631,0.9063722979156568,High,BLOCK_AND_ISOLATE,CRITICAL
3632,0.9260164712345132,High,BLOCK_AND_ISOLATE,CRITICAL
3633,0.8489225429852935,High,BLOCK_AND_ISOLATE,CRITICAL
3634,0.9187166719954852,High,BLOCK_AND_ISOLATE,CRITICAL
3635,0.9096377941456896,High,BLOCK_AND_ISOLATE,CRITICAL
3636,0.8971251208737842,High,BLOCK_AND_ISOLATE,CRITICAL
3637,0.8950755536551896,High,BLOCK_AND_ISOLATE,CRITICAL
3638,0.9087382206728336,High,BLOCK_AND_ISOLATE,CRITICAL
3639,0.8155541540932864,High,BLOCK_AND_ISOLATE,CRITICAL
3640,0.9037230599473492,High,BLOCK_AND_ISOLATE,CRITICAL
3641,0.8986420531194762,High,BLOCK_AND_ISOLATE,CRITICAL
3642,0.8957153122673428,High,BLOCK_AND_ISOLATE,CRITICAL
3643,0.8861035532385817,High,BLOCK_AND_ISOLATE,CRITICAL
3644,0.9235562908795826,High,BLOCK_AND_ISOLATE,CRITICAL
3645,0.9025505463502064,High,BLOCK_AND_ISOLATE,CRITICAL
3646,0.9057719092201524,High,BLOCK_AND_ISOLATE,CRITICAL
3647,0.8971251208737842,High,BLOCK_AND_ISOLATE,CRITICAL
3648,0.9062599072698058,High,BLOCK_AND_ISOLATE,CRITICAL
3649,0.924039290044094,High,BLOCK_AND_ISOLATE,CRITICAL
3650,0.9240432537529716,High,BLOCK_AND_ISOLATE,CRITICAL
3651,0.9235023867966184,High,BLOCK_AND_ISOLATE,CRITICAL
3652,0.8960703000550286,High,BLOCK_AND_ISOLATE,CRITICAL
3653,0.9234982442738066,High,BLOCK_AND_ISOLATE,CRITICAL
3654,0.9060821953086824,High,BLOCK_AND_ISOLATE,CRITICAL
3655,0.903031246655978,High,BLOCK_AND_ISOLATE,CRITICAL
3656,0.9057761252626784,High,BLOCK_AND_ISOLATE,CRITICAL
3657,0.9248466896423028,High,BLOCK_AND_ISOLATE,CRITICAL
3658,0.9059200016695064,High,BLOCK_AND_ISOLATE,CRITICAL
3659,0.928215305578029,High,BLOCK_AND_ISOLATE,CRITICAL
3660,0.9252002098929076,High,BLOCK_AND_ISOLATE,CRITICAL
3661,0.9180365573697667,High,BLOCK_AND_ISOLATE,CRITICAL
3662,0.906052898811094,High,BLOCK_AND_ISOLATE,CRITICAL
3663,0.9046703525532256,High,BLOCK_AND_ISOLATE,CRITICAL
3664,0.8962558496327709,High,BLOCK_AND_ISOLATE,CRITICAL
3665,0.9079403603237476,High,BLOCK_AND_ISOLATE,CRITICAL
3666,0.8984476536123768,High,BLOCK_AND_ISOLATE,CRITICAL
3667,0.9240433431599386,High,BLOCK_AND_ISOLATE,CRITICAL
3668,0.9247585510769636,High,BLOCK_AND_ISOLATE,CRITICAL
3669,0.9247575974026472,High,BLOCK_AND_ISOLATE,CRITICAL
3670,0.929259815892912,High,BLOCK_AND_ISOLATE,CRITICAL
3671,0.8990457817931966,High,BLOCK_AND_ISOLATE,CRITICAL
3672,0.8958539866402232,High,BLOCK_AND_ISOLATE,CRITICAL
3673,0.9015251513282948,High,BLOCK_AND_ISOLATE,CRITICAL
3674,0.8943918968904131,High,BLOCK_AND_ISOLATE,CRITICAL
3675,0.9001566589694551,High,BLOCK_AND_ISOLATE,CRITICAL
3676,0.8962558496327709,High,BLOCK_AND_ISOLATE,CRITICAL
3677,0.9257319091878148,High,BLOCK_AND_ISOLATE,CRITICAL
3678,0.9059233693319364,High,BLOCK_AND_ISOLATE,CRITICAL
3679,0.8975846204516843,High,BLOCK_AND_ISOLATE,CRITICAL
3680,0.8470679755137301,High,BLOCK_AND_ISOLATE,CRITICAL
3681,0.8938365036999275,High,BLOCK_AND_ISOLATE,CRITICAL
3682,0.8972168180929302,High,BLOCK_AND_ISOLATE,CRITICAL
3683,0.905929657667722,High,BLOCK_AND_ISOLATE,CRITICAL
3684,0.893503610641807,High,BLOCK_AND_ISOLATE,CRITICAL
3685,0.9060663236813072,High,BLOCK_AND_ISOLATE,CRITICAL
3686,0.9017619727991176,High,BLOCK_AND_ISOLATE,CRITICAL
3687,0.9255761879761384,High,BLOCK_AND_ISOLATE,CRITICAL
3688,0.906052898811094,High,BLOCK_AND_ISOLATE,CRITICAL
3689,0.8971251208737842,High,BLOCK_AND_ISOLATE,CRITICAL
3690,0.8928438652228516,High,BLOCK_AND_ISOLATE,CRITICAL
3691,0.8937229184629887,High,BLOCK_AND_ISOLATE,CRITICAL
3692,0.6291801611582132,Medium,MONITOR_AND_LOG,WARNING
3693,0.9183932923993452,High,BLOCK_AND_ISOLATE,CRITICAL
3694,0.9127373725380504,High,BLOCK_AND_ISOLATE,CRITICAL
3695,0.9098494194318792,High,BLOCK_AND_ISOLATE,CRITICAL
3696,0.9038734618809646,High,BLOCK_AND_ISOLATE,CRITICAL
3697,0.896248935493977,High,BLOCK_AND_ISOLATE,CRITICAL
3698,0.9059233693319364,High,BLOCK_AND_ISOLATE,CRITICAL
3699,0.9039105109807658,High,BLOCK_AND_ISOLATE,CRITICAL
3700,0.9235969569856636,High,BLOCK_AND_ISOLATE,CRITICAL
3701,0.92664346872622,High,BLOCK_AND_ISOLATE,CRITICAL
3702,0.8996522843590756,High,BLOCK_AND_ISOLATE,CRITICAL
3703,0.8969430093512647,High,BLOCK_AND_ISOLATE,CRITICAL
3704,0.929799659615722,High,BLOCK_AND_ISOLATE,CRITICAL
3705,0.8955004515129666,High,BLOCK_AND_ISOLATE,CRITICAL
3706,0.8940073566638833,High,BLOCK_AND_ISOLATE,CRITICAL
3707,0.919927111607004,High,BLOCK_AND_ISOLATE,CRITICAL
3708,0.9039105109807658,High,BLOCK_AND_ISOLATE,CRITICAL
3709,0.9253180218646568,High,BLOCK_AND_ISOLATE,CRITICAL
3710,0.9077221490271996,High,BLOCK_AND_ISOLATE,CRITICAL
3711,0.9010409849536646,High,BLOCK_AND_ISOLATE,CRITICAL
3712,0.9062552283051908,High,BLOCK_AND_ISOLATE,CRITICAL
3713,0.9030673404837872,High,BLOCK_AND_ISOLATE,CRITICAL
3714,0.9252454468152936,High,BLOCK_AND_ISOLATE,CRITICAL
3715,0.8971251208737842,High,BLOCK_AND_ISOLATE,CRITICAL
3716,0.8960762262353007,High,BLOCK_AND_ISOLATE,CRITICAL
3717,0.8957429624849603,High,BLOCK_AND_ISOLATE,CRITICAL
3718,0.9025700284585418,High,BLOCK_AND_ISOLATE,CRITICAL
3719,0.8960727989682261,High,BLOCK_AND_ISOLATE,CRITICAL
3720,0.9042856994930047,High,BLOCK_AND_ISOLATE,CRITICAL
3721,0.896248935493977,High,BLOCK_AND_ISOLATE,CRITICAL
3722,0.8960703000550286,High,BLOCK_AND_ISOLATE,CRITICAL
3723,0.8957527990570713,High,BLOCK_AND_ISOLATE,CRITICAL
3724,0.9323323786258696,High,BLOCK_AND_ISOLATE,CRITICAL
3725,0.9035112085141256,High,BLOCK_AND_ISOLATE,CRITICAL
3726,0.8243329402757359,High,BLOCK_AND_ISOLATE,CRITICAL
3727,0.92664346872622,High,BLOCK_AND_ISOLATE,CRITICAL
3728,0.9030679365302348,High,BLOCK_AND_ISOLATE,CRITICAL
3729,0.9252002098929076,High,BLOCK_AND_ISOLATE,CRITICAL
3730,0.899531368348054,High,BLOCK_AND_ISOLATE,CRITICAL
3731,0.8969394628749006,High,BLOCK_AND_ISOLATE,CRITICAL
3732,0.9059233693319364,High,BLOCK_AND_ISOLATE,CRITICAL
3733,0.9039263052920518,High,BLOCK_AND_ISOLATE,CRITICAL
3734,0.9037230599473492,High,BLOCK_AND_ISOLATE,CRITICAL
3735,0.8986174231796894,High,BLOCK_AND_ISOLATE,CRITICAL
3736,0.9236903887752966,High,BLOCK_AND_ISOLATE,CRITICAL
3737,0.9254664164749076,High,BLOCK_AND_ISOLATE,CRITICAL
3738,0.9236903887752966,High,BLOCK_AND_ISOLATE,CRITICAL
3739,0.9151670003342652,High,BLOCK_AND_ISOLATE,CRITICAL
3740,0.8960798919209544,High,BLOCK_AND_ISOLATE,CRITICAL
3741,0.9034255345236404,High,BLOCK_AND_ISOLATE,CRITICAL
3742,0.9035991055131894,High,BLOCK_AND_ISOLATE,CRITICAL
3743,0.8929342148817109,High,BLOCK_AND_ISOLATE,CRITICAL
3744,0.9096377941456896,High,BLOCK_AND_ISOLATE,CRITICAL
3745,0.8954746679650673,High,BLOCK_AND_ISOLATE,CRITICAL
3746,0.9294866027045416,High,BLOCK_AND_ISOLATE,CRITICAL
3747,0.8964642803261648,High,BLOCK_AND_ISOLATE,CRITICAL
3748,0.8954978121216315,High,BLOCK_AND_ISOLATE,CRITICAL
3749,0.8944971715299289,High,BLOCK_AND_ISOLATE,CRITICAL
3750,0.9232893459989502,High,BLOCK_AND_ISOLATE,CRITICAL
3751,0.9208520048064116,High,BLOCK_AND_ISOLATE,CRITICAL
3752,0.9075481826066536,High,BLOCK_AND_ISOLATE,CRITICAL
3753,0.9039105109807658,High,BLOCK_AND_ISOLATE,CRITICAL
3754,0.8958548509075724,High,BLOCK_AND_ISOLATE,CRITICAL
3755,0.904024443064656,High,BLOCK_AND_ISOLATE,CRITICAL
3756,0.903671869923386,High,BLOCK_AND_ISOLATE,CRITICAL
3757,0.8957429624849603,High,BLOCK_AND_ISOLATE,CRITICAL
3758,0.9232914321615172,High,BLOCK_AND_ISOLATE,CRITICAL
3759,0.9243225390056944,High,BLOCK_AND_ISOLATE,CRITICAL
3760,0.925088868461528,High,BLOCK_AND_ISOLATE,CRITICAL
3761,0.8942553489035766,High,BLOCK_AND_ISOLATE,CRITICAL
3762,0.6055857899228316,Medium,MONITOR_AND_LOG,WARNING
3763,0.9232841699688988,High,BLOCK_AND_ISOLATE,CRITICAL
3764,0.8973921871117665,High,BLOCK_AND_ISOLATE,CRITICAL
3765,0.896248935493977,High,BLOCK_AND_ISOLATE,CRITICAL
3766,0.93223739862442,High,BLOCK_AND_ISOLATE,CRITICAL
3767,0.896318179840069,High,BLOCK_AND_ISOLATE,CRITICAL
3768,0.9235571849492542,High,BLOCK_AND_ISOLATE,CRITICAL
3769,0.9030708273555064,High,BLOCK_AND_ISOLATE,CRITICAL
3770,0.9157750941829632,High,BLOCK_AND_ISOLATE,CRITICAL
3771,0.8962536144585919,High,BLOCK_AND_ISOLATE,CRITICAL
3772,0.922237009405304,High,BLOCK_AND_ISOLATE,CRITICAL
3773,0.9229968778499312,High,BLOCK_AND_ISOLATE,CRITICAL
3774,0.9248140056669164,High,BLOCK_AND_ISOLATE,CRITICAL
3775,0.9151130678591018,High,BLOCK_AND_ISOLATE,CRITICAL
3776,0.8966001665268054,High,BLOCK_AND_ISOLATE,CRITICAL
3777,0.905280578315146,High,BLOCK_AND_ISOLATE,CRITICAL
3778,0.9062599072698058,High,BLOCK_AND_ISOLATE,CRITICAL
3779,0.8954978121216315,High,BLOCK_AND_ISOLATE,CRITICAL
3780,0.8959776423671874,High,BLOCK_AND_ISOLATE,CRITICAL
3781,0.8960703000550286,High,BLOCK_AND_ISOLATE,CRITICAL
3782,0.8962558496327709,High,BLOCK_AND_ISOLATE,CRITICAL
3783,0.9064087957010706,High,BLOCK_AND_ISOLATE,CRITICAL
3784,0.8971236307576648,High,BLOCK_AND_ISOLATE,CRITICAL
3785,0.9092659889231168,High,BLOCK_AND_ISOLATE,CRITICAL
3786,0.9160940349336432,High,BLOCK_AND_ISOLATE,CRITICAL
3787,0.8563260512224907,High,BLOCK_AND_ISOLATE,CRITICAL
3788,0.9243958920640064,High,BLOCK_AND_ISOLATE,CRITICAL
3789,0.9325460016727448,High,BLOCK_AND_ISOLATE,CRITICAL
3790,0.8956747489801536,High,BLOCK_AND_ISOLATE,CRITICAL
3791,0.9218471977757918,High,BLOCK_AND_ISOLATE,CRITICAL
3792,0.9261495483780776,High,BLOCK_AND_ISOLATE,CRITICAL
3793,0.8966315055436395,High,BLOCK_AND_ISOLATE,CRITICAL
3794,0.8971207101300708,High,BLOCK_AND_ISOLATE,CRITICAL
3795,0.9160399388491144,High,BLOCK_AND_ISOLATE,CRITICAL
3796,0.8975846204516843,High,BLOCK_AND_ISOLATE,CRITICAL
3797,0.9092774134032796,High,BLOCK_AND_ISOLATE,CRITICAL
3798,0.9251671409280072,High,BLOCK_AND_ISOLATE,CRITICAL
3799,0.9248466896423028,High,BLOCK_AND_ISOLATE,CRITICAL
3800,0.9325450778007508,High,BLOCK_AND_ISOLATE,CRITICAL
3801,0.9025528411290304,High,BLOCK_AND_ISOLATE,CRITICAL
3802,0.9268805860133066,High,BLOCK_AND_ISOLATE,CRITICAL
3803,0.923501045692111,High,BLOCK_AND_ISOLATE,CRITICAL
3804,0.8929061650920417,High,BLOCK_AND_ISOLATE,CRITICAL
3805,0.8967851990470819,High,BLOCK_AND_ISOLATE,CRITICAL
3806,0.9062621424439848,High,BLOCK_AND_ISOLATE,CRITICAL
3807,0.8962558496327709,High,BLOCK_AND_ISOLATE,CRITICAL
3808,0.9325669229030608,High,BLOCK_AND_ISOLATE,CRITICAL
3809,0.9034738891976763,High,BLOCK_AND_ISOLATE,CRITICAL
3810,0.9162670585098772,High,BLOCK_AND_ISOLATE,CRITICAL
3811,0.9248462128051446,High,BLOCK_AND_ISOLATE,CRITICAL
3812,0.8972790202336136,High,BLOCK_AND_ISOLATE,CRITICAL
3813,0.9240427769158132,High,BLOCK_AND_ISOLATE,CRITICAL
3814,0.8974020099862169,High,BLOCK_AND_ISOLATE,CRITICAL
3815,0.9232483345094404,High,BLOCK_AND_ISOLATE,CRITICAL
3816,0.9004856542546132,High,BLOCK_AND_ISOLATE,CRITICAL
3817,0.906186047767101,High,BLOCK_AND_ISOLATE,CRITICAL
3818,0.9280213586432208,High,BLOCK_AND_ISOLATE,CRITICAL
3819,0.8969807970767106,High,BLOCK_AND_ISOLATE,CRITICAL
3820,0.9325395047664642,High,BLOCK_AND_ISOLATE,CRITICAL
3821,0.8755464620694003,High,BLOCK_AND_ISOLATE,CRITICAL
3822,0.9039105109807658,High,BLOCK_AND_ISOLATE,CRITICAL
3823,0.8122750515334983,High,BLOCK_AND_ISOLATE,CRITICAL
3824,0.90303401827196,High,BLOCK_AND_ISOLATE,CRITICAL
3825,0.8962558496327709,High,BLOCK_AND_ISOLATE,CRITICAL
3826,0.9039105109807658,High,BLOCK_AND_ISOLATE,CRITICAL
3827,0.7402543671388977,High,BLOCK_AND_ISOLATE,CRITICAL
3828,0.9098124246251708,High,BLOCK_AND_ISOLATE,CRITICAL
3829,0.9061055742243002,High,BLOCK_AND_ISOLATE,CRITICAL
3830,0.9204704185019108,High,BLOCK_AND_ISOLATE,CRITICAL
3831,0.91818018686094,High,BLOCK_AND_ISOLATE,CRITICAL
3832,0.9059287934003728,High,BLOCK_AND_ISOLATE,CRITICAL
3833,0.9234982442738066,High,BLOCK_AND_ISOLATE,CRITICAL
3834,0.9062599072698058,High,BLOCK_AND_ISOLATE,CRITICAL
3835,0.9236909848217444,High,BLOCK_AND_ISOLATE,CRITICAL
3836,0.918104515215246,High,BLOCK_AND_ISOLATE,CRITICAL
3837,0.9037108111928478,High,BLOCK_AND_ISOLATE,CRITICAL
3838,0.8980001067523463,High,BLOCK_AND_ISOLATE,CRITICAL
3839,0.9103195778311308,High,BLOCK_AND_ISOLATE,CRITICAL
3840,0.9028232841820096,High,BLOCK_AND_ISOLATE,CRITICAL
3841,0.9156595696687246,High,BLOCK_AND_ISOLATE,CRITICAL
3842,0.9240386939976462,High,BLOCK_AND_ISOLATE,CRITICAL
3843,0.8965388052945807,High,BLOCK_AND_ISOLATE,CRITICAL
3844,0.9059470084637476,High,BLOCK_AND_ISOLATE,CRITICAL
3845,0.8960746809964196,High,BLOCK_AND_ISOLATE,CRITICAL
3846,0.8873019953974434,High,BLOCK_AND_ISOLATE,CRITICAL
3847,0.8965078208410797,High,BLOCK_AND_ISOLATE,CRITICAL
3848,0.8969421450839155,High,BLOCK_AND_ISOLATE,CRITICAL
3849,0.9187375359705108,High,BLOCK_AND_ISOLATE,CRITICAL
3850,0.7669907194002411,High,BLOCK_AND_ISOLATE,CRITICAL
3851,0.8929566157381905,High,BLOCK_AND_ISOLATE,CRITICAL
3852,0.9034255345236404,High,BLOCK_AND_ISOLATE,CRITICAL
3853,0.8943411842705444,High,BLOCK_AND_ISOLATE,CRITICAL
3854,0.8997295031122097,High,BLOCK_AND_ISOLATE,CRITICAL
3855,0.9032294614813168,High,BLOCK_AND_ISOLATE,CRITICAL
3856,0.9075967517291984,High,BLOCK_AND_ISOLATE,CRITICAL
3857,0.9128931733850008,High,BLOCK_AND_ISOLATE,CRITICAL
3858,0.897465472916957,High,BLOCK_AND_ISOLATE,CRITICAL
3859,0.9038942091104196,High,BLOCK_AND_ISOLATE,CRITICAL
3860,0.9235157836611112,High,BLOCK_AND_ISOLATE,CRITICAL
3861,0.910482145718929,High,BLOCK_AND_ISOLATE,CRITICAL
3862,0.8939406230020989,High,BLOCK_AND_ISOLATE,CRITICAL
3863,0.9026711101020872,High,BLOCK_AND_ISOLATE,CRITICAL
3864,0.9188942998834728,High,BLOCK_AND_ISOLATE,CRITICAL
3865,0.9124525088437272,High,BLOCK_AND_ISOLATE,CRITICAL
3866,0.921995700488165,High,BLOCK_AND_ISOLATE,CRITICAL
3867,0.924843621214412,High,BLOCK_AND_ISOLATE,CRITICAL
3868,0.8962558496327709,High,BLOCK_AND_ISOLATE,CRITICAL
3869,0.9035077216424064,High,BLOCK_AND_ISOLATE,CRITICAL
3870,0.9094377139194614,High,BLOCK_AND_ISOLATE,CRITICAL
3871,0.9025505463502064,High,BLOCK_AND_ISOLATE,CRITICAL
3872,0.9235962715322488,High,BLOCK_AND_ISOLATE,CRITICAL
3873,0.9248466896423028,High,BLOCK_AND_ISOLATE,CRITICAL
3874,0.9019076843953108,High,BLOCK_AND_ISOLATE,CRITICAL
3875,0.8535460089089016,High,BLOCK_AND_ISOLATE,CRITICAL
3876,0.8947260616644183,High,BLOCK_AND_ISOLATE,CRITICAL
3877,0.9246426023169546,High,BLOCK_AND_ISOLATE,CRITICAL
3878,0.9062621424439848,High,BLOCK_AND_ISOLATE,CRITICAL
3879,0.8962558496327709,High,BLOCK_AND_ISOLATE,CRITICAL
3880,0.896248935493977,High,BLOCK_AND_ISOLATE,CRITICAL
3881,0.9062552283051908,High,BLOCK_AND_ISOLATE,CRITICAL
3882,0.9064485295748886,High,BLOCK_AND_ISOLATE,CRITICAL
3883,0.8983183775401621,High,BLOCK_AND_ISOLATE,CRITICAL
3884,0.9248457359679864,High,BLOCK_AND_ISOLATE,CRITICAL
3885,0.9244055317883688,High,BLOCK_AND_ISOLATE,CRITICAL
3886,0.8992379556465543,High,BLOCK_AND_ISOLATE,CRITICAL
3887,0.8971192796185962,High,BLOCK_AND_ISOLATE,CRITICAL
3888,0.9051917994607604,High,BLOCK_AND_ISOLATE,CRITICAL
3889,0.925932839739336,High,BLOCK_AND_ISOLATE,CRITICAL
3890,0.9235023867966184,High,BLOCK_AND_ISOLATE,CRITICAL
3891,0.9322151958942412,High,BLOCK_AND_ISOLATE,CRITICAL
3892,0.8990541339867407,High,BLOCK_AND_ISOLATE,CRITICAL
3893,0.928022371922182,High,BLOCK_AND_ISOLATE,CRITICAL
3894,0.9096876249765594,High,BLOCK_AND_ISOLATE,CRITICAL
3895,0.9181986487701992,High,BLOCK_AND_ISOLATE,CRITICAL
3896,0.929812672510782,High,BLOCK_AND_ISOLATE,CRITICAL
3897,0.8565040706268566,High,BLOCK_AND_ISOLATE,CRITICAL
3898,0.8965388947015479,High,BLOCK_AND_ISOLATE,CRITICAL
3899,0.8896398675314979,High,BLOCK_AND_ISOLATE,CRITICAL
3900,0.9186521461277072,High,BLOCK_AND_ISOLATE,CRITICAL
3901,0.8958539866402232,High,BLOCK_AND_ISOLATE,CRITICAL
3902,0.7965034783547503,High,BLOCK_AND_ISOLATE,CRITICAL
3903,0.9247585510769636,High,BLOCK_AND_ISOLATE,CRITICAL
3904,0.8877677777129978,High,BLOCK_AND_ISOLATE,CRITICAL
3905,0.9002774201762836,High,BLOCK_AND_ISOLATE,CRITICAL
3906,0.903671869923386,High,BLOCK_AND_ISOLATE,CRITICAL
3907,0.8937758400035499,High,BLOCK_AND_ISOLATE,CRITICAL
3908,0.905772564871245,High,BLOCK_AND_ISOLATE,CRITICAL
3909,0.8962505448193859,High,BLOCK_AND_ISOLATE,CRITICAL
3910,0.8964518734577249,High,BLOCK_AND_ISOLATE,CRITICAL
3911,0.903548439562905,High,BLOCK_AND_ISOLATE,CRITICAL
3912,0.9059316255674582,High,BLOCK_AND_ISOLATE,CRITICAL
3913,0.9248457359679864,High,BLOCK_AND_ISOLATE,CRITICAL
3914,0.923879052618147,High,BLOCK_AND_ISOLATE,CRITICAL
3915,0.9062599072698058,High,BLOCK_AND_ISOLATE,CRITICAL
3916,0.9062621424439848,High,BLOCK_AND_ISOLATE,CRITICAL
3917,0.8954974544937628,High,BLOCK_AND_ISOLATE,CRITICAL
3918,0.9164228633874588,High,BLOCK_AND_ISOLATE,CRITICAL
3919,0.9105197802848434,High,BLOCK_AND_ISOLATE,CRITICAL
3920,0.8612917067641342,High,BLOCK_AND_ISOLATE,CRITICAL
3921,0.8793985621796407,High,BLOCK_AND_ISOLATE,CRITICAL
3922,0.8971251208737842,High,BLOCK_AND_ISOLATE,CRITICAL
3923,0.8968982007582587,High,BLOCK_AND_ISOLATE,CRITICAL
3924,0.906052898811094,High,BLOCK_AND_ISOLATE,CRITICAL
3925,0.9158616812699376,High,BLOCK_AND_ISOLATE,CRITICAL
3926,0.902356761432339,High,BLOCK_AND_ISOLATE,CRITICAL
3927,0.8960746809964196,High,BLOCK_AND_ISOLATE,CRITICAL
3928,0.8972151789651989,High,BLOCK_AND_ISOLATE,CRITICAL
3929,0.8972168180929302,High,BLOCK_AND_ISOLATE,CRITICAL
3930,0.922441353304964,High,BLOCK_AND_ISOLATE,CRITICAL
3931,0.905929657667722,High,BLOCK_AND_ISOLATE,CRITICAL
3932,0.9004254707602523,High,BLOCK_AND_ISOLATE,CRITICAL
3933,0.8544996164639492,High,BLOCK_AND_ISOLATE,CRITICAL
3934,0.8997295031122097,High,BLOCK_AND_ISOLATE,CRITICAL
3935,0.8989183004500558,High,BLOCK_AND_ISOLATE,CRITICAL
3936,0.9062621424439848,High,BLOCK_AND_ISOLATE,CRITICAL
3937,0.9042867300925492,High,BLOCK_AND_ISOLATE,CRITICAL
3938,0.9062621424439848,High,BLOCK_AND_ISOLATE,CRITICAL
3939,0.9251123885276752,High,BLOCK_AND_ISOLATE,CRITICAL
3940,0.9186574509410922,High,BLOCK_AND_ISOLATE,CRITICAL
3941,0.901803390632355,High,BLOCK_AND_ISOLATE,CRITICAL
3942,0.8966621192565827,High,BLOCK_AND_ISOLATE,CRITICAL
3943,0.9325637638568878,High,BLOCK_AND_ISOLATE,CRITICAL
3944,0.9051837802273064,High,BLOCK_AND_ISOLATE,CRITICAL
3945,0.9243958920640064,High,BLOCK_AND_ISOLATE,CRITICAL
3946,0.915386551096307,High,BLOCK_AND_ISOLATE,CRITICAL
3947,0.9231598057912322,High,BLOCK_AND_ISOLATE,CRITICAL
3948,0.9058000791972506,High,BLOCK_AND_ISOLATE,CRITICAL
3949,0.9323646247386932,High,BLOCK_AND_ISOLATE,CRITICAL
3950,0.9038942091104196,High,BLOCK_AND_ISOLATE,CRITICAL
3951,0.9231598057912322,High,BLOCK_AND_ISOLATE,CRITICAL
3952,0.923501045692111,High,BLOCK_AND_ISOLATE,CRITICAL
3953,0.8971192796185962,High,BLOCK_AND_ISOLATE,CRITICAL
3954,0.9248466896423028,High,BLOCK_AND_ISOLATE,CRITICAL
3955,0.9233731224662276,High,BLOCK_AND_ISOLATE,CRITICAL
3956,0.9062621424439848,High,BLOCK_AND_ISOLATE,CRITICAL
3957,0.9164213434690172,High,BLOCK_AND_ISOLATE,CRITICAL
3958,0.8968982007582587,High,BLOCK_AND_ISOLATE,CRITICAL
3959,0.9057726542782122,High,BLOCK_AND_ISOLATE,CRITICAL
3960,0.8971251208737842,High,BLOCK_AND_ISOLATE,CRITICAL
3961,0.9232876579479444,High,BLOCK_AND_ISOLATE,CRITICAL
3962,0.8931779991925067,High,BLOCK_AND_ISOLATE,CRITICAL
3963,0.9231598057912322,High,BLOCK_AND_ISOLATE,CRITICAL
3964,0.9285802605217782,High,BLOCK_AND_ISOLATE,CRITICAL
3965,0.9233731224662276,High,BLOCK_AND_ISOLATE,CRITICAL
3966,0.903702702913518,High,BLOCK_AND_ISOLATE,CRITICAL
3967,0.9062599072698058,High,BLOCK_AND_ISOLATE,CRITICAL
3968,0.8971192796185962,High,BLOCK_AND_ISOLATE,CRITICAL
3969,0.923638297512938,High,BLOCK_AND_ISOLATE,CRITICAL
3970,0.9131428483706856,High,BLOCK_AND_ISOLATE,CRITICAL
3971,0.8966601546901152,High,BLOCK_AND_ISOLATE,CRITICAL
3972,0.9007277661634884,High,BLOCK_AND_ISOLATE,CRITICAL
3973,0.9248462128051446,High,BLOCK_AND_ISOLATE,CRITICAL
3974,0.8971192796185962,High,BLOCK_AND_ISOLATE,CRITICAL
3975,0.9107021753981484,High,BLOCK_AND_ISOLATE,CRITICAL
3976,0.9233779963902564,High,BLOCK_AND_ISOLATE,CRITICAL
3977,0.9231598057912322,High,BLOCK_AND_ISOLATE,CRITICAL
3978,0.9234504796991598,High,BLOCK_AND_ISOLATE,CRITICAL
3979,0.8994754689344459,High,BLOCK_AND_ISOLATE,CRITICAL
3980,0.9226544690387822,High,BLOCK_AND_ISOLATE,CRITICAL
3981,0.9271731245957106,High,BLOCK_AND_ISOLATE,CRITICAL
3982,0.9187375359705108,High,BLOCK_AND_ISOLATE,CRITICAL
3983,0.9039105109807658,High,BLOCK_AND_ISOLATE,CRITICAL
3984,0.8948719118678138,High,BLOCK_AND_ISOLATE,CRITICAL
3985,0.8954974544937628,High,BLOCK_AND_ISOLATE,CRITICAL
3986,0.8962558496327709,High,BLOCK_AND_ISOLATE,CRITICAL
3987,0.8998064191784593,High,BLOCK_AND_ISOLATE,CRITICAL
3988,0.930297538364386,High,BLOCK_AND_ISOLATE,CRITICAL
3989,0.9083809864738518,High,BLOCK_AND_ISOLATE,CRITICAL
3990,0.9062621424439848,High,BLOCK_AND_ISOLATE,CRITICAL
3991,0.90661861863911,High,BLOCK_AND_ISOLATE,CRITICAL
3992,0.9240762809449676,High,BLOCK_AND_ISOLATE,CRITICAL
3993,0.9324061095714568,High,BLOCK_AND_ISOLATE,CRITICAL
3994,0.9065087026908198,High,BLOCK_AND_ISOLATE,CRITICAL
3995,0.892748090825172,High,BLOCK_AND_ISOLATE,CRITICAL
3996,0.9096477019451724,High,BLOCK_AND_ISOLATE,CRITICAL
3997,0.925510640315708,High,BLOCK_AND_ISOLATE,CRITICAL
3998,0.9241306833314116,High,BLOCK_AND_ISOLATE,CRITICAL
3999,0.923292058052526,High,BLOCK_AND_ISOLATE,CRITICAL
4000,0.9256038376292948,High,BLOCK_AND_ISOLATE,CRITICAL
4001,0.8962558496327709,High,BLOCK_AND_ISOLATE,CRITICAL
4002,0.8971251208737842,High,BLOCK_AND_ISOLATE,CRITICAL
4003,0.8962558496327709,High,BLOCK_AND_ISOLATE,CRITICAL
4004,0.9325450778007508,High,BLOCK_AND_ISOLATE,CRITICAL
4005,0.898667823754214,High,BLOCK_AND_ISOLATE,CRITICAL
4006,0.9116191057080772,High,BLOCK_AND_ISOLATE,CRITICAL
4007,0.9236293507127245,High,BLOCK_AND_ISOLATE,CRITICAL
4008,0.9063759184786704,High,BLOCK_AND_ISOLATE,CRITICAL
4009,0.9029437516058626,High,BLOCK_AND_ISOLATE,CRITICAL
4010,0.9062621424439848,High,BLOCK_AND_ISOLATE,CRITICAL
4011,0.9034255345236404,High,BLOCK_AND_ISOLATE,CRITICAL
4012,0.8918841890095931,High,BLOCK_AND_ISOLATE,CRITICAL
4013,0.9235023867966184,High,BLOCK_AND_ISOLATE,CRITICAL
4014,0.9032973365461164,High,BLOCK_AND_ISOLATE,CRITICAL
4015,0.9243069130620832,High,BLOCK_AND_ISOLATE,CRITICAL
4016,0.8962558496327709,High,BLOCK_AND_ISOLATE,CRITICAL
4017,0.9302556285415036,High,BLOCK_AND_ISOLATE,CRITICAL
4018,0.9232893758012726,High,BLOCK_AND_ISOLATE,CRITICAL
4019,0.89541037272174,High,BLOCK_AND_ISOLATE,CRITICAL
4020,0.9263354050487396,High,BLOCK_AND_ISOLATE,CRITICAL
4021,0.9229522410973372,High,BLOCK_AND_ISOLATE,CRITICAL
4022,0.9062621424439848,High,BLOCK_AND_ISOLATE,CRITICAL
4023,0.8960738465313928,High,BLOCK_AND_ISOLATE,CRITICAL
4024,0.9055762032418976,High,BLOCK_AND_ISOLATE,CRITICAL
4025,0.8984001047154796,High,BLOCK_AND_ISOLATE,CRITICAL
4026,0.8983198080516367,High,BLOCK_AND_ISOLATE,CRITICAL
4027,0.905512037795449,High,BLOCK_AND_ISOLATE,CRITICAL
4028,0.9112903508683492,High,BLOCK_AND_ISOLATE,CRITICAL
4029,0.897102682125528,High,BLOCK_AND_ISOLATE,CRITICAL
4030,0.9039105109807658,High,BLOCK_AND_ISOLATE,CRITICAL
4031,0.9059287934003728,High,BLOCK_AND_ISOLATE,CRITICAL
4032,0.8967569960423164,High,BLOCK_AND_ISOLATE,CRITICAL
4033,0.9035956020608166,High,BLOCK_AND_ISOLATE,CRITICAL
4034,0.9229968778499312,High,BLOCK_AND_ISOLATE,CRITICAL
4035,0.8971192796185962,High,BLOCK_AND_ISOLATE,CRITICAL
4036,0.930653988447023,High,BLOCK_AND_ISOLATE,CRITICAL
4037,0.9186111345775876,High,BLOCK_AND_ISOLATE,CRITICAL
4038,0.9039105109807658,High,BLOCK_AND_ISOLATE,CRITICAL
4039,0.9047487000193738,High,BLOCK_AND_ISOLATE,CRITICAL
4040,0.8965388052945807,High,BLOCK_AND_ISOLATE,CRITICAL
4041,0.9124666145464784,High,BLOCK_AND_ISOLATE,CRITICAL
4042,0.9004289477549978,High,BLOCK_AND_ISOLATE,CRITICAL
4043,0.9081373905996418,High,BLOCK_AND_ISOLATE,CRITICAL
4044,0.8955043556171994,High,BLOCK_AND_ISOLATE,CRITICAL
4045,0.9099393429874147,High,BLOCK_AND_ISOLATE,CRITICAL
4046,0.9224267877451154,High,BLOCK_AND_ISOLATE,CRITICAL
4047,0.9062621424439848,High,BLOCK_AND_ISOLATE,CRITICAL
4048,0.9062568376305998,High,BLOCK_AND_ISOLATE,CRITICAL
4049,0.9123390517169454,High,BLOCK_AND_ISOLATE,CRITICAL
4050,0.9062621424439848,High,BLOCK_AND_ISOLATE,CRITICAL
4051,0.9062552283051908,High,BLOCK_AND_ISOLATE,CRITICAL
4052,0.8970844843208606,High,BLOCK_AND_ISOLATE,CRITICAL
4053,0.8971251208737842,High,BLOCK_AND_ISOLATE,CRITICAL
4054,0.9002848707568806,High,BLOCK_AND_ISOLATE,CRITICAL
4055,0.8991375259533414,High,BLOCK_AND_ISOLATE,CRITICAL
4056,0.9044557758164814,High,BLOCK_AND_ISOLATE,CRITICAL
4057,0.896248935493977,High,BLOCK_AND_ISOLATE,CRITICAL
4058,0.8987669028793662,High,BLOCK_AND_ISOLATE,CRITICAL
4059,0.8954978121216315,High,BLOCK_AND_ISOLATE,CRITICAL
4060,0.9236033644849768,High,BLOCK_AND_ISOLATE,CRITICAL
4061,0.9062621424439848,High,BLOCK_AND_ISOLATE,CRITICAL
4062,0.9235023867966184,High,BLOCK_AND_ISOLATE,CRITICAL
4063,0.9048408684206424,High,BLOCK_AND_ISOLATE,CRITICAL
4064,0.9062455571083508,High,BLOCK_AND_ISOLATE,CRITICAL
4065,0.918377185906083,High,BLOCK_AND_ISOLATE,CRITICAL
4066,0.8968973960955542,High,BLOCK_AND_ISOLATE,CRITICAL
4067,0.9323344475245784,High,BLOCK_AND_ISOLATE,CRITICAL
4068,0.8919790602882293,High,BLOCK_AND_ISOLATE,CRITICAL
4069,0.8956033398064669,High,BLOCK_AND_ISOLATE,CRITICAL
4070,0.9234982442738066,High,BLOCK_AND_ISOLATE,CRITICAL
4071,0.9235023867966184,High,BLOCK_AND_ISOLATE,CRITICAL
4072,0.9045705238019516,High,BLOCK_AND_ISOLATE,CRITICAL
4073,0.9185294383721744,High,BLOCK_AND_ISOLATE,CRITICAL
4074,0.9254664164749076,High,BLOCK_AND_ISOLATE,CRITICAL
4075,0.9209431660404064,High,BLOCK_AND_ISOLATE,CRITICAL
4076,0.9062997767070178,High,BLOCK_AND_ISOLATE,CRITICAL
4077,0.9184200226108408,High,BLOCK_AND_ISOLATE,CRITICAL
4078,0.90291394914083,High,BLOCK_AND_ISOLATE,CRITICAL
4079,0.9230759205053316,High,BLOCK_AND_ISOLATE,CRITICAL
4080,0.9243069130620832,High,BLOCK_AND_ISOLATE,CRITICAL
4081,0.9020890675416025,High,BLOCK_AND_ISOLATE,CRITICAL
4082,0.9186040416248592,High,BLOCK_AND_ISOLATE,CRITICAL
4083,0.905929657667722,High,BLOCK_AND_ISOLATE,CRITICAL
4084,0.9102490187114152,High,BLOCK_AND_ISOLATE,CRITICAL
4085,0.9243958920640064,High,BLOCK_AND_ISOLATE,CRITICAL
4086,0.9062621424439848,High,BLOCK_AND_ISOLATE,CRITICAL
4087,0.8960762262353007,High,BLOCK_AND_ISOLATE,CRITICAL
4088,0.9062621424439848,High,BLOCK_AND_ISOLATE,CRITICAL
4089,0.8962515282960247,High,BLOCK_AND_ISOLATE,CRITICAL
4090,0.9248457359679864,High,BLOCK_AND_ISOLATE,CRITICAL
4091,0.8925181421207643,High,BLOCK_AND_ISOLATE,CRITICAL
4092,0.9057726542782122,High,BLOCK_AND_ISOLATE,CRITICAL
4093,0.9247585510769636,High,BLOCK_AND_ISOLATE,CRITICAL
4094,0.9042964451618888,High,BLOCK_AND_ISOLATE,CRITICAL
4095,0.9056337002108308,High,BLOCK_AND_ISOLATE,CRITICAL
4096,0.9059316255674582,High,BLOCK_AND_ISOLATE,CRITICAL
4097,0.9019314392286836,High,BLOCK_AND_ISOLATE,CRITICAL
4098,0.8971192796185962,High,BLOCK_AND_ISOLATE,CRITICAL
4099,0.9075481826066536,High,BLOCK_AND_ISOLATE,CRITICAL
4100,0.9062621424439848,High,BLOCK_AND_ISOLATE,CRITICAL
4101,0.8958548509075724,High,BLOCK_AND_ISOLATE,CRITICAL
4102,0.9000976550654411,High,BLOCK_AND_ISOLATE,CRITICAL
4103,0.9250111929428282,High,BLOCK_AND_ISOLATE,CRITICAL
4104,0.9062552283051908,High,BLOCK_AND_ISOLATE,CRITICAL
4105,0.8966799752436622,High,BLOCK_AND_ISOLATE,CRITICAL
4106,0.9058918193868328,High,BLOCK_AND_ISOLATE,CRITICAL
4107,0.8971905521588818,High,BLOCK_AND_ISOLATE,CRITICAL
4108,0.8962558496327709,High,BLOCK_AND_ISOLATE,CRITICAL
4109,0.9108844778429418,High,BLOCK_AND_ISOLATE,CRITICAL
4110,0.906052898811094,High,BLOCK_AND_ISOLATE,CRITICAL
4111,0.9049865925202212,High,BLOCK_AND_ISOLATE,CRITICAL
4112,0.9125386337003956,High,BLOCK_AND_ISOLATE,CRITICAL
4113,0.9234982442738066,High,BLOCK_AND_ISOLATE,CRITICAL
4114,0.9258442116370664,High,BLOCK_AND_ISOLATE,CRITICAL
4115,0.908139476762209,High,BLOCK_AND_ISOLATE,CRITICAL
4116,0.8955004515129666,High,BLOCK_AND_ISOLATE,CRITICAL
4117,0.9147270260662828,High,BLOCK_AND_ISOLATE,CRITICAL
4118,0.9005871743916138,High,BLOCK_AND_ISOLATE,CRITICAL
4119,0.9255548741313818,High,BLOCK_AND_ISOLATE,CRITICAL
4120,0.8662653994725565,High,BLOCK_AND_ISOLATE,CRITICAL
4121,0.8955707939209975,High,BLOCK_AND_ISOLATE,CRITICAL
4122,0.9300133538903288,High,BLOCK_AND_ISOLATE,CRITICAL
4123,0.8969395224795453,High,BLOCK_AND_ISOLATE,CRITICAL
4124,0.9143781816280084,High,BLOCK_AND_ISOLATE,CRITICAL
4125,0.9324949204921722,High,BLOCK_AND_ISOLATE,CRITICAL
4126,0.9099603880068438,High,BLOCK_AND_ISOLATE,CRITICAL
4127,0.9075946080825812,High,BLOCK_AND_ISOLATE,CRITICAL
4128,0.8967687950258411,High,BLOCK_AND_ISOLATE,CRITICAL
4129,0.8947893634688496,High,BLOCK_AND_ISOLATE,CRITICAL
4130,0.9039105109807658,High,BLOCK_AND_ISOLATE,CRITICAL
4131,0.8971251208737842,High,BLOCK_AND_ISOLATE,CRITICAL
4132,0.9062621424439848,High,BLOCK_AND_ISOLATE,CRITICAL
4133,0.927359984926261,High,BLOCK_AND_ISOLATE,CRITICAL
4134,0.896248935493977,High,BLOCK_AND_ISOLATE,CRITICAL
4135,0.91199597186549,High,BLOCK_AND_ISOLATE,CRITICAL
4136,0.9062476851822672,High,BLOCK_AND_ISOLATE,CRITICAL
4137,0.8971251208737842,High,BLOCK_AND_ISOLATE,CRITICAL
4138,0.8971691298888546,High,BLOCK_AND_ISOLATE,CRITICAL
4139,0.8971192796185962,High,BLOCK_AND_ISOLATE,CRITICAL
4140,0.8945253329693096,High,BLOCK_AND_ISOLATE,CRITICAL
4141,0.905299969188486,High,BLOCK_AND_ISOLATE,CRITICAL
4142,0.8958548509075724,High,BLOCK_AND_ISOLATE,CRITICAL
4143,0.9062621424439848,High,BLOCK_AND_ISOLATE,CRITICAL
4144,0.8962558496327709,High,BLOCK_AND_ISOLATE,CRITICAL
4145,0.8993685730894997,High,BLOCK_AND_ISOLATE,CRITICAL
4146,0.8968982007582587,High,BLOCK_AND_ISOLATE,CRITICAL
4147,0.8995668696327493,High,BLOCK_AND_ISOLATE,CRITICAL
4148,0.9062621424439848,High,BLOCK_AND_ISOLATE,CRITICAL
4149,0.926065856870986,High,BLOCK_AND_ISOLATE,CRITICAL
4150,0.9101418128745816,High,BLOCK_AND_ISOLATE,CRITICAL
4151,0.9037230599473492,High,BLOCK_AND_ISOLATE,CRITICAL
4152,0.932251524925232,High,BLOCK_AND_ISOLATE,CRITICAL
4153,0.9111580925732742,High,BLOCK_AND_ISOLATE,CRITICAL
4154,0.9198667899945174,High,BLOCK_AND_ISOLATE,CRITICAL
4155,0.9161225281234938,High,BLOCK_AND_ISOLATE,CRITICAL
4156,0.9047886287320992,High,BLOCK_AND_ISOLATE,CRITICAL
4157,0.8862113837591503,High,BLOCK_AND_ISOLATE,CRITICAL
4158,0.9112493276308388,High,BLOCK_AND_ISOLATE,CRITICAL
4159,0.8957422174269006,High,BLOCK_AND_ISOLATE,CRITICAL
4160,0.916167615324274,High,BLOCK_AND_ISOLATE,CRITICAL
4161,0.9248466896423028,High,BLOCK_AND_ISOLATE,CRITICAL
4162,0.8955043556171994,High,BLOCK_AND_ISOLATE,CRITICAL
4163,0.8937974351736361,High,BLOCK_AND_ISOLATE,CRITICAL
4164,0.897484636550573,High,BLOCK_AND_ISOLATE,CRITICAL
4165,0.8936899145494864,High,BLOCK_AND_ISOLATE,CRITICAL
4166,0.9262589789499568,High,BLOCK_AND_ISOLATE,CRITICAL
4167,0.9025529901406424,High,BLOCK_AND_ISOLATE,CRITICAL
4168,0.9234982442738066,High,BLOCK_AND_ISOLATE,CRITICAL
4169,0.9240427769158132,High,BLOCK_AND_ISOLATE,CRITICAL
4170,0.9030336904464138,High,BLOCK_AND_ISOLATE,CRITICAL
4171,0.9057719688247972,High,BLOCK_AND_ISOLATE,CRITICAL
4172,0.8960762262353007,High,BLOCK_AND_ISOLATE,CRITICAL
4173,0.8985818364487396,High,BLOCK_AND_ISOLATE,CRITICAL
4174,0.8937833098237249,High,BLOCK_AND_ISOLATE,CRITICAL
4175,0.9222694376416432,High,BLOCK_AND_ISOLATE,CRITICAL
4176,0.8916523784517011,High,BLOCK_AND_ISOLATE,CRITICAL
4177,0.8962389273865038,High,BLOCK_AND_ISOLATE,CRITICAL
4178,0.912328078715442,High,BLOCK_AND_ISOLATE,CRITICAL
4179,0.9103201741930772,High,BLOCK_AND_ISOLATE,CRITICAL
4180,0.8954104144000496,High,BLOCK_AND_ISOLATE,CRITICAL
4181,0.8949257372455676,High,BLOCK_AND_ISOLATE,CRITICAL
4182,0.904906640647473,High,BLOCK_AND_ISOLATE,CRITICAL
4183,0.9090547582728083,High,BLOCK_AND_ISOLATE,CRITICAL
4184,0.9053225337546772,High,BLOCK_AND_ISOLATE,CRITICAL
4185,0.9223499988196248,High,BLOCK_AND_ISOLATE,CRITICAL
4186,0.9039105109807658,High,BLOCK_AND_ISOLATE,CRITICAL
4187,0.8960762262353007,High,BLOCK_AND_ISOLATE,CRITICAL
4188,0.8971251208737842,High,BLOCK_AND_ISOLATE,CRITICAL
4189,0.6292277455571567,Medium,MONITOR_AND_LOG,WARNING
4190,0.9055180810276284,High,BLOCK_AND_ISOLATE,CRITICAL
4191,0.8962558496327709,High,BLOCK_AND_ISOLATE,CRITICAL
4192,0.9248016617158712,High,BLOCK_AND_ISOLATE,CRITICAL
4193,0.9101410082118772,High,BLOCK_AND_ISOLATE,CRITICAL
4194,0.9104408909438,High,BLOCK_AND_ISOLATE,CRITICAL
4195,0.905929657667722,High,BLOCK_AND_ISOLATE,CRITICAL
4196,0.9235023867966184,High,BLOCK_AND_ISOLATE,CRITICAL
4197,0.9032331951660356,High,BLOCK_AND_ISOLATE,CRITICAL
4198,0.9081039683732052,High,BLOCK_AND_ISOLATE,CRITICAL
4199,0.9325460016727448,High,BLOCK_AND_ISOLATE,CRITICAL
4200,0.8957422174269006,High,BLOCK_AND_ISOLATE,CRITICAL
4201,0.923501045692111,High,BLOCK_AND_ISOLATE,CRITICAL
4202,0.9315337943732704,High,BLOCK_AND_ISOLATE,CRITICAL
4203,0.9143616215095526,High,BLOCK_AND_ISOLATE,CRITICAL
4204,0.915934613048788,High,BLOCK_AND_ISOLATE,CRITICAL
4205,0.9219421466251762,High,BLOCK_AND_ISOLATE,CRITICAL
4206,0.8976521647722734,High,BLOCK_AND_ISOLATE,CRITICAL
4207,0.9057726542782122,High,BLOCK_AND_ISOLATE,CRITICAL
4208,0.9186128929146083,High,BLOCK_AND_ISOLATE,CRITICAL
4209,0.9325178980827332,High,BLOCK_AND_ISOLATE,CRITICAL
4210,0.9039105109807658,High,BLOCK_AND_ISOLATE,CRITICAL
4211,0.9160424412338348,High,BLOCK_AND_ISOLATE,CRITICAL
4212,0.9029822928160152,High,BLOCK_AND_ISOLATE,CRITICAL
4213,0.9234982442738066,High,BLOCK_AND_ISOLATE,CRITICAL
4214,0.9325460016727448,High,BLOCK_AND_ISOLATE,CRITICAL
4215,0.8996152825617926,High,BLOCK_AND_ISOLATE,CRITICAL
4216,0.9251129845741228,High,BLOCK_AND_ISOLATE,CRITICAL
4217,0.8765894840390992,High,BLOCK_AND_ISOLATE,CRITICAL
4218,0.8993554155454331,High,BLOCK_AND_ISOLATE,CRITICAL
4219,0.9008414185070848,High,BLOCK_AND_ISOLATE,CRITICAL
4220,0.9059204019383232,High,BLOCK_AND_ISOLATE,CRITICAL
4221,0.9029613846665486,High,BLOCK_AND_ISOLATE,CRITICAL
4222,0.9030325281558408,High,BLOCK_AND_ISOLATE,CRITICAL
4223,0.8955009879547696,High,BLOCK_AND_ISOLATE,CRITICAL
4224,0.9324571907520294,High,BLOCK_AND_ISOLATE,CRITICAL
4225,0.9325004637241364,High,BLOCK_AND_ISOLATE,CRITICAL
4226,0.9242736376300112,High,BLOCK_AND_ISOLATE,CRITICAL
4227,0.9122295266482024,High,BLOCK_AND_ISOLATE,CRITICAL
4228,0.9036178957090364,High,BLOCK_AND_ISOLATE,CRITICAL
4229,0.9057719092201524,High,BLOCK_AND_ISOLATE,CRITICAL
4230,0.9039105109807658,High,BLOCK_AND_ISOLATE,CRITICAL
4231,0.9325460016727448,High,BLOCK_AND_ISOLATE,CRITICAL
4232,0.8962049323992188,High,BLOCK_AND_ISOLATE,CRITICAL
4233,0.9039105109807658,High,BLOCK_AND_ISOLATE,CRITICAL
4234,0.9058918193868328,High,BLOCK_AND_ISOLATE,CRITICAL
4235,0.8940287179006591,High,BLOCK_AND_ISOLATE,CRITICAL
4236,0.9235595691350452,High,BLOCK_AND_ISOLATE,CRITICAL
4237,0.9324939966201782,High,BLOCK_AND_ISOLATE,CRITICAL
4238,0.7689288240129427,High,BLOCK_AND_ISOLATE,CRITICAL
4239,0.8902670124412427,High,BLOCK_AND_ISOLATE,CRITICAL
4240,0.9031141078967918,High,BLOCK_AND_ISOLATE,CRITICAL
4241,0.9059656260848988,High,BLOCK_AND_ISOLATE,CRITICAL
4242,0.9022424366645434,High,BLOCK_AND_ISOLATE,CRITICAL
4243,0.90190063031464,High,BLOCK_AND_ISOLATE,CRITICAL
4244,0.8960389635314203,High,BLOCK_AND_ISOLATE,CRITICAL
4245,0.896248935493977,High,BLOCK_AND_ISOLATE,CRITICAL
4246,0.9038942091104196,High,BLOCK_AND_ISOLATE,CRITICAL
4247,0.9038942091104196,High,BLOCK_AND_ISOLATE,CRITICAL
4248,0.9035053076542928,High,BLOCK_AND_ISOLATE,CRITICAL
4249,0.8930255450500383,High,BLOCK_AND_ISOLATE,CRITICAL
4250,0.9243963689011646,High,BLOCK_AND_ISOLATE,CRITICAL
4251,0.9161395812516429,High,BLOCK_AND_ISOLATE,CRITICAL
4252,0.9243948489827228,High,BLOCK_AND_ISOLATE,CRITICAL
4253,0.9240432537529716,High,BLOCK_AND_ISOLATE,CRITICAL
4254,0.9258885206911543,High,BLOCK_AND_ISOLATE,CRITICAL
4255,0.9325450778007508,High,BLOCK_AND_ISOLATE,CRITICAL
4256,0.9039105109807658,High,BLOCK_AND_ISOLATE,CRITICAL
4257,0.9302626422374644,High,BLOCK_AND_ISOLATE,CRITICAL
4258,0.9062552283051908,High,BLOCK_AND_ISOLATE,CRITICAL
4259,0.8958539866402232,High,BLOCK_AND_ISOLATE,CRITICAL
4260,0.8971236307576648,High,BLOCK_AND_ISOLATE,CRITICAL
4261,0.9005503581597286,High,BLOCK_AND_ISOLATE,CRITICAL
4262,0.9325656414031982,High,BLOCK_AND_ISOLATE,CRITICAL
4263,0.9152069353861858,High,BLOCK_AND_ISOLATE,CRITICAL
4264,0.9241306833314116,High,BLOCK_AND_ISOLATE,CRITICAL
4265,0.923501045692111,High,BLOCK_AND_ISOLATE,CRITICAL
4266,0.9081364629145552,High,BLOCK_AND_ISOLATE,CRITICAL
4267,0.915795747192378,High,BLOCK_AND_ISOLATE,CRITICAL
4268,0.8958670743475537,High,BLOCK_AND_ISOLATE,CRITICAL
4269,0.905929657667722,High,BLOCK_AND_ISOLATE,CRITICAL
4270,0.9027127224247068,High,BLOCK_AND_ISOLATE,CRITICAL
4271,0.9134269549958854,High,BLOCK_AND_ISOLATE,CRITICAL
4272,0.923501045692111,High,BLOCK_AND_ISOLATE,CRITICAL
4273,0.932454776763916,High,BLOCK_AND_ISOLATE,CRITICAL
4274,0.9128380534300582,High,BLOCK_AND_ISOLATE,CRITICAL
4275,0.9248466896423028,High,BLOCK_AND_ISOLATE,CRITICAL
4276,0.8923989143632484,High,BLOCK_AND_ISOLATE,CRITICAL
4277,0.9218111747841083,High,BLOCK_AND_ISOLATE,CRITICAL
4278,0.8971251208737842,High,BLOCK_AND_ISOLATE,CRITICAL
4279,0.9325460016727448,High,BLOCK_AND_ISOLATE,CRITICAL
4280,0.8963422989401597,High,BLOCK_AND_ISOLATE,CRITICAL
4281,0.8958670743475537,High,BLOCK_AND_ISOLATE,CRITICAL
4282,0.9240827786372082,High,BLOCK_AND_ISOLATE,CRITICAL
4283,0.9034255345236404,High,BLOCK_AND_ISOLATE,CRITICAL
4284,0.8921822176405776,High,BLOCK_AND_ISOLATE,CRITICAL
4285,0.9011605256623518,High,BLOCK_AND_ISOLATE,CRITICAL
4286,0.923626971088632,High,BLOCK_AND_ISOLATE,CRITICAL
4287,0.898942660497115,High,BLOCK_AND_ISOLATE,CRITICAL
4288,0.923501045692111,High,BLOCK_AND_ISOLATE,CRITICAL
4289,0.9062621424439848,High,BLOCK_AND_ISOLATE,CRITICAL
4290,0.9322736084461212,High,BLOCK_AND_ISOLATE,CRITICAL
4291,0.9224298563523268,High,BLOCK_AND_ISOLATE,CRITICAL
4292,0.9258442116370664,High,BLOCK_AND_ISOLATE,CRITICAL
4293,0.9241305939244444,High,BLOCK_AND_ISOLATE,CRITICAL
4294,0.9057735781502062,High,BLOCK_AND_ISOLATE,CRITICAL
4295,0.925932839739336,High,BLOCK_AND_ISOLATE,CRITICAL
4296,0.9039105109807658,High,BLOCK_AND_ISOLATE,CRITICAL
4297,0.9199980490410784,High,BLOCK_AND_ISOLATE,CRITICAL
4298,0.9062621424439848,High,BLOCK_AND_ISOLATE,CRITICAL
4299,0.8923421694870847,High,BLOCK_AND_ISOLATE,CRITICAL
4300,0.9236518511564268,High,BLOCK_AND_ISOLATE,CRITICAL
4301,0.8962558496327709,High,BLOCK_AND_ISOLATE,CRITICAL
4302,0.8955926299866247,High,BLOCK_AND_ISOLATE,CRITICAL
4303,0.8985863962040649,High,BLOCK_AND_ISOLATE,CRITICAL
4304,0.8954978121216315,High,BLOCK_AND_ISOLATE,CRITICAL
4305,0.8971251208737842,High,BLOCK_AND_ISOLATE,CRITICAL
4306,0.9061055742243002,High,BLOCK_AND_ISOLATE,CRITICAL
4307,0.9062621424439848,High,BLOCK_AND_ISOLATE,CRITICAL
4308,0.902912399420066,High,BLOCK_AND_ISOLATE,CRITICAL
4309,0.8971192796185962,High,BLOCK_AND_ISOLATE,CRITICAL
4310,0.9065455351741716,High,BLOCK_AND_ISOLATE,CRITICAL
4311,0.8987678267513602,High,BLOCK_AND_ISOLATE,CRITICAL
4312,0.8201377534970623,High,BLOCK_AND_ISOLATE,CRITICAL
4313,0.8951242627644006,High,BLOCK_AND_ISOLATE,CRITICAL
4314,0.921436149263146,High,BLOCK_AND_ISOLATE,CRITICAL
4315,0.9062599072698058,High,BLOCK_AND_ISOLATE,CRITICAL
4316,0.9211322962259908,High,BLOCK_AND_ISOLATE,CRITICAL
4317,0.9187375359705108,High,BLOCK_AND_ISOLATE,CRITICAL
4318,0.8960777461537425,High,BLOCK_AND_ISOLATE,CRITICAL
4319,0.8915359818181997,High,BLOCK_AND_ISOLATE,CRITICAL
4320,0.9236533710748686,High,BLOCK_AND_ISOLATE,CRITICAL
4321,0.9059939752804376,High,BLOCK_AND_ISOLATE,CRITICAL
4322,0.9234982442738066,High,BLOCK_AND_ISOLATE,CRITICAL
4323,0.9140636337267816,High,BLOCK_AND_ISOLATE,CRITICAL
4324,0.918228467901414,High,BLOCK_AND_ISOLATE,CRITICAL
4325,0.9235023867966184,High,BLOCK_AND_ISOLATE,CRITICAL
4326,0.8968973960955542,High,BLOCK_AND_ISOLATE,CRITICAL
4327,0.9223163800109904,High,BLOCK_AND_ISOLATE,CRITICAL
4328,0.9280213586432208,High,BLOCK_AND_ISOLATE,CRITICAL
4329,0.8969108379784937,High,BLOCK_AND_ISOLATE,CRITICAL
4330,0.90415260938368,High,BLOCK_AND_ISOLATE,CRITICAL
4331,0.8551493575835469,High,BLOCK_AND_ISOLATE,CRITICAL
4332,0.9048712910869664,High,BLOCK_AND_ISOLATE,CRITICAL
4333,0.9079861675879778,High,BLOCK_AND_ISOLATE,CRITICAL
4334,0.9248462128051446,High,BLOCK_AND_ISOLATE,CRITICAL
4335,0.9218630050901024,High,BLOCK_AND_ISOLATE,CRITICAL
4336,0.9058437339155796,High,BLOCK_AND_ISOLATE,CRITICAL
4337,0.8962558496327709,High,BLOCK_AND_ISOLATE,CRITICAL
4338,0.8971251208737842,High,BLOCK_AND_ISOLATE,CRITICAL
4339,0.9235173180312832,High,BLOCK_AND_ISOLATE,CRITICAL
4340,0.8606848762344422,High,BLOCK_AND_ISOLATE,CRITICAL
4341,0.9197595459359684,High,BLOCK_AND_ISOLATE,CRITICAL
4342,0.9325480878353118,High,BLOCK_AND_ISOLATE,CRITICAL
4343,0.9039105109807658,High,BLOCK_AND_ISOLATE,CRITICAL
4344,0.8949500284201637,High,BLOCK_AND_ISOLATE,CRITICAL
4345,0.9211907945570827,High,BLOCK_AND_ISOLATE,CRITICAL
4346,0.8954974544937628,High,BLOCK_AND_ISOLATE,CRITICAL
4347,0.924767357784306,High,BLOCK_AND_ISOLATE,CRITICAL
4348,0.9062621424439848,High,BLOCK_AND_ISOLATE,CRITICAL
4349,0.7893983404805774,High,BLOCK_AND_ISOLATE,CRITICAL
4350,0.9059171458072768,High,BLOCK_AND_ISOLATE,CRITICAL
4351,0.9112067788892948,High,BLOCK_AND_ISOLATE,CRITICAL
4352,0.9079036840018,High,BLOCK_AND_ISOLATE,CRITICAL
4353,0.9217594171423242,High,BLOCK_AND_ISOLATE,CRITICAL
4354,0.9258442116370664,High,BLOCK_AND_ISOLATE,CRITICAL
4355,0.9235023867966184,High,BLOCK_AND_ISOLATE,CRITICAL
4356,0.9012538433428968,High,BLOCK_AND_ISOLATE,CRITICAL
4357,0.8960762262353007,High,BLOCK_AND_ISOLATE,CRITICAL
4358,0.906366087749599,High,BLOCK_AND_ISOLATE,CRITICAL
4359,0.8979388217210972,High,BLOCK_AND_ISOLATE,CRITICAL
4360,0.894028640824474,High,BLOCK_AND_ISOLATE,CRITICAL
4361,0.9185966804512294,High,BLOCK_AND_ISOLATE,CRITICAL
4362,0.925273840324192,High,BLOCK_AND_ISOLATE,CRITICAL
4363,0.9062621424439848,High,BLOCK_AND_ISOLATE,CRITICAL
4364,0.896450264132316,High,BLOCK_AND_ISOLATE,CRITICAL
4365,0.8954978121216315,High,BLOCK_AND_ISOLATE,CRITICAL
4366,0.8928146862657461,High,BLOCK_AND_ISOLATE,CRITICAL
4367,0.9236953890022356,High,BLOCK_AND_ISOLATE,CRITICAL
4368,0.8511961493516034,High,BLOCK_AND_ISOLATE,CRITICAL
4369,0.9252002098929076,High,BLOCK_AND_ISOLATE,CRITICAL
4370,0.8962558496327709,High,BLOCK_AND_ISOLATE,CRITICAL
4371,0.755477605246242,High,BLOCK_AND_ISOLATE,CRITICAL
4372,0.9323370277881622,High,BLOCK_AND_ISOLATE,CRITICAL
4373,0.922774183066915,High,BLOCK_AND_ISOLATE,CRITICAL
4374,0.8971192796185962,High,BLOCK_AND_ISOLATE,CRITICAL
4375,0.9037081990523964,High,BLOCK_AND_ISOLATE,CRITICAL
4376,0.8986712722956381,High,BLOCK_AND_ISOLATE,CRITICAL
4377,0.90291394914083,High,BLOCK_AND_ISOLATE,CRITICAL
4378,0.9325480878353118,High,BLOCK_AND_ISOLATE,CRITICAL
4379,0.899660868871658,High,BLOCK_AND_ISOLATE,CRITICAL
4380,0.8949500284201637,High,BLOCK_AND_ISOLATE,CRITICAL
4381,0.6647650928412766,Medium,MONITOR_AND_LOG,WARNING
4382,0.9033632396395432,High,BLOCK_AND_ISOLATE,CRITICAL
4383,0.926065856870986,High,BLOCK_AND_ISOLATE,CRITICAL
4384,0.8958670743475537,High,BLOCK_AND_ISOLATE,CRITICAL
4385,0.9030707677508616,High,BLOCK_AND_ISOLATE,CRITICAL
4386,0.8989766313692984,High,BLOCK_AND_ISOLATE,CRITICAL
4387,0.9183192333784168,High,BLOCK_AND_ISOLATE,CRITICAL
4388,0.9325460016727448,High,BLOCK_AND_ISOLATE,CRITICAL
4389,0.922399977464973,High,BLOCK_AND_ISOLATE,CRITICAL
4390,0.8937574424649474,High,BLOCK_AND_ISOLATE,CRITICAL
4391,0.8940401619654801,High,BLOCK_AND_ISOLATE,CRITICAL
4392,0.906052898811094,High,BLOCK_AND_ISOLATE,CRITICAL
4393,0.8936986294958983,High,BLOCK_AND_ISOLATE,CRITICAL
4394,0.9229984871753402,High,BLOCK_AND_ISOLATE,CRITICAL
4395,0.9078597247147784,High,BLOCK_AND_ISOLATE,CRITICAL
4396,0.8958784393379916,High,BLOCK_AND_ISOLATE,CRITICAL
4397,0.9231632915327688,High,BLOCK_AND_ISOLATE,CRITICAL
4398,0.9027457121056516,High,BLOCK_AND_ISOLATE,CRITICAL
4399,0.909998286328853,High,BLOCK_AND_ISOLATE,CRITICAL
4400,0.8931420333366701,High,BLOCK_AND_ISOLATE,CRITICAL
4401,0.8955121245133828,High,BLOCK_AND_ISOLATE,CRITICAL
4402,0.9280213586432208,High,BLOCK_AND_ISOLATE,CRITICAL
4403,0.9243948489827228,High,BLOCK_AND_ISOLATE,CRITICAL
4404,0.9096388506554232,High,BLOCK_AND_ISOLATE,CRITICAL
4405,0.8968973960955542,High,BLOCK_AND_ISOLATE,CRITICAL
4406,0.9059233693319364,High,BLOCK_AND_ISOLATE,CRITICAL
4407,0.8969108379784937,High,BLOCK_AND_ISOLATE,CRITICAL
4408,0.9258885206911543,High,BLOCK_AND_ISOLATE,CRITICAL
4409,0.8893022396455964,High,BLOCK_AND_ISOLATE,CRITICAL
4410,0.8962536144585919,High,BLOCK_AND_ISOLATE,CRITICAL
4411,0.8980174321428676,High,BLOCK_AND_ISOLATE,CRITICAL
4412,0.9243963689011646,High,BLOCK_AND_ISOLATE,CRITICAL
4413,0.9017895003307764,High,BLOCK_AND_ISOLATE,CRITICAL
4414,0.8960703596596734,High,BLOCK_AND_ISOLATE,CRITICAL
4415,0.9146749154332906,High,BLOCK_AND_ISOLATE,CRITICAL
4416,0.9057719688247972,High,BLOCK_AND_ISOLATE,CRITICAL
4417,0.9240427769158132,High,BLOCK_AND_ISOLATE,CRITICAL
4418,0.9229984871753402,High,BLOCK_AND_ISOLATE,CRITICAL
4419,0.8985853233204589,High,BLOCK_AND_ISOLATE,CRITICAL
4420,0.8975286121158924,High,BLOCK_AND_ISOLATE,CRITICAL
4421,0.9204388568140284,High,BLOCK_AND_ISOLATE,CRITICAL
4422,0.9243064362249248,High,BLOCK_AND_ISOLATE,CRITICAL
4423,0.9057726542782122,High,BLOCK_AND_ISOLATE,CRITICAL
4424,0.9036178957090364,High,BLOCK_AND_ISOLATE,CRITICAL
4425,0.9032409661302576,High,BLOCK_AND_ISOLATE,CRITICAL
4426,0.8986682273617624,High,BLOCK_AND_ISOLATE,CRITICAL
4427,0.8955464741192657,High,BLOCK_AND_ISOLATE,CRITICAL
4428,0.8971251208737842,High,BLOCK_AND_ISOLATE,CRITICAL
4429,0.9160458516516424,High,BLOCK_AND_ISOLATE,CRITICAL
4430,0.9235023867966184,High,BLOCK_AND_ISOLATE,CRITICAL
4431,0.8968973960955542,High,BLOCK_AND_ISOLATE,CRITICAL
4432,0.896076554060847,High,BLOCK_AND_ISOLATE,CRITICAL
4433,0.9062621424439848,High,BLOCK_AND_ISOLATE,CRITICAL
4434,0.9037081990523964,High,BLOCK_AND_ISOLATE,CRITICAL
4435,0.8984167119284858,High,BLOCK_AND_ISOLATE,CRITICAL
4436,0.8968809322647137,High,BLOCK_AND_ISOLATE,CRITICAL
4437,0.9144471171172632,High,BLOCK_AND_ISOLATE,CRITICAL
4438,0.9038980238076854,High,BLOCK_AND_ISOLATE,CRITICAL
4439,0.9064618816215728,High,BLOCK_AND_ISOLATE,CRITICAL
4440,0.895953554181261,High,BLOCK_AND_ISOLATE,CRITICAL
4441,0.9258885206911543,High,BLOCK_AND_ISOLATE,CRITICAL
4442,0.9101418128745816,High,BLOCK_AND_ISOLATE,CRITICAL
4443,0.9047570242101552,High,BLOCK_AND_ISOLATE,CRITICAL
4444,0.9037108111928478,High,BLOCK_AND_ISOLATE,CRITICAL
4445,0.9240427769158132,High,BLOCK_AND_ISOLATE,CRITICAL
4446,0.9306529069591692,High,BLOCK_AND_ISOLATE,CRITICAL
4447,0.9062552283051908,High,BLOCK_AND_ISOLATE,CRITICAL
4448,0.9062621424439848,High,BLOCK_AND_ISOLATE,CRITICAL
4449,0.9002003591095903,High,BLOCK_AND_ISOLATE,CRITICAL
4450,0.9175933046490546,High,BLOCK_AND_ISOLATE,CRITICAL
4451,0.8955009879547696,High,BLOCK_AND_ISOLATE,CRITICAL
4452,0.8962558496327709,High,BLOCK_AND_ISOLATE,CRITICAL
4453,0.906052898811094,High,BLOCK_AND_ISOLATE,CRITICAL
4454,0.9213506772569664,High,BLOCK_AND_ISOLATE,CRITICAL
4455,0.9258442116370664,High,BLOCK_AND_ISOLATE,CRITICAL
4456,0.9089483467072396,High,BLOCK_AND_ISOLATE,CRITICAL
4457,0.9065455351741716,High,BLOCK_AND_ISOLATE,CRITICAL
4458,0.8955043556171994,High,BLOCK_AND_ISOLATE,CRITICAL
4459,0.8959324393210165,High,BLOCK_AND_ISOLATE,CRITICAL
4460,0.8348903311110779,High,BLOCK_AND_ISOLATE,CRITICAL
4461,0.8955043556171994,High,BLOCK_AND_ISOLATE,CRITICAL
4462,0.9243508760643828,High,BLOCK_AND_ISOLATE,CRITICAL
4463,0.8997492349679593,High,BLOCK_AND_ISOLATE,CRITICAL
4464,0.9035515358638416,High,BLOCK_AND_ISOLATE,CRITICAL
4465,0.8980035456861174,High,BLOCK_AND_ISOLATE,CRITICAL
4466,0.9235023867966184,High,BLOCK_AND_ISOLATE,CRITICAL
4467,0.8971236307576648,High,BLOCK_AND_ISOLATE,CRITICAL
4468,0.9114603741722724,High,BLOCK_AND_ISOLATE,CRITICAL
4469,0.926017603722764,High,BLOCK_AND_ISOLATE,CRITICAL
4470,0.923501045692111,High,BLOCK_AND_ISOLATE,CRITICAL
4471,0.9157623137896908,High,BLOCK_AND_ISOLATE,CRITICAL
4472,0.896450264132316,High,BLOCK_AND_ISOLATE,CRITICAL
4473,0.908586426394454,High,BLOCK_AND_ISOLATE,CRITICAL
4474,0.883015963324741,High,BLOCK_AND_ISOLATE,CRITICAL
4475,0.921279020832458,High,BLOCK_AND_ISOLATE,CRITICAL
4476,0.9041341895474784,High,BLOCK_AND_ISOLATE,CRITICAL
4477,0.9254133289826242,High,BLOCK_AND_ISOLATE,CRITICAL
4478,0.9185979917534144,High,BLOCK_AND_ISOLATE,CRITICAL
4479,0.8924983955092446,High,BLOCK_AND_ISOLATE,CRITICAL
4480,0.8943320818831787,High,BLOCK_AND_ISOLATE,CRITICAL
4481,0.9248462128051446,High,BLOCK_AND_ISOLATE,CRITICAL
4482,0.8946054062602086,High,BLOCK_AND_ISOLATE,CRITICAL
4483,0.8975804210984096,High,BLOCK_AND_ISOLATE,CRITICAL
4484,0.908139476762209,High,BLOCK_AND_ISOLATE,CRITICAL
4485,0.8948457123755856,High,BLOCK_AND_ISOLATE,CRITICAL
4486,0.8958548509075724,High,BLOCK_AND_ISOLATE,CRITICAL
4487,0.8971251208737842,High,BLOCK_AND_ISOLATE,CRITICAL
4488,0.913822221090084,High,BLOCK_AND_ISOLATE,CRITICAL
4489,0.9104348218542996,High,BLOCK_AND_ISOLATE,CRITICAL
4490,0.89924881838575,High,BLOCK_AND_ISOLATE,CRITICAL
4491,0.9186095550545008,High,BLOCK_AND_ISOLATE,CRITICAL
4492,0.9202541200865824,High,BLOCK_AND_ISOLATE,CRITICAL
4493,0.9218471977757918,High,BLOCK_AND_ISOLATE,CRITICAL
4494,0.8993685730894997,High,BLOCK_AND_ISOLATE,CRITICAL
4495,0.9240427769158132,High,BLOCK_AND_ISOLATE,CRITICAL
4496,0.925932839739336,High,BLOCK_AND_ISOLATE,CRITICAL
4497,0.8975290293484058,High,BLOCK_AND_ISOLATE,CRITICAL
4498,0.9062552283051908,High,BLOCK_AND_ISOLATE,CRITICAL
4499,0.9062552283051908,High,BLOCK_AND_ISOLATE,CRITICAL
4500,0.8972174678010756,High,BLOCK_AND_ISOLATE,CRITICAL
4501,0.910254536834914,High,BLOCK_AND_ISOLATE,CRITICAL
4502,0.8958548509075724,High,BLOCK_AND_ISOLATE,CRITICAL
4503,0.8975978080179665,High,BLOCK_AND_ISOLATE,CRITICAL
4504,0.9243948489827228,High,BLOCK_AND_ISOLATE,CRITICAL
4505,0.9031853151026428,High,BLOCK_AND_ISOLATE,CRITICAL
4506,0.9037081990523964,High,BLOCK_AND_ISOLATE,CRITICAL
4507,0.9059204019383232,High,BLOCK_AND_ISOLATE,CRITICAL
4508,0.8934597083744277,High,BLOCK_AND_ISOLATE,CRITICAL
4509,0.9061845576509816,High,BLOCK_AND_ISOLATE,CRITICAL
4510,0.8968982007582587,High,BLOCK_AND_ISOLATE,CRITICAL
4511,0.9060663236813072,High,BLOCK_AND_ISOLATE,CRITICAL
4512,0.9263392197460052,High,BLOCK_AND_ISOLATE,CRITICAL
4513,0.9025528411290304,High,BLOCK_AND_ISOLATE,CRITICAL
4514,0.9105096368256884,High,BLOCK_AND_ISOLATE,CRITICAL
4515,0.8969394628749006,High,BLOCK_AND_ISOLATE,CRITICAL
4516,0.8996700569534313,High,BLOCK_AND_ISOLATE,CRITICAL
4517,0.896450264132316,High,BLOCK_AND_ISOLATE,CRITICAL
4518,0.925932839739336,High,BLOCK_AND_ISOLATE,CRITICAL
4519,0.9232841699688988,High,BLOCK_AND_ISOLATE,CRITICAL
4520,0.8971251208737842,High,BLOCK_AND_ISOLATE,CRITICAL
4521,0.906052898811094,High,BLOCK_AND_ISOLATE,CRITICAL
4522,0.8964537277358605,High,BLOCK_AND_ISOLATE,CRITICAL
4523,0.8968973960955542,High,BLOCK_AND_ISOLATE,CRITICAL
4524,0.9201763445406574,High,BLOCK_AND_ISOLATE,CRITICAL
4525,0.9066187567187356,High,BLOCK_AND_ISOLATE,CRITICAL
4526,0.9186128929146083,High,BLOCK_AND_ISOLATE,CRITICAL
4527,0.8971251208737842,High,BLOCK_AND_ISOLATE,CRITICAL
4528,0.9244317861983437,High,BLOCK_AND_ISOLATE,CRITICAL
4529,0.9186949256416096,High,BLOCK_AND_ISOLATE,CRITICAL
4530,0.8965388947015479,High,BLOCK_AND_ISOLATE,CRITICAL
4531,0.9124298576111296,High,BLOCK_AND_ISOLATE,CRITICAL
4532,0.8976734588587939,High,BLOCK_AND_ISOLATE,CRITICAL
4533,0.8883824975487291,High,BLOCK_AND_ISOLATE,CRITICAL
4534,0.8962558496327709,High,BLOCK_AND_ISOLATE,CRITICAL
4535,0.6449325153805403,Medium,MONITOR_AND_LOG,WARNING
4536,0.8920786762649833,High,BLOCK_AND_ISOLATE,CRITICAL
4537,0.9033746974791717,High,BLOCK_AND_ISOLATE,CRITICAL
4538,0.8993611740102655,High,BLOCK_AND_ISOLATE,CRITICAL
4539,0.9059204019383232,High,BLOCK_AND_ISOLATE,CRITICAL
4540,0.9062621424439848,High,BLOCK_AND_ISOLATE,CRITICAL
4541,0.9248462128051446,High,BLOCK_AND_ISOLATE,CRITICAL
4542,0.8912143610035645,High,BLOCK_AND_ISOLATE,CRITICAL
4543,0.8965590494528218,High,BLOCK_AND_ISOLATE,CRITICAL
4544,0.8954104144000496,High,BLOCK_AND_ISOLATE,CRITICAL
4545,0.9230547303757968,High,BLOCK_AND_ISOLATE,CRITICAL
4546,0.904567090418331,High,BLOCK_AND_ISOLATE,CRITICAL
4547,0.9127751525825184,High,BLOCK_AND_ISOLATE,CRITICAL
4548,0.9050892719865006,High,BLOCK_AND_ISOLATE,CRITICAL
4549,0.9003191825843982,High,BLOCK_AND_ISOLATE,CRITICAL
4550,0.932243233224352,High,BLOCK_AND_ISOLATE,CRITICAL
4551,0.896545510226432,High,BLOCK_AND_ISOLATE,CRITICAL
4552,0.902833247059896,High,BLOCK_AND_ISOLATE,CRITICAL
4553,0.8971192796185962,High,BLOCK_AND_ISOLATE,CRITICAL
4554,0.9325460016727448,High,BLOCK_AND_ISOLATE,CRITICAL
4555,0.9205408988273024,High,BLOCK_AND_ISOLATE,CRITICAL
4556,0.903655794413898,High,BLOCK_AND_ISOLATE,CRITICAL
4557,0.902912399420066,High,BLOCK_AND_ISOLATE,CRITICAL
4558,0.9062924941136866,High,BLOCK_AND_ISOLATE,CRITICAL
4559,0.8949500284201637,High,BLOCK_AND_ISOLATE,CRITICAL
4560,0.8962558496327709,High,BLOCK_AND_ISOLATE,CRITICAL
4561,0.8936409527475189,High,BLOCK_AND_ISOLATE,CRITICAL
4562,0.9039105109807658,High,BLOCK_AND_ISOLATE,CRITICAL
4563,0.8960777461537425,High,BLOCK_AND_ISOLATE,CRITICAL
4564,0.6535167763994103,Medium,MONITOR_AND_LOG,WARNING
4565,0.9079326487616772,High,BLOCK_AND_ISOLATE,CRITICAL
4566,0.9235023867966184,High,BLOCK_AND_ISOLATE,CRITICAL
4567,0.9062621424439848,High,BLOCK_AND_ISOLATE,CRITICAL
4568,0.8997523553469131,High,BLOCK_AND_ISOLATE,CRITICAL
4569,0.9234504796991598,High,BLOCK_AND_ISOLATE,CRITICAL
4570,0.8969430093512647,High,BLOCK_AND_ISOLATE,CRITICAL
4571,0.8962536144585919,High,BLOCK_AND_ISOLATE,CRITICAL
4572,0.9252896208154582,High,BLOCK_AND_ISOLATE,CRITICAL
4573,0.9325655817985534,High,BLOCK_AND_ISOLATE,CRITICAL
4574,0.9039105109807658,High,BLOCK_AND_ISOLATE,CRITICAL
4575,0.8351576713458359,High,BLOCK_AND_ISOLATE,CRITICAL
4576,0.9205167632178782,High,BLOCK_AND_ISOLATE,CRITICAL
4577,0.9243069130620832,High,BLOCK_AND_ISOLATE,CRITICAL
4578,0.902683834793209,High,BLOCK_AND_ISOLATE,CRITICAL
4579,0.9202259799689352,High,BLOCK_AND_ISOLATE,CRITICAL
4580,0.8970854049339448,High,BLOCK_AND_ISOLATE,CRITICAL
4581,0.9325579524040222,High,BLOCK_AND_ISOLATE,CRITICAL
4582,0.9062621424439848,High,BLOCK_AND_ISOLATE,CRITICAL
4583,0.8984235111381963,High,BLOCK_AND_ISOLATE,CRITICAL
4584,0.9248452591308282,High,BLOCK_AND_ISOLATE,CRITICAL
4585,0.8971192796185962,High,BLOCK_AND_ISOLATE,CRITICAL
4586,0.8972431193295912,High,BLOCK_AND_ISOLATE,CRITICAL
4587,0.8991083612959209,High,BLOCK_AND_ISOLATE,CRITICAL
4588,0.900986900150729,High,BLOCK_AND_ISOLATE,CRITICAL
4589,0.9158155557702676,High,BLOCK_AND_ISOLATE,CRITICAL
4590,0.9215037717282556,High,BLOCK_AND_ISOLATE,CRITICAL
4591,0.9062621424439848,High,BLOCK_AND_ISOLATE,CRITICAL
4592,0.9037301872130792,High,BLOCK_AND_ISOLATE,CRITICAL
4593,0.8942718026612593,High,BLOCK_AND_ISOLATE,CRITICAL
4594,0.9103231243074952,High,BLOCK_AND_ISOLATE,CRITICAL
4595,0.9248466896423028,High,BLOCK_AND_ISOLATE,CRITICAL
4596,0.8929839961006486,High,BLOCK_AND_ISOLATE,CRITICAL
4597,0.8773260940829023,High,BLOCK_AND_ISOLATE,CRITICAL
4598,0.9062621424439848,High,BLOCK_AND_ISOLATE,CRITICAL
4599,0.923501045692111,High,BLOCK_AND_ISOLATE,CRITICAL
4600,0.8960727989682261,High,BLOCK_AND_ISOLATE,CRITICAL
4601,0.9065087026908198,High,BLOCK_AND_ISOLATE,CRITICAL
4602,0.8927814260838128,High,BLOCK_AND_ISOLATE,CRITICAL
4603,0.6685428082845101,Medium,MONITOR_AND_LOG,WARNING
4604,0.8965388052945807,High,BLOCK_AND_ISOLATE,CRITICAL
4605,0.9213618036437672,High,BLOCK_AND_ISOLATE,CRITICAL
4606,0.925157128696872,High,BLOCK_AND_ISOLATE,CRITICAL
4607,0.9060736427087194,High,BLOCK_AND_ISOLATE,CRITICAL
4608,0.9252896208154582,High,BLOCK_AND_ISOLATE,CRITICAL
4609,0.8916408823677436,High,BLOCK_AND_ISOLATE,CRITICAL
4610,0.8960703000550286,High,BLOCK_AND_ISOLATE,CRITICAL
4611,0.8960777461537425,High,BLOCK_AND_ISOLATE,CRITICAL
4612,0.9235023867966184,High,BLOCK_AND_ISOLATE,CRITICAL
4613,0.9235023867966184,High,BLOCK_AND_ISOLATE,CRITICAL
4614,0.8952225160442435,High,BLOCK_AND_ISOLATE,CRITICAL
4615,0.9057729224991136,High,BLOCK_AND_ISOLATE,CRITICAL
4616,0.896450264132316,High,BLOCK_AND_ISOLATE,CRITICAL
4617,0.9120528562245512,High,BLOCK_AND_ISOLATE,CRITICAL
4618,0.9215873489936542,High,BLOCK_AND_ISOLATE,CRITICAL
4619,0.9173819457097344,High,BLOCK_AND_ISOLATE,CRITICAL
4620,0.91617672151216,High,BLOCK_AND_ISOLATE,CRITICAL
4621,0.9231598057912322,High,BLOCK_AND_ISOLATE,CRITICAL
4622,0.9025174891713154,High,BLOCK_AND_ISOLATE,CRITICAL
4623,0.9325178980827332,High,BLOCK_AND_ISOLATE,CRITICAL
4624,0.9062621424439848,High,BLOCK_AND_ISOLATE,CRITICAL
4625,0.9197595459359684,High,BLOCK_AND_ISOLATE,CRITICAL
4626,0.931234530276278,High,BLOCK_AND_ISOLATE,CRITICAL
4627,0.9060741195458776,High,BLOCK_AND_ISOLATE,CRITICAL
4628,0.9243958920640064,High,BLOCK_AND_ISOLATE,CRITICAL
4629,0.903226170884216,High,BLOCK_AND_ISOLATE,CRITICAL
4630,0.8960727989682261,High,BLOCK_AND_ISOLATE,CRITICAL
4631,0.9058685390653838,High,BLOCK_AND_ISOLATE,CRITICAL
4632,0.8962558496327709,High,BLOCK_AND_ISOLATE,CRITICAL
4633,0.9248462128051446,High,BLOCK_AND_ISOLATE,CRITICAL
4634,0.8917038309170411,High,BLOCK_AND_ISOLATE,CRITICAL
4635,0.9025703860864104,High,BLOCK_AND_ISOLATE,CRITICAL
4636,0.9235023867966184,High,BLOCK_AND_ISOLATE,CRITICAL
4637,0.904200953954393,High,BLOCK_AND_ISOLATE,CRITICAL
4638,0.8958548509075724,High,BLOCK_AND_ISOLATE,CRITICAL
4639,0.8971192796185962,High,BLOCK_AND_ISOLATE,CRITICAL
4640,0.9036325322592912,High,BLOCK_AND_ISOLATE,CRITICAL
4641,0.9040197417932804,High,BLOCK_AND_ISOLATE,CRITICAL
4642,0.9324567139148712,High,BLOCK_AND_ISOLATE,CRITICAL
4643,0.90303401827196,High,BLOCK_AND_ISOLATE,CRITICAL
4644,0.8786194463113183,High,BLOCK_AND_ISOLATE,CRITICAL
4645,0.9235023867966184,High,BLOCK_AND_ISOLATE,CRITICAL
4646,0.8962536144585919,High,BLOCK_AND_ISOLATE,CRITICAL
4647,0.9039105109807658,High,BLOCK_AND_ISOLATE,CRITICAL
4648,0.8970835008442218,High,BLOCK_AND_ISOLATE,CRITICAL
4649,0.9231598057912322,High,BLOCK_AND_ISOLATE,CRITICAL
4650,0.8965406828408912,High,BLOCK_AND_ISOLATE,CRITICAL
4651,0.8962843900876377,High,BLOCK_AND_ISOLATE,CRITICAL
4652,0.9064618816215728,High,BLOCK_AND_ISOLATE,CRITICAL
4653,0.9050892719865006,High,BLOCK_AND_ISOLATE,CRITICAL
4654,0.8746442238939617,High,BLOCK_AND_ISOLATE,CRITICAL
4655,0.9167148366568834,High,BLOCK_AND_ISOLATE,CRITICAL
4656,0.9017114110538316,High,BLOCK_AND_ISOLATE,CRITICAL
4657,0.90088849577972,High,BLOCK_AND_ISOLATE,CRITICAL
4658,0.9301684717339416,High,BLOCK_AND_ISOLATE,CRITICAL
4659,0.8967851990470819,High,BLOCK_AND_ISOLATE,CRITICAL
4660,0.9223821013453748,High,BLOCK_AND_ISOLATE,CRITICAL
4661,0.9058000791972506,High,BLOCK_AND_ISOLATE,CRITICAL
4662,0.8976396379092383,High,BLOCK_AND_ISOLATE,CRITICAL
4663,0.8949477718344053,High,BLOCK_AND_ISOLATE,CRITICAL
4664,0.924613985831508,High,BLOCK_AND_ISOLATE,CRITICAL
4665,0.5508530919045425,Medium,MONITOR_AND_LOG,WARNING
4666,0.9025552551171436,High,BLOCK_AND_ISOLATE,CRITICAL
4667,0.9078515938658954,High,BLOCK_AND_ISOLATE,CRITICAL
4668,0.91818018686094,High,BLOCK_AND_ISOLATE,CRITICAL
4669,0.9235023867966184,High,BLOCK_AND_ISOLATE,CRITICAL
4670,0.8949500284201637,High,BLOCK_AND_ISOLATE,CRITICAL
4671,0.9028154528661444,High,BLOCK_AND_ISOLATE,CRITICAL
4672,0.9087545672707968,High,BLOCK_AND_ISOLATE,CRITICAL
4673,0.8930660341586156,High,BLOCK_AND_ISOLATE,CRITICAL
4674,0.9239554763459326,High,BLOCK_AND_ISOLATE,CRITICAL
4675,0.8620402933334459,High,BLOCK_AND_ISOLATE,CRITICAL
4676,0.9135650145316756,High,BLOCK_AND_ISOLATE,CRITICAL
4677,0.8971251208737842,High,BLOCK_AND_ISOLATE,CRITICAL
4678,0.9235023867966184,High,BLOCK_AND_ISOLATE,CRITICAL
4679,0.8962558496327709,High,BLOCK_AND_ISOLATE,CRITICAL
4680,0.9164290572467336,High,BLOCK_AND_ISOLATE,CRITICAL
4681,0.9318072797649648,High,BLOCK_AND_ISOLATE,CRITICAL
4682,0.8947672686651245,High,BLOCK_AND_ISOLATE,CRITICAL
4683,0.9231598057912322,High,BLOCK_AND_ISOLATE,CRITICAL
4684,0.9026536300037464,High,BLOCK_AND_ISOLATE,CRITICAL
4685,0.8176005227019971,High,BLOCK_AND_ISOLATE,CRITICAL
4686,0.8966454111587514,High,BLOCK_AND_ISOLATE,CRITICAL
4687,0.9059939752804376,High,BLOCK_AND_ISOLATE,CRITICAL
4688,0.9026355824963144,High,BLOCK_AND_ISOLATE,CRITICAL
4689,0.916310917755841,High,BLOCK_AND_ISOLATE,CRITICAL
4690,0.8962558496327709,High,BLOCK_AND_ISOLATE,CRITICAL
4691,0.8939048546333809,High,BLOCK_AND_ISOLATE,CRITICAL
4692,0.8911820904143705,High,BLOCK_AND_ISOLATE,CRITICAL
4693,0.9194949211350923,High,BLOCK_AND_ISOLATE,CRITICAL
4694,0.9248462128051446,High,BLOCK_AND_ISOLATE,CRITICAL
4695,0.7218711833490814,High,BLOCK_AND_ISOLATE,CRITICAL
4696,0.9235023867966184,High,BLOCK_AND_ISOLATE,CRITICAL
4697,0.9017420094220372,High,BLOCK_AND_ISOLATE,CRITICAL
4698,0.9242736376300112,High,BLOCK_AND_ISOLATE,CRITICAL
4699,0.9030336904464138,High,BLOCK_AND_ISOLATE,CRITICAL
4700,0.9240427769158132,High,BLOCK_AND_ISOLATE,CRITICAL
4701,0.8962558496327709,High,BLOCK_AND_ISOLATE,CRITICAL
4702,0.9062621424439848,High,BLOCK_AND_ISOLATE,CRITICAL
4703,0.89268510880073,High,BLOCK_AND_ISOLATE,CRITICAL
4704,0.9235023867966184,High,BLOCK_AND_ISOLATE,CRITICAL
4705,0.8955707939209975,High,BLOCK_AND_ISOLATE,CRITICAL
4706,0.9231598057912322,High,BLOCK_AND_ISOLATE,CRITICAL
4707,0.9062552283051908,High,BLOCK_AND_ISOLATE,CRITICAL
4708,0.8962558496327709,High,BLOCK_AND_ISOLATE,CRITICAL
4709,0.8129578245585293,High,BLOCK_AND_ISOLATE,CRITICAL
4710,0.9090547582728083,High,BLOCK_AND_ISOLATE,CRITICAL
4711,0.8969108379784937,High,BLOCK_AND_ISOLATE,CRITICAL
4712,0.770844925869869,High,BLOCK_AND_ISOLATE,CRITICAL
4713,0.9062621424439848,High,BLOCK_AND_ISOLATE,CRITICAL
4714,0.9186574509410922,High,BLOCK_AND_ISOLATE,CRITICAL
4715,0.9236903887752966,High,BLOCK_AND_ISOLATE,CRITICAL
4716,0.9154933919645116,High,BLOCK_AND_ISOLATE,CRITICAL
4717,0.9231598057912322,High,BLOCK_AND_ISOLATE,CRITICAL
4718,0.9057729224991136,High,BLOCK_AND_ISOLATE,CRITICAL
4719,0.8958539866402232,High,BLOCK_AND_ISOLATE,CRITICAL
4720,0.9325672507286072,High,BLOCK_AND_ISOLATE,CRITICAL
4721,0.9062621424439848,High,BLOCK_AND_ISOLATE,CRITICAL
4722,0.9061845576509816,High,BLOCK_AND_ISOLATE,CRITICAL
4723,0.927490788377832,High,BLOCK_AND_ISOLATE,CRITICAL
4724,0.9177392536315208,High,BLOCK_AND_ISOLATE,CRITICAL
4725,0.9325460016727448,High,BLOCK_AND_ISOLATE,CRITICAL
4726,0.9036178957090364,High,BLOCK_AND_ISOLATE,CRITICAL
4727,0.8971251208737842,High,BLOCK_AND_ISOLATE,CRITICAL
4728,0.9312834030749187,High,BLOCK_AND_ISOLATE,CRITICAL
4729,0.8962505448193859,High,BLOCK_AND_ISOLATE,CRITICAL
4730,0.8986152774124775,High,BLOCK_AND_ISOLATE,CRITICAL
4731,0.8962536144585919,High,BLOCK_AND_ISOLATE,CRITICAL
4732,0.9017313668082156,High,BLOCK_AND_ISOLATE,CRITICAL
4733,0.9043464645686936,High,BLOCK_AND_ISOLATE,CRITICAL
4734,0.921404564852813,High,BLOCK_AND_ISOLATE,CRITICAL
4735,0.9240427769158132,High,BLOCK_AND_ISOLATE,CRITICAL
4736,0.9151301264176736,High,BLOCK_AND_ISOLATE,CRITICAL
4737,0.8722050403504422,High,BLOCK_AND_ISOLATE,CRITICAL
4738,0.9062621424439848,High,BLOCK_AND_ISOLATE,CRITICAL
4739,0.9235023867966184,High,BLOCK_AND_ISOLATE,CRITICAL
4740,0.8955043556171994,High,BLOCK_AND_ISOLATE,CRITICAL
4741,0.9240386939976462,High,BLOCK_AND_ISOLATE,CRITICAL
4742,0.9060663236813072,High,BLOCK_AND_ISOLATE,CRITICAL
4743,0.9226629315508688,High,BLOCK_AND_ISOLATE,CRITICAL
4744,0.925445727530708,High,BLOCK_AND_ISOLATE,CRITICAL
4745,0.8954104144000496,High,BLOCK_AND_ISOLATE,CRITICAL
4746,0.9062552283051908,High,BLOCK_AND_ISOLATE,CRITICAL
4747,0.929464461451157,High,BLOCK_AND_ISOLATE,CRITICAL
4748,0.917739826327998,High,BLOCK_AND_ISOLATE,CRITICAL
4749,0.9037210035871044,High,BLOCK_AND_ISOLATE,CRITICAL
4750,0.924173479986451,High,BLOCK_AND_ISOLATE,CRITICAL
4751,0.9232893459989502,High,BLOCK_AND_ISOLATE,CRITICAL
4752,0.9036178957090364,High,BLOCK_AND_ISOLATE,CRITICAL
4753,0.9057719688247972,High,BLOCK_AND_ISOLATE,CRITICAL
4754,0.8969955391942155,High,BLOCK_AND_ISOLATE,CRITICAL
4755,0.9007196853968672,High,BLOCK_AND_ISOLATE,CRITICAL
4756,0.9232893758012726,High,BLOCK_AND_ISOLATE,CRITICAL
4757,0.9038942091104196,High,BLOCK_AND_ISOLATE,CRITICAL
4758,0.905772564871245,High,BLOCK_AND_ISOLATE,CRITICAL
4759,0.8958670743475537,High,BLOCK_AND_ISOLATE,CRITICAL
4760,0.8956457588342283,High,BLOCK_AND_ISOLATE,CRITICAL
4761,0.8954974544937628,High,BLOCK_AND_ISOLATE,CRITICAL
4762,0.8962558496327709,High,BLOCK_AND_ISOLATE,CRITICAL
4763,0.920111060695342,High,BLOCK_AND_ISOLATE,CRITICAL
4764,0.918331764502848,High,BLOCK_AND_ISOLATE,CRITICAL
4765,0.8721543924833665,High,BLOCK_AND_ISOLATE,CRITICAL
4766,0.9325429916381835,High,BLOCK_AND_ISOLATE,CRITICAL
4767,0.8962558496327709,High,BLOCK_AND_ISOLATE,CRITICAL
4768,0.9235023867966184,High,BLOCK_AND_ISOLATE,CRITICAL
4769,0.9231952216170048,High,BLOCK_AND_ISOLATE,CRITICAL
4770,0.9151945784379056,High,BLOCK_AND_ISOLATE,CRITICAL
4771,0.9062552283051908,High,BLOCK_AND_ISOLATE,CRITICAL
4772,0.883225093371666,High,BLOCK_AND_ISOLATE,CRITICAL
4773,0.8960777461537425,High,BLOCK_AND_ISOLATE,CRITICAL
4774,0.8962558496327709,High,BLOCK_AND_ISOLATE,CRITICAL
4775,0.9062621424439848,High,BLOCK_AND_ISOLATE,CRITICAL
4776,0.9248079895477762,High,BLOCK_AND_ISOLATE,CRITICAL
4777,0.9066940962563532,High,BLOCK_AND_ISOLATE,CRITICAL
4778,0.9248457359679864,High,BLOCK_AND_ISOLATE,CRITICAL
4779,0.8971236307576648,High,BLOCK_AND_ISOLATE,CRITICAL
4780,0.9068759217642828,High,BLOCK_AND_ISOLATE,CRITICAL
4781,0.9234137950123762,High,BLOCK_AND_ISOLATE,CRITICAL
4782,0.906052898811094,High,BLOCK_AND_ISOLATE,CRITICAL
4783,0.9248462128051446,High,BLOCK_AND_ISOLATE,CRITICAL
4784,0.8952783018760239,High,BLOCK_AND_ISOLATE,CRITICAL
4785,0.9022990325008232,High,BLOCK_AND_ISOLATE,CRITICAL
4786,0.9221019136594106,High,BLOCK_AND_ISOLATE,CRITICAL
4787,0.9005871743916138,High,BLOCK_AND_ISOLATE,CRITICAL
4788,0.923080018571329,High,BLOCK_AND_ISOLATE,CRITICAL
4789,0.9074221992315906,High,BLOCK_AND_ISOLATE,CRITICAL
4790,0.9039105109807658,High,BLOCK_AND_ISOLATE,CRITICAL
4791,0.9042877930260446,High,BLOCK_AND_ISOLATE,CRITICAL
4792,0.8971949952079691,High,BLOCK_AND_ISOLATE,CRITICAL
4793,0.9236027684385292,High,BLOCK_AND_ISOLATE,CRITICAL
4794,0.8986174231796894,High,BLOCK_AND_ISOLATE,CRITICAL
4795,0.8999390583186205,High,BLOCK_AND_ISOLATE,CRITICAL
4796,0.8924421218740043,High,BLOCK_AND_ISOLATE,CRITICAL
4797,0.9252393702022732,High,BLOCK_AND_ISOLATE,CRITICAL
4798,0.8988572040004938,High,BLOCK_AND_ISOLATE,CRITICAL
4799,0.9325669229030608,High,BLOCK_AND_ISOLATE,CRITICAL
4800,0.9181495583992356,High,BLOCK_AND_ISOLATE,CRITICAL
4801,0.9061055742243002,High,BLOCK_AND_ISOLATE,CRITICAL
4802,0.8997671575677555,High,BLOCK_AND_ISOLATE,CRITICAL
4803,0.8951018914393097,High,BLOCK_AND_ISOLATE,CRITICAL
4804,0.9231632915327688,High,BLOCK_AND_ISOLATE,CRITICAL
4805,0.8992894802375856,High,BLOCK_AND_ISOLATE,CRITICAL
4806,0.9229984871753402,High,BLOCK_AND_ISOLATE,CRITICAL
4807,0.8706491003953566,High,BLOCK_AND_ISOLATE,CRITICAL
4808,0.9236033644849768,High,BLOCK_AND_ISOLATE,CRITICAL
4809,0.9240432537529716,High,BLOCK_AND_ISOLATE,CRITICAL
4810,0.90268359637463,High,BLOCK_AND_ISOLATE,CRITICAL
4811,0.9232919686033204,High,BLOCK_AND_ISOLATE,CRITICAL
4812,0.9240427769158132,High,BLOCK_AND_ISOLATE,CRITICAL
4813,0.9151725634218754,High,BLOCK_AND_ISOLATE,CRITICAL
4814,0.9223214559620896,High,BLOCK_AND_ISOLATE,CRITICAL
4815,0.918631910350806,High,BLOCK_AND_ISOLATE,CRITICAL
4816,0.9029975260467258,High,BLOCK_AND_ISOLATE,CRITICAL
4817,0.9218809850083654,High,BLOCK_AND_ISOLATE,CRITICAL
4818,0.9062621424439848,High,BLOCK_AND_ISOLATE,CRITICAL
4819,0.902608627080376,High,BLOCK_AND_ISOLATE,CRITICAL
4820,0.9038942091104196,High,BLOCK_AND_ISOLATE,CRITICAL
4821,0.9022797042647792,High,BLOCK_AND_ISOLATE,CRITICAL
4822,0.9057729224991136,High,BLOCK_AND_ISOLATE,CRITICAL
4823,0.9096388506554232,High,BLOCK_AND_ISOLATE,CRITICAL
4824,0.6059218312177377,Medium,MONITOR_AND_LOG,WARNING
4825,0.90855378855601,High,BLOCK_AND_ISOLATE,CRITICAL
4826,0.9104408909438,High,BLOCK_AND_ISOLATE,CRITICAL
4827,0.9261457491731524,High,BLOCK_AND_ISOLATE,CRITICAL
4828,0.9057719092201524,High,BLOCK_AND_ISOLATE,CRITICAL
4829,0.8966123646502825,High,BLOCK_AND_ISOLATE,CRITICAL
4830,0.8954104144000496,High,BLOCK_AND_ISOLATE,CRITICAL
4831,0.932341706752777,High,BLOCK_AND_ISOLATE,CRITICAL
4832,0.9243948489827228,High,BLOCK_AND_ISOLATE,CRITICAL
4833,0.9062621424439848,High,BLOCK_AND_ISOLATE,CRITICAL
4834,0.9059200016695064,High,BLOCK_AND_ISOLATE,CRITICAL
4835,0.90262212582553,High,BLOCK_AND_ISOLATE,CRITICAL
4836,0.9203731586491104,High,BLOCK_AND_ISOLATE,CRITICAL
4837,0.9243084329805248,High,BLOCK_AND_ISOLATE,CRITICAL
4838,0.9064384467296934,High,BLOCK_AND_ISOLATE,CRITICAL
4839,0.8830225682996666,High,BLOCK_AND_ISOLATE,CRITICAL
4840,0.9062599072698058,High,BLOCK_AND_ISOLATE,CRITICAL
4841,0.9098466682816048,High,BLOCK_AND_ISOLATE,CRITICAL
4842,0.9235023867966184,High,BLOCK_AND_ISOLATE,CRITICAL
4843,0.8963422989401597,High,BLOCK_AND_ISOLATE,CRITICAL
4844,0.9059287934003728,High,BLOCK_AND_ISOLATE,CRITICAL
4845,0.9221083609134187,High,BLOCK_AND_ISOLATE,CRITICAL
4846,0.9059233693319364,High,BLOCK_AND_ISOLATE,CRITICAL
4847,0.9261258328717764,High,BLOCK_AND_ISOLATE,CRITICAL
4848,0.9064384467296934,High,BLOCK_AND_ISOLATE,CRITICAL
4849,0.906052898811094,High,BLOCK_AND_ISOLATE,CRITICAL
4850,0.8954110700511422,High,BLOCK_AND_ISOLATE,CRITICAL
4851,0.9014886134028915,High,BLOCK_AND_ISOLATE,CRITICAL
4852,0.8942748432694065,High,BLOCK_AND_ISOLATE,CRITICAL
4853,0.905929657667722,High,BLOCK_AND_ISOLATE,CRITICAL
4854,0.8940527064285143,High,BLOCK_AND_ISOLATE,CRITICAL
4855,0.925932839739336,High,BLOCK_AND_ISOLATE,CRITICAL
4856,0.9062621424439848,High,BLOCK_AND_ISOLATE,CRITICAL
4857,0.8962558496327709,High,BLOCK_AND_ISOLATE,CRITICAL
4858,0.902176786099548,High,BLOCK_AND_ISOLATE,CRITICAL
4859,0.9204296507267176,High,BLOCK_AND_ISOLATE,CRITICAL
4860,0.907962251311098,High,BLOCK_AND_ISOLATE,CRITICAL
4861,0.9235023867966184,High,BLOCK_AND_ISOLATE,CRITICAL
4862,0.9235023867966184,High,BLOCK_AND_ISOLATE,CRITICAL
4863,0.9240432537529716,High,BLOCK_AND_ISOLATE,CRITICAL
4864,0.9058918193868328,High,BLOCK_AND_ISOLATE,CRITICAL
4865,0.896462954718026,High,BLOCK_AND_ISOLATE,CRITICAL
4866,0.906368879994916,High,BLOCK_AND_ISOLATE,CRITICAL
4867,0.9059587119461048,High,BLOCK_AND_ISOLATE,CRITICAL
4868,0.9062621424439848,High,BLOCK_AND_ISOLATE,CRITICAL
4869,0.9243069130620832,High,BLOCK_AND_ISOLATE,CRITICAL
4870,0.9260164712345132,High,BLOCK_AND_ISOLATE,CRITICAL
4871,0.9325632274150848,High,BLOCK_AND_ISOLATE,CRITICAL
4872,0.9325460016727448,High,BLOCK_AND_ISOLATE,CRITICAL
4873,0.911462001738498,High,BLOCK_AND_ISOLATE,CRITICAL
4874,0.9037081990523964,High,BLOCK_AND_ISOLATE,CRITICAL
4875,0.9232841699688988,High,BLOCK_AND_ISOLATE,CRITICAL
4876,0.9058163705545808,High,BLOCK_AND_ISOLATE,CRITICAL
4877,0.8945857396461033,High,BLOCK_AND_ISOLATE,CRITICAL
4878,0.9323333746409724,High,BLOCK_AND_ISOLATE,CRITICAL
4879,0.9038942091104196,High,BLOCK_AND_ISOLATE,CRITICAL
4880,0.9025505463502064,High,BLOCK_AND_ISOLATE,CRITICAL
4881,0.9093263475087332,High,BLOCK_AND_ISOLATE,CRITICAL
4882,0.9230217206508572,High,BLOCK_AND_ISOLATE,CRITICAL
4883,0.92664346872622,High,BLOCK_AND_ISOLATE,CRITICAL
4884,0.8962505448193859,High,BLOCK_AND_ISOLATE,CRITICAL
4885,0.9144476161938392,High,BLOCK_AND_ISOLATE,CRITICAL
4886,0.9050218650710096,High,BLOCK_AND_ISOLATE,CRITICAL
4887,0.9059200016695064,High,BLOCK_AND_ISOLATE,CRITICAL
4888,0.9325655817985534,High,BLOCK_AND_ISOLATE,CRITICAL
4889,0.9062621424439848,High,BLOCK_AND_ISOLATE,CRITICAL
4890,0.9060736427087194,High,BLOCK_AND_ISOLATE,CRITICAL
4891,0.908824606981164,High,BLOCK_AND_ISOLATE,CRITICAL
4892,0.9002884465271591,High,BLOCK_AND_ISOLATE,CRITICAL
4893,0.9049694142875386,High,BLOCK_AND_ISOLATE,CRITICAL
4894,0.9060663236813072,High,BLOCK_AND_ISOLATE,CRITICAL
4895,0.9246734361490064,High,BLOCK_AND_ISOLATE,CRITICAL
4896,0.9229968778499312,High,BLOCK_AND_ISOLATE,CRITICAL
4897,0.8663768449999453,High,BLOCK_AND_ISOLATE,CRITICAL
4898,0.8962558496327709,High,BLOCK_AND_ISOLATE,CRITICAL
4899,0.926065856870986,High,BLOCK_AND_ISOLATE,CRITICAL
4900,0.9061846172556264,High,BLOCK_AND_ISOLATE,CRITICAL
4901,0.8933526423762814,High,BLOCK_AND_ISOLATE,CRITICAL
4902,0.9259721321913816,High,BLOCK_AND_ISOLATE,CRITICAL
4903,0.8955009879547696,High,BLOCK_AND_ISOLATE,CRITICAL
4904,0.8927983821135718,High,BLOCK_AND_ISOLATE,CRITICAL
4905,0.9294099236993776,High,BLOCK_AND_ISOLATE,CRITICAL
4906,0.896248935493977,High,BLOCK_AND_ISOLATE,CRITICAL
4907,0.8965422915756142,High,BLOCK_AND_ISOLATE,CRITICAL
4908,0.896541814738456,High,BLOCK_AND_ISOLATE,CRITICAL
4909,0.900099549071847,High,BLOCK_AND_ISOLATE,CRITICAL
4910,0.909808701857982,High,BLOCK_AND_ISOLATE,CRITICAL
4911,0.8958539866402232,High,BLOCK_AND_ISOLATE,CRITICAL
4912,0.9322151958942412,High,BLOCK_AND_ISOLATE,CRITICAL
4913,0.9240432537529716,High,BLOCK_AND_ISOLATE,CRITICAL
4914,0.9325460016727448,High,BLOCK_AND_ISOLATE,CRITICAL
4915,0.905929657667722,High,BLOCK_AND_ISOLATE,CRITICAL
4916,0.89750881428777,High,BLOCK_AND_ISOLATE,CRITICAL
4917,0.9213893964491264,High,BLOCK_AND_ISOLATE,CRITICAL
4918,0.9105197802848434,High,BLOCK_AND_ISOLATE,CRITICAL
4919,0.9288042825657056,High,BLOCK_AND_ISOLATE,CRITICAL
4920,0.9259771687838652,High,BLOCK_AND_ISOLATE,CRITICAL
4921,0.9234232878628555,High,BLOCK_AND_ISOLATE,CRITICAL
4922,0.9239554763459326,High,BLOCK_AND_ISOLATE,CRITICAL
4923,0.8955004515129666,High,BLOCK_AND_ISOLATE,CRITICAL
4924,0.8960777461537425,High,BLOCK_AND_ISOLATE,CRITICAL
4925,0.9168263287289632,High,BLOCK_AND_ISOLATE,CRITICAL
4926,0.896248935493977,High,BLOCK_AND_ISOLATE,CRITICAL
4927,0.8986460466306762,High,BLOCK_AND_ISOLATE,CRITICAL
4928,0.9175225615501404,High,BLOCK_AND_ISOLATE,CRITICAL
4929,0.9057729224991136,High,BLOCK_AND_ISOLATE,CRITICAL
4930,0.9030319917140376,High,BLOCK_AND_ISOLATE,CRITICAL
4931,0.9234504796991598,High,BLOCK_AND_ISOLATE,CRITICAL
4932,0.9133350828913672,High,BLOCK_AND_ISOLATE,CRITICAL
4933,0.9010257371381346,High,BLOCK_AND_ISOLATE,CRITICAL
4934,0.8453138938986969,High,BLOCK_AND_ISOLATE,CRITICAL
4935,0.9071775360614932,High,BLOCK_AND_ISOLATE,CRITICAL
4936,0.8960727989682261,High,BLOCK_AND_ISOLATE,CRITICAL
4937,0.9141635151775456,High,BLOCK_AND_ISOLATE,CRITICAL
4938,0.9232914321615172,High,BLOCK_AND_ISOLATE,CRITICAL
4939,0.8962558496327709,High,BLOCK_AND_ISOLATE,CRITICAL
4940,0.8922036698679817,High,BLOCK_AND_ISOLATE,CRITICAL
4941,0.896545510226432,High,BLOCK_AND_ISOLATE,CRITICAL
4942,0.9180998660529536,High,BLOCK_AND_ISOLATE,CRITICAL
4943,0.8975831303355649,High,BLOCK_AND_ISOLATE,CRITICAL
4944,0.923647169713134,High,BLOCK_AND_ISOLATE,CRITICAL
4945,0.9005860291985185,High,BLOCK_AND_ISOLATE,CRITICAL
4946,0.8955009879547696,High,BLOCK_AND_ISOLATE,CRITICAL
4947,0.8962558496327709,High,BLOCK_AND_ISOLATE,CRITICAL
4948,0.900279446734206,High,BLOCK_AND_ISOLATE,CRITICAL
4949,0.895705271638691,High,BLOCK_AND_ISOLATE,CRITICAL
4950,0.9172272664110278,High,BLOCK_AND_ISOLATE,CRITICAL
4951,0.898198635125219,High,BLOCK_AND_ISOLATE,CRITICAL
4952,0.9132675368394888,High,BLOCK_AND_ISOLATE,CRITICAL
4953,0.9163046142290008,High,BLOCK_AND_ISOLATE,CRITICAL
4954,0.914906951925962,High,BLOCK_AND_ISOLATE,CRITICAL
4955,0.9039585061314348,High,BLOCK_AND_ISOLATE,CRITICAL
4956,0.9223559775395076,High,BLOCK_AND_ISOLATE,CRITICAL
4957,0.8971192796185962,High,BLOCK_AND_ISOLATE,CRITICAL
4958,0.922177168631351,High,BLOCK_AND_ISOLATE,CRITICAL
4959,0.9039105109807658,High,BLOCK_AND_ISOLATE,CRITICAL
4960,0.924039290044094,High,BLOCK_AND_ISOLATE,CRITICAL
4961,0.8952341281787675,High,BLOCK_AND_ISOLATE,CRITICAL
4962,0.9017939419243748,High,BLOCK_AND_ISOLATE,CRITICAL
4963,0.9036583523322452,High,BLOCK_AND_ISOLATE,CRITICAL
4964,0.9062552283051908,High,BLOCK_AND_ISOLATE,CRITICAL
4965,0.9065087026908198,High,BLOCK_AND_ISOLATE,CRITICAL
4966,0.9243958920640064,High,BLOCK_AND_ISOLATE,CRITICAL
4967,0.9062621424439848,High,BLOCK_AND_ISOLATE,CRITICAL
4968,0.900259295856855,High,BLOCK_AND_ISOLATE,CRITICAL
4969,0.9066118425799418,High,BLOCK_AND_ISOLATE,CRITICAL
4970,0.7622640370166204,High,BLOCK_AND_ISOLATE,CRITICAL
4971,0.8971251208737842,High,BLOCK_AND_ISOLATE,CRITICAL
4972,0.9230317424260108,High,BLOCK_AND_ISOLATE,CRITICAL
4973,0.925932839739336,High,BLOCK_AND_ISOLATE,CRITICAL
4974,0.9060736427087194,High,BLOCK_AND_ISOLATE,CRITICAL
4975,0.9325656414031982,High,BLOCK_AND_ISOLATE,CRITICAL
4976,0.9259771687838652,High,BLOCK_AND_ISOLATE,CRITICAL
4977,0.9059233693319364,High,BLOCK_AND_ISOLATE,CRITICAL
4978,0.9102338874248542,High,BLOCK_AND_ISOLATE,CRITICAL
4979,0.8969421450839155,High,BLOCK_AND_ISOLATE,CRITICAL
4980,0.8991288742958566,High,BLOCK_AND_ISOLATE,CRITICAL
4981,0.9028526169296808,High,BLOCK_AND_ISOLATE,CRITICAL
4982,0.8925549811458116,High,BLOCK_AND_ISOLATE,CRITICAL
4983,0.9196119980465496,High,BLOCK_AND_ISOLATE,CRITICAL
4984,0.9252896208154582,High,BLOCK_AND_ISOLATE,CRITICAL
4985,0.9240427769158132,High,BLOCK_AND_ISOLATE,CRITICAL
4986,0.8598872277603186,High,BLOCK_AND_ISOLATE,CRITICAL
4987,0.9031729230753032,High,BLOCK_AND_ISOLATE,CRITICAL
4988,0.9308679694468824,High,BLOCK_AND_ISOLATE,CRITICAL
4989,0.8971201325954162,High,BLOCK_AND_ISOLATE,CRITICAL
4990,0.8955009879547696,High,BLOCK_AND_ISOLATE,CRITICAL
4991,0.9258596155967674,High,BLOCK_AND_ISOLATE,CRITICAL
4992,0.9192646035445188,High,BLOCK_AND_ISOLATE,CRITICAL
4993,0.894507389095064,High,BLOCK_AND_ISOLATE,CRITICAL
4994,0.9059939752804376,High,BLOCK_AND_ISOLATE,CRITICAL
4995,0.9062621424439848,High,BLOCK_AND_ISOLATE,CRITICAL
4996,0.9064266192623724,High,BLOCK_AND_ISOLATE,CRITICAL
4997,0.9136779146174469,High,BLOCK_AND_ISOLATE,CRITICAL
4998,0.9057729224991136,High,BLOCK_AND_ISOLATE,CRITICAL
4999,0.9235023867966184,High,BLOCK_AND_ISOLATE,CRITICAL
